cluster_rep	representative_length	length_stratum_stage1	source_pool	annotation_status
A0A023W0V6	74	30-75	divergent_non_v2b	missing_pfam
A0A059U906	54	30-75	reference	not_v2a
A0A068B409	40	30-75	divergent_non_v2b	shared_pfam
A0A088BP94	73	30-75	reference	not_v2a
A0A0A0V633	71	30-75	divergent_non_v2b	missing_pfam
A0A0A0VBR5	71	30-75	divergent_non_v2b	missing_pfam
A0A0F6QDA5	31	30-75	reference	not_v2a
A0A0N7CSQ4	68	30-75	reference	not_v2a
A0A0N7KBN8	75	30-75	reference	not_v2a
A0A0P0UTJ1	62	30-75	divergent_non_v2b	missing_pfam
A0A0R4I952	37	30-75	divergent_non_v2b	missing_pfam
A0A125S9G2	75	30-75	divergent_non_v2b	missing_pfam
A0A125S9G3	74	30-75	divergent_non_v2b	missing_pfam
A0A218QX39	70	30-75	reference	not_v2a
A0A218QXT6	65	30-75	reference	not_v2a
A0A2K8JW87	63	30-75	divergent_non_v2b	missing_pfam
A0A346CED7	68	30-75	reference	not_v2a
A0A3G3C7T9	65	30-75	reference	not_v2a
A0A3G3C7W0	58	30-75	divergent_non_v2b	missing_pfam
A0A6B9KZ66	68	30-75	divergent_non_v2b	missing_pfam
A0A6B9L4Z7	59	30-75	reference	not_v2a
A0A6G9KHD3	37	30-75	divergent_non_v2b	missing_pfam
A0A6G9KIR5	60	30-75	divergent_non_v2b	missing_pfam
A0A6I8WFP9	32	30-75	divergent_non_v2b	missing_pfam
A0A6M3Z4D9	72	30-75	reference	not_v2a
A0A6M3Z541	53	30-75	divergent_non_v2b	missing_pfam
A0A6M6RE84	57	30-75	reference	not_v2a
A2IAB2	59	30-75	divergent_non_v2b	missing_pfam
A2IAD0	73	30-75	divergent_non_v2b	missing_pfam
A9UH01	43	30-75	reference	not_v2a
B1P1B3	74	30-75	reference	not_v2a
B1P1D3	65	30-75	reference	not_v2a
B2CS62	35	30-75	divergent_non_v2b	missing_pfam
B2ZG38	74	30-75	reference	not_v2a
B3EWI9	31	30-75	reference	not_v2a
B3EWS9	38	30-75	divergent_non_v2b	missing_pfam
B3EWT2	40	30-75	reference	not_v2a
B4YSU8	74	30-75	reference	not_v2a
B8XH47	62	30-75	divergent_non_v2b	missing_pfam
C0HJP9	45	30-75	reference	not_v2a
C0HKB2	33	30-75	reference	not_v2a
C0HL38	60	30-75	divergent_non_v2b	missing_pfam
C0HLF5	48	30-75	divergent_non_v2b	missing_pfam
C0HLG4	68	30-75	divergent_non_v2b	missing_pfam
C0HLZ4	50	30-75	divergent_non_v2b	missing_pfam
C5J894	75	30-75	divergent_non_v2b	missing_pfam
C7DQC1	63	30-75	reference	not_v2a
D0PX85	73	30-75	divergent_non_v2b	missing_pfam
D1MEJ0	52	30-75	reference	not_v2a
D1MEJ3	62	30-75	reference	not_v2a
D2Y101	68	30-75	divergent_non_v2b	missing_pfam
D2Y168	61	30-75	divergent_non_v2b	missing_pfam
D2Y172	66	30-75	reference	not_v2a
D2Y174	65	30-75	reference	not_v2a
D2Y3T1	65	30-75	divergent_non_v2b	missing_pfam
D5KR59	65	30-75	reference	not_v2a
D6C4H5	60	30-75	reference	not_v2a
D6C4I4	36	30-75	divergent_non_v2b	missing_pfam
D6C4J7	73	30-75	reference	not_v2a
D6C4K3	70	30-75	divergent_non_v2b	missing_pfam
D6C4K4	45	30-75	divergent_non_v2b	missing_pfam
D6C4L9	73	30-75	divergent_non_v2b	missing_pfam
D9U2B3	54	30-75	divergent_non_v2b	missing_pfam
E4VP41	63	30-75	reference	not_v2a
I6RA76	64	30-75	divergent_non_v2b	missing_pfam
I6RU32	74	30-75	reference	not_v2a
I6S7H3	74	30-75	divergent_non_v2b	missing_pfam
L0GBR1	68	30-75	reference	not_v2a
O46167	68	30-75	divergent_non_v2b	missing_pfam
O96669	45	30-75	divergent_non_v2b	missing_pfam
P01413	61	30-75	reference	not_v2a
P09949	32	30-75	divergent_non_v2b	shared_pfam
P0C1C8	31	30-75	divergent_non_v2b	missing_pfam
P0C1G1	46	30-75	divergent_non_v2b	missing_pfam
P0C1M8	38	30-75	divergent_non_v2b	missing_pfam
P0C1T7	71	30-75	divergent_non_v2b	missing_pfam
P0C1X3	38	30-75	divergent_non_v2b	missing_pfam
P0C1X5	34	30-75	reference	not_v2a
P0C248	63	30-75	reference	not_v2a
P0C252	39	30-75	reference	not_v2a
P0C255	44	30-75	divergent_non_v2b	shared_pfam
P0C2K3	36	30-75	divergent_non_v2b	missing_pfam
P0C2K6	35	30-75	divergent_non_v2b	missing_pfam
P0C352	32	30-75	divergent_non_v2b	missing_pfam
P0C607	75	30-75	reference	not_v2a
P0C832	37	30-75	divergent_non_v2b	missing_pfam
P0C844	35	30-75	divergent_non_v2b	missing_pfam
P0C8B7	31	30-75	divergent_non_v2b	missing_pfam
P0C8D4	30	30-75	divergent_non_v2b	missing_pfam
P0C8V0	58	30-75	reference	not_v2a
P0CC14	32	30-75	divergent_non_v2b	missing_pfam
P0CF38	56	30-75	divergent_non_v2b	missing_pfam
P0CH18	32	30-75	divergent_non_v2b	missing_pfam
P0CH20	32	30-75	divergent_non_v2b	missing_pfam
P0CH54	34	30-75	reference	not_v2a
P0CH58	56	30-75	divergent_non_v2b	missing_pfam
P0CH78	32	30-75	divergent_non_v2b	missing_pfam
P0CI12	35	30-75	divergent_non_v2b	missing_pfam
P0CI15	43	30-75	divergent_non_v2b	shared_pfam
P0CI16	41	30-75	divergent_non_v2b	missing_pfam
P0CI18	31	30-75	divergent_non_v2b	missing_pfam
P0CI19	36	30-75	divergent_non_v2b	missing_pfam
P0CI21	38	30-75	divergent_non_v2b	missing_pfam
P0CI86	60	30-75	reference	not_v2a
P0CI87	64	30-75	divergent_non_v2b	missing_pfam
P0CI88	58	30-75	reference	not_v2a
P0CY70	56	30-75	reference	not_v2a
P0CY76	36	30-75	divergent_non_v2b	missing_pfam
P0DJ41	72	30-75	divergent_non_v2b	missing_pfam
P0DJB4	31	30-75	divergent_non_v2b	missing_pfam
P0DJB6	44	30-75	divergent_non_v2b	missing_pfam
P0DJC0	34	30-75	divergent_non_v2b	missing_pfam
P0DKM2	70	30-75	divergent_non_v2b	missing_pfam
P0DKM4	37	30-75	divergent_non_v2b	missing_pfam
P0DKN5	34	30-75	divergent_non_v2b	missing_pfam
P0DKT6	35	30-75	reference	not_v2a
P0DL60	69	30-75	reference	not_v2a
P0DL61	64	30-75	divergent_non_v2b	missing_pfam
P0DL62	39	30-75	divergent_non_v2b	missing_pfam
P0DM15	32	30-75	divergent_non_v2b	missing_pfam
P0DM27	72	30-75	divergent_non_v2b	missing_pfam
P0DMX4	40	30-75	reference	not_v2a
P0DN05	70	30-75	reference	not_v2a
P0DN46	62	30-75	divergent_non_v2b	missing_pfam
P0DN59	72	30-75	divergent_non_v2b	missing_pfam
P0DP97	33	30-75	reference	not_v2a
P0DPU9	67	30-75	divergent_non_v2b	missing_pfam
P0DPV7	52	30-75	divergent_non_v2b	missing_pfam
P0DPV8	70	30-75	divergent_non_v2b	missing_pfam
P0DPW2	60	30-75	divergent_non_v2b	missing_pfam
P0DPX4	70	30-75	divergent_non_v2b	missing_pfam
P0DPZ1	74	30-75	divergent_non_v2b	missing_pfam
P0DQB3	61	30-75	divergent_non_v2b	missing_pfam
P0DQB8	73	30-75	reference	not_v2a
P0DQF1	70	30-75	divergent_non_v2b	missing_pfam
P0DQI8	51	30-75	divergent_non_v2b	missing_pfam
P0DQI9	57	30-75	divergent_non_v2b	missing_pfam
P0DQU3	34	30-75	reference	not_v2a
P0DRC2	67	30-75	divergent_non_v2b	missing_pfam
P0DRD5	67	30-75	reference	not_v2a
P0DRH7	68	30-75	divergent_non_v2b	missing_pfam
P0DRH8	36	30-75	divergent_non_v2b	shared_pfam
P0DRL6	64	30-75	reference	not_v2a
P0DRN1	39	30-75	divergent_non_v2b	missing_pfam
P0DSI4	56	30-75	reference	not_v2a
P0DSI6	54	30-75	reference	not_v2a
P0DSK1	46	30-75	divergent_non_v2b	missing_pfam
P0DSL3	40	30-75	divergent_non_v2b	missing_pfam
P0DSL6	53	30-75	divergent_non_v2b	missing_pfam
P0DTX5	55	30-75	divergent_non_v2b	missing_pfam
P0DTY1	50	30-75	reference	not_v2a
P0DTY3	66	30-75	reference	not_v2a
P0DUA1	57	30-75	reference	not_v2a
P0DUA8	39	30-75	reference	not_v2a
P0DUB0	73	30-75	divergent_non_v2b	shared_pfam
P0DUG4	48	30-75	reference	not_v2a
P0DUQ8	71	30-75	divergent_non_v2b	missing_pfam
P0DUS2	35	30-75	divergent_non_v2b	missing_pfam
P0DUS4	36	30-75	divergent_non_v2b	missing_pfam
P0DUS5	57	30-75	divergent_non_v2b	missing_pfam
P0DUS8	59	30-75	divergent_non_v2b	missing_pfam
P0DUT0	46	30-75	divergent_non_v2b	missing_pfam
P0DUT1	36	30-75	divergent_non_v2b	missing_pfam
P0DUT5	37	30-75	divergent_non_v2b	missing_pfam
P0DUT6	66	30-75	divergent_non_v2b	missing_pfam
P0DV97	47	30-75	divergent_non_v2b	missing_pfam
P0DW84	65	30-75	reference	not_v2a
P0DX49	39	30-75	divergent_non_v2b	missing_pfam
P0DXA1	71	30-75	divergent_non_v2b	missing_pfam
P0DXW7	56	30-75	divergent_non_v2b	missing_pfam
P0DXZ4	52	30-75	divergent_non_v2b	missing_pfam
P0DXZ5	56	30-75	divergent_non_v2b	missing_pfam
P0DY25	61	30-75	reference	not_v2a
P0DYB2	62	30-75	reference	not_v2a
P11495	36	30-75	divergent_non_v2b	missing_pfam
P18692	35	30-75	reference	not_v2a
P20655	30	30-75	divergent_non_v2b	missing_pfam
P24778	63	30-75	reference	not_v2a
P36235	60	30-75	divergent_non_v2b	missing_pfam
P36989	46	30-75	divergent_non_v2b	missing_pfam
P36990	49	30-75	divergent_non_v2b	missing_pfam
P49271	32	30-75	divergent_non_v2b	missing_pfam
P58296	63	30-75	reference	not_v2a
P58605	49	30-75	divergent_non_v2b	missing_pfam
P58625	30	30-75	divergent_non_v2b	missing_pfam
P58804	33	30-75	divergent_non_v2b	missing_pfam
P60514	40	30-75	reference	not_v2a
P60979	74	30-75	divergent_non_v2b	missing_pfam
P61233	43	30-75	divergent_non_v2b	missing_pfam
P68423	34	30-75	reference	not_v2a
P69391	56	30-75	divergent_non_v2b	missing_pfam
P69944	59	30-75	divergent_non_v2b	missing_pfam
P83301	33	30-75	reference	not_v2a
P83588	39	30-75	reference	not_v2a
P83619	35	30-75	reference	not_v2a
P83895	45	30-75	divergent_non_v2b	missing_pfam
P83910	36	30-75	reference	not_v2a
P83999	47	30-75	reference	not_v2a
P84189	72	30-75	divergent_non_v2b	missing_pfam
P84197	44	30-75	divergent_non_v2b	missing_pfam
P84756	55	30-75	reference	not_v2a
P85060	30	30-75	reference	not_v2a
P85267	31	30-75	reference	not_v2a
P85506	40	30-75	reference	not_v2a
P86166	34	30-75	divergent_non_v2b	missing_pfam
P86330	32	30-75	divergent_non_v2b	missing_pfam
P86421	59	30-75	reference	not_v2a
P86436	34	30-75	reference	not_v2a
P86463	33	30-75	reference	not_v2a
P86543	33	30-75	divergent_non_v2b	missing_pfam
P86876	32	30-75	divergent_non_v2b	missing_pfam
Q26464	75	30-75	reference	not_v2a
Q2I2P4	73	30-75	reference	not_v2a
Q2I2R5	64	30-75	reference	not_v2a
Q3C257	72	30-75	divergent_non_v2b	missing_pfam
Q3SAX8	45	30-75	divergent_non_v2b	shared_pfam
Q45RU8	44	30-75	reference	not_v2a
Q4PMX3	60	30-75	divergent_non_v2b	missing_pfam
Q5UB45	72	30-75	divergent_non_v2b	missing_pfam
Q5Y4U7	70	30-75	reference	not_v2a
Q5Y4W0	74	30-75	divergent_non_v2b	missing_pfam
Q5Y4Y0	70	30-75	reference	not_v2a
Q66S08	71	30-75	divergent_non_v2b	missing_pfam
Q7LZG3	34	30-75	divergent_non_v2b	missing_pfam
Q7M4K5	37	30-75	divergent_non_v2b	shared_pfam
Q7Z098	46	30-75	reference	not_v2a
Q86QV1	47	30-75	reference	not_v2a
Q8MQL0	59	30-75	reference	not_v2a
Q8QGP7	53	30-75	reference	not_v2a
Q8T3S6	64	30-75	divergent_non_v2b	missing_pfam
Q9BPB3	35	30-75	divergent_non_v2b	missing_pfam
Q9TVX3	61	30-75	reference	not_v2a
R4GUQ3	54	30-75	divergent_non_v2b	missing_pfam
S4S2C7	62	30-75	reference	not_v2a
A0A023W145	88	76-150	divergent_non_v2b	missing_pfam
A0A0B5ABE6	131	76-150	reference	not_v2a
A0A0F7Z3J2	144	76-150	divergent_non_v2b	missing_pfam
A0A0G3F8Z3	79	76-150	reference	not_v2a
A0A125S9D9	83	76-150	divergent_non_v2b	missing_pfam
A0A125S9F2	90	76-150	reference	not_v2a
A0A125S9F3	76	76-150	reference	not_v2a
A0A125S9F9	124	76-150	divergent_non_v2b	missing_pfam
A0A1D0BN92	148	76-150	divergent_non_v2b	missing_pfam
A0A1D0BPN8	82	76-150	divergent_non_v2b	missing_pfam
A0A1D0BRC1	109	76-150	divergent_non_v2b	missing_pfam
A0A1D0C028	110	76-150	reference	not_v2a
A0A1D0C0W1	132	76-150	divergent_non_v2b	missing_pfam
A0A1Q1NL17	101	76-150	divergent_non_v2b	shared_pfam
A0A1R3S3A8	98	76-150	divergent_non_v2b	missing_pfam
A0A1X9QHL1	79	76-150	reference	not_v2a
A0A346CIB0	86	76-150	reference	not_v2a
A0A348G5V8	81	76-150	reference	not_v2a
A0A3G1VU73	122	76-150	divergent_non_v2b	missing_pfam
A0A3G5BIC2	80	76-150	divergent_non_v2b	missing_pfam
A0A5J6K6K4	81	76-150	reference	not_v2a
A0A7S8MU78	87	76-150	divergent_non_v2b	missing_pfam
A0A7S8MU86	87	76-150	reference	not_v2a
A0A835CKX4	85	76-150	divergent_non_v2b	missing_pfam
A0A8K1YTT5	82	76-150	divergent_non_v2b	missing_pfam
A0A976XK90	140	76-150	divergent_non_v2b	missing_pfam
A0F0C2	86	76-150	reference	not_v2a
A2IA78	104	76-150	divergent_non_v2b	missing_pfam
A2IAD2	96	76-150	divergent_non_v2b	missing_pfam
A7RMN1	84	76-150	divergent_non_v2b	missing_pfam
B0L0Y6	107	76-150	divergent_non_v2b	missing_pfam
B1B5J0	86	76-150	divergent_non_v2b	shared_pfam
B1P1E9	77	76-150	reference	not_v2a
B1P1H8	94	76-150	divergent_non_v2b	missing_pfam
B1P1I5	110	76-150	divergent_non_v2b	missing_pfam
B1P1J4	134	76-150	divergent_non_v2b	missing_pfam
B3EWF3	86	76-150	reference	not_v2a
B6DCN0	107	76-150	reference	not_v2a
B6DD38	87	76-150	divergent_non_v2b	missing_pfam
B8XGZ8	98	76-150	reference	not_v2a
C5H8E7	98	76-150	divergent_non_v2b	missing_pfam
C7DQY0	84	76-150	reference	not_v2a
D2CFI7	123	76-150	divergent_non_v2b	shared_pfam
D2DGD8	83	76-150	reference	not_v2a
D2KKB4	143	76-150	divergent_non_v2b	missing_pfam
D2Y169	76	76-150	divergent_non_v2b	missing_pfam
D2Y2C1	97	76-150	reference	not_v2a
D2Y2D0	78	76-150	reference	not_v2a
D2Y2E6	84	76-150	reference	not_v2a
D2Y493	78	76-150	divergent_non_v2b	missing_pfam
D3JWK2	94	76-150	divergent_non_v2b	missing_pfam
D3JYA5	131	76-150	divergent_non_v2b	missing_pfam
D5KXG8	84	76-150	reference	not_v2a
D5KXG9	92	76-150	divergent_non_v2b	missing_pfam
D5KXH3	143	76-150	divergent_non_v2b	missing_pfam
D5KXH4	118	76-150	divergent_non_v2b	missing_pfam
D6C4I6	124	76-150	divergent_non_v2b	missing_pfam
D6C4J8	78	76-150	divergent_non_v2b	missing_pfam
D6C4M3	81	76-150	reference	not_v2a
D9U2B1	89	76-150	reference	not_v2a
E7CLP1	83	76-150	reference	not_v2a
H2CYP1	101	76-150	divergent_non_v2b	shared_pfam
I1C083	147	76-150	divergent_non_v2b	shared_pfam
I6S3A9	114	76-150	divergent_non_v2b	missing_pfam
I6S7G5	84	76-150	divergent_non_v2b	missing_pfam
O76198	115	76-150	reference	not_v2a
P00625	139	76-150	reference	not_v2a
P01527	95	76-150	divergent_non_v2b	missing_pfam
P0C1T6	85	76-150	divergent_non_v2b	missing_pfam
P0C1W3	93	76-150	divergent_non_v2b	missing_pfam
P0C1X4	85	76-150	divergent_non_v2b	missing_pfam
P0C201	86	76-150	divergent_non_v2b	missing_pfam
P0C2S7	93	76-150	reference	not_v2a
P0C6S0	83	76-150	reference	not_v2a
P0CI13	88	76-150	divergent_non_v2b	missing_pfam
P0CI14	88	76-150	reference	not_v2a
P0CY73	76	76-150	reference	not_v2a
P0DJE7	147	76-150	divergent_non_v2b	missing_pfam
P0DKM6	99	76-150	divergent_non_v2b	missing_pfam
P0DKN2	83	76-150	divergent_non_v2b	missing_pfam
P0DKN8	82	76-150	divergent_non_v2b	missing_pfam
P0DKP3	104	76-150	divergent_non_v2b	missing_pfam
P0DKP4	127	76-150	divergent_non_v2b	missing_pfam
P0DKQ7	146	76-150	divergent_non_v2b	missing_pfam
P0DKU2	145	76-150	reference	not_v2a
P0DL36	112	76-150	divergent_non_v2b	missing_pfam
P0DL38	77	76-150	reference	not_v2a
P0DM17	93	76-150	divergent_non_v2b	missing_pfam
P0DM24	76	76-150	reference	not_v2a
P0DMD8	86	76-150	divergent_non_v2b	missing_pfam
P0DN00	80	76-150	reference	not_v2a
P0DN04	86	76-150	divergent_non_v2b	shared_pfam
P0DN45	98	76-150	reference	not_v2a
P0DN48	96	76-150	divergent_non_v2b	missing_pfam
P0DN52	91	76-150	reference	not_v2a
P0DN57	85	76-150	divergent_non_v2b	missing_pfam
P0DN62	77	76-150	reference	not_v2a
P0DN64	91	76-150	divergent_non_v2b	missing_pfam
P0DN65	97	76-150	divergent_non_v2b	missing_pfam
P0DPE6	83	76-150	divergent_non_v2b	missing_pfam
P0DPG6	77	76-150	divergent_non_v2b	missing_pfam
P0DPV6	76	76-150	reference	not_v2a
P0DPV9	81	76-150	reference	not_v2a
P0DPW3	88	76-150	reference	not_v2a
P0DPW5	119	76-150	divergent_non_v2b	shared_pfam
P0DPW7	79	76-150	reference	not_v2a
P0DPY2	96	76-150	divergent_non_v2b	missing_pfam
P0DPZ0	79	76-150	reference	not_v2a
P0DPZ3	133	76-150	divergent_non_v2b	missing_pfam
P0DQB1	76	76-150	reference	not_v2a
P0DQC0	93	76-150	divergent_non_v2b	missing_pfam
P0DQE1	109	76-150	reference	not_v2a
P0DQE4	130	76-150	divergent_non_v2b	missing_pfam
P0DQE7	107	76-150	divergent_non_v2b	missing_pfam
P0DQF5	135	76-150	divergent_non_v2b	missing_pfam
P0DQF7	87	76-150	divergent_non_v2b	missing_pfam
P0DQF9	103	76-150	divergent_non_v2b	missing_pfam
P0DQG1	120	76-150	divergent_non_v2b	missing_pfam
P0DQG5	119	76-150	divergent_non_v2b	shared_pfam
P0DQG7	95	76-150	reference	not_v2a
P0DQR2	85	76-150	reference	not_v2a
P0DQR3	89	76-150	reference	not_v2a
P0DQR6	79	76-150	divergent_non_v2b	missing_pfam
P0DQX2	95	76-150	reference	not_v2a
P0DRC3	79	76-150	divergent_non_v2b	shared_pfam
P0DRC4	115	76-150	divergent_non_v2b	missing_pfam
P0DRC6	82	76-150	reference	not_v2a
P0DRD1	89	76-150	divergent_non_v2b	missing_pfam
P0DRI7	87	76-150	divergent_non_v2b	missing_pfam
P0DRI8	104	76-150	divergent_non_v2b	missing_pfam
P0DRM7	80	76-150	divergent_non_v2b	missing_pfam
P0DSL4	80	76-150	reference	not_v2a
P0DTJ9	78	76-150	divergent_non_v2b	missing_pfam
P0DW24	83	76-150	reference	not_v2a
P0DW66	133	76-150	divergent_non_v2b	missing_pfam
P0DX60	78	76-150	divergent_non_v2b	shared_pfam
P0DXW3	98	76-150	divergent_non_v2b	shared_pfam
P0DY19	115	76-150	reference	not_v2a
P0DY40	123	76-150	divergent_non_v2b	missing_pfam
P0DY41	88	76-150	divergent_non_v2b	shared_pfam
P0DY55	125	76-150	divergent_non_v2b	missing_pfam
P60976	80	76-150	reference	not_v2a
P81242	91	76-150	divergent_non_v2b	missing_pfam
P83056	97	76-150	reference	not_v2a
P83433	80	76-150	divergent_non_v2b	missing_pfam
P83560	105	76-150	reference	not_v2a
P83561	79	76-150	reference	not_v2a
P83562	82	76-150	reference	not_v2a
P84715	121	76-150	reference	not_v2a
P85842	86	76-150	divergent_non_v2b	missing_pfam
P86500	83	76-150	divergent_non_v2b	missing_pfam
P86916	89	76-150	divergent_non_v2b	missing_pfam
Q01747	147	76-150	divergent_non_v2b	missing_pfam
Q06KA5	142	76-150	divergent_non_v2b	shared_pfam
Q09JW3	107	76-150	reference	not_v2a
Q0GY40	95	76-150	reference	not_v2a
Q0GY41	79	76-150	reference	not_v2a
Q1ELU2	82	76-150	reference	not_v2a
Q1ELU7	116	76-150	divergent_non_v2b	shared_pfam
Q2XXL8	125	76-150	reference	not_v2a
Q3BK13	128	76-150	reference	not_v2a
Q3C255	83	76-150	divergent_non_v2b	missing_pfam
Q4PN35	88	76-150	divergent_non_v2b	missing_pfam
Q53I06	95	76-150	divergent_non_v2b	shared_pfam
Q5F1N4	78	76-150	divergent_non_v2b	missing_pfam
Q5MJP5	90	76-150	reference	not_v2a
Q5WPZ4	115	76-150	divergent_non_v2b	missing_pfam
Q5Y4U2	114	76-150	reference	not_v2a
Q5Y4U4	99	76-150	divergent_non_v2b	missing_pfam
Q6B4T5	101	76-150	divergent_non_v2b	missing_pfam
Q75WH1	99	76-150	reference	not_v2a
Q75WH3	77	76-150	reference	not_v2a
Q82055	150	76-150	divergent_non_v2b	missing_pfam
Q8JFX8	96	76-150	reference	not_v2a
Q8WPG5	134	76-150	reference	not_v2a
Q9BPA1	91	76-150	reference	not_v2a
Q9PTA7	133	76-150	reference	not_v2a
Q9XYR5	76	76-150	reference	not_v2a
V5V9Y7	87	76-150	reference	not_v2a
W4VSG7	77	76-150	divergent_non_v2b	missing_pfam
W4VSI5	121	76-150	reference	not_v2a
A0A0B4J184	21	<30	divergent_non_v2b	missing_pfam
B3A0N1	15	<30	divergent_non_v2b	missing_pfam
B3EWH2	21	<30	divergent_non_v2b	missing_pfam
B3EWN1	29	<30	reference	not_v2a
B3EWR3	10	<30	divergent_non_v2b	missing_pfam
B3EWU7	9	<30	divergent_non_v2b	missing_pfam
B3EWU8	9	<30	divergent_non_v2b	missing_pfam
B3EWU9	24	<30	divergent_non_v2b	missing_pfam
B3EWV8	20	<30	reference	not_v2a
B3EWW2	9	<30	divergent_non_v2b	missing_pfam
B3EWW7	21	<30	reference	not_v2a
B3EWX3	13	<30	divergent_non_v2b	missing_pfam
C0HJB4	29	<30	reference	not_v2a
C0HJD9	17	<30	divergent_non_v2b	missing_pfam
C0HJH7	28	<30	divergent_non_v2b	missing_pfam
C0HKA9	9	<30	divergent_non_v2b	missing_pfam
C0HKB3	28	<30	reference	not_v2a
C0HKK6	17	<30	divergent_non_v2b	missing_pfam
C0HKY3	11	<30	divergent_non_v2b	missing_pfam
C0HKY4	11	<30	divergent_non_v2b	missing_pfam
C0HKY5	10	<30	divergent_non_v2b	missing_pfam
C0HKY6	16	<30	divergent_non_v2b	missing_pfam
C0HKY7	17	<30	divergent_non_v2b	missing_pfam
C0HKZ1	16	<30	divergent_non_v2b	missing_pfam
C0HL88	12	<30	divergent_non_v2b	missing_pfam
C0HLF9	26	<30	divergent_non_v2b	missing_pfam
C0HLM2	14	<30	divergent_non_v2b	shared_pfam
C0HLZ7	17	<30	divergent_non_v2b	missing_pfam
C0HM22	27	<30	divergent_non_v2b	missing_pfam
C7T1P3	26	<30	divergent_non_v2b	missing_pfam
D6C4H6	28	<30	divergent_non_v2b	missing_pfam
D6C4J2	20	<30	divergent_non_v2b	missing_pfam
D6C4J9	28	<30	divergent_non_v2b	missing_pfam
P01516	14	<30	divergent_non_v2b	shared_pfam
P01518	13	<30	divergent_non_v2b	missing_pfam
P07496	17	<30	divergent_non_v2b	missing_pfam
P0C023	23	<30	divergent_non_v2b	missing_pfam
P0C1C9	28	<30	reference	not_v2a
P0C1H1	20	<30	divergent_non_v2b	missing_pfam
P0C1M3	13	<30	divergent_non_v2b	missing_pfam
P0C1M5	13	<30	divergent_non_v2b	shared_pfam
P0C1Q5	14	<30	divergent_non_v2b	missing_pfam
P0C1Q9	15	<30	divergent_non_v2b	missing_pfam
P0C1R2	22	<30	divergent_non_v2b	missing_pfam
P0C249	8	<30	divergent_non_v2b	missing_pfam
P0C260	14	<30	divergent_non_v2b	missing_pfam
P0C2A2	26	<30	divergent_non_v2b	missing_pfam
P0C2F2	11	<30	divergent_non_v2b	missing_pfam
P0C2K5	7	<30	divergent_non_v2b	missing_pfam
P0C2K7	8	<30	divergent_non_v2b	missing_pfam
P0C2K8	7	<30	divergent_non_v2b	missing_pfam
P0C2K9	9	<30	divergent_non_v2b	missing_pfam
P0C424	16	<30	divergent_non_v2b	missing_pfam
P0C5G7	14	<30	divergent_non_v2b	shared_pfam
P0C5J8	17	<30	divergent_non_v2b	missing_pfam
P0C5S7	15	<30	divergent_non_v2b	missing_pfam
P0C642	12	<30	divergent_non_v2b	missing_pfam
P0C7J7	11	<30	divergent_non_v2b	missing_pfam
P0C7J8	11	<30	divergent_non_v2b	missing_pfam
P0C7J9	11	<30	divergent_non_v2b	missing_pfam
P0C7K0	11	<30	divergent_non_v2b	missing_pfam
P0C7K1	11	<30	divergent_non_v2b	missing_pfam
P0C7K2	11	<30	divergent_non_v2b	missing_pfam
P0C7S4	9	<30	divergent_non_v2b	missing_pfam
P0C8C3	9	<30	divergent_non_v2b	missing_pfam
P0C8C4	14	<30	divergent_non_v2b	missing_pfam
P0C8C7	18	<30	divergent_non_v2b	missing_pfam
P0C8D0	10	<30	divergent_non_v2b	missing_pfam
P0C8D3	15	<30	divergent_non_v2b	missing_pfam
P0C8E0	19	<30	divergent_non_v2b	missing_pfam
P0C8I8	12	<30	divergent_non_v2b	missing_pfam
P0C8J1	13	<30	divergent_non_v2b	missing_pfam
P0C8J5	16	<30	reference	not_v2a
P0C8S6	23	<30	divergent_non_v2b	missing_pfam
P0C8U3	13	<30	divergent_non_v2b	missing_pfam
P0C8V3	23	<30	divergent_non_v2b	missing_pfam
P0C931	15	<30	divergent_non_v2b	missing_pfam
P0CAR5	27	<30	reference	not_v2a
P0CAR8	21	<30	divergent_non_v2b	missing_pfam
P0CAS1	21	<30	reference	not_v2a
P0CC11	20	<30	divergent_non_v2b	missing_pfam
P0CD69	19	<30	divergent_non_v2b	missing_pfam
P0CD70	17	<30	divergent_non_v2b	missing_pfam
P0CG45	25	<30	divergent_non_v2b	missing_pfam
P0CH17	29	<30	divergent_non_v2b	missing_pfam
P0CI09	29	<30	divergent_non_v2b	missing_pfam
P0CI10	29	<30	divergent_non_v2b	missing_pfam
P0CI17	27	<30	divergent_non_v2b	missing_pfam
P0CI22	12	<30	divergent_non_v2b	missing_pfam
P0CI41	13	<30	divergent_non_v2b	missing_pfam
P0CJ33	13	<30	divergent_non_v2b	missing_pfam
P0CJ36	15	<30	divergent_non_v2b	missing_pfam
P0CJ39	14	<30	divergent_non_v2b	missing_pfam
P0CU59	8	<30	divergent_non_v2b	missing_pfam
P0CU60	8	<30	divergent_non_v2b	missing_pfam
P0CV90	9	<30	divergent_non_v2b	missing_pfam
P0CY52	20	<30	divergent_non_v2b	missing_pfam
P0CY74	29	<30	divergent_non_v2b	missing_pfam
P0DI85	19	<30	reference	not_v2a
P0DI90	20	<30	divergent_non_v2b	missing_pfam
P0DJ96	19	<30	divergent_non_v2b	missing_pfam
P0DJB0	12	<30	divergent_non_v2b	missing_pfam
P0DJB2	28	<30	divergent_non_v2b	missing_pfam
P0DJB3	12	<30	divergent_non_v2b	missing_pfam
P0DJB7	28	<30	divergent_non_v2b	missing_pfam
P0DJB8	28	<30	reference	not_v2a
P0DJE8	10	<30	divergent_non_v2b	missing_pfam
P0DJF0	22	<30	divergent_non_v2b	missing_pfam
P0DJG7	15	<30	reference	not_v2a
P0DJH5	25	<30	divergent_non_v2b	missing_pfam
P0DJJ1	16	<30	divergent_non_v2b	missing_pfam
P0DJK4	11	<30	divergent_non_v2b	missing_pfam
P0DJK6	11	<30	divergent_non_v2b	missing_pfam
P0DJK7	10	<30	divergent_non_v2b	missing_pfam
P0DJL1	12	<30	divergent_non_v2b	missing_pfam
P0DJL6	14	<30	divergent_non_v2b	missing_pfam
P0DJP5	18	<30	divergent_non_v2b	missing_pfam
P0DJQ1	23	<30	reference	not_v2a
P0DKL7	23	<30	divergent_non_v2b	missing_pfam
P0DKN6	26	<30	divergent_non_v2b	missing_pfam
P0DKR4	20	<30	divergent_non_v2b	missing_pfam
P0DKX1	19	<30	reference	not_v2a
P0DKX2	10	<30	divergent_non_v2b	missing_pfam
P0DKZ3	7	<30	divergent_non_v2b	missing_pfam
P0DKZ4	8	<30	divergent_non_v2b	missing_pfam
P0DKZ5	12	<30	divergent_non_v2b	missing_pfam
P0DKZ6	13	<30	divergent_non_v2b	missing_pfam
P0DKZ8	7	<30	divergent_non_v2b	missing_pfam
P0DKZ9	13	<30	divergent_non_v2b	missing_pfam
P0DL00	11	<30	divergent_non_v2b	missing_pfam
P0DL04	11	<30	divergent_non_v2b	missing_pfam
P0DL05	11	<30	divergent_non_v2b	missing_pfam
P0DL32	11	<30	divergent_non_v2b	missing_pfam
P0DL39	16	<30	divergent_non_v2b	missing_pfam
P0DL71	8	<30	divergent_non_v2b	missing_pfam
P0DL76	9	<30	divergent_non_v2b	missing_pfam
P0DM45	23	<30	divergent_non_v2b	missing_pfam
P0DM46	15	<30	divergent_non_v2b	missing_pfam
P0DM54	12	<30	divergent_non_v2b	missing_pfam
P0DM71	19	<30	divergent_non_v2b	shared_pfam
P0DM72	10	<30	divergent_non_v2b	missing_pfam
P0DM73	10	<30	divergent_non_v2b	missing_pfam
P0DM74	10	<30	divergent_non_v2b	missing_pfam
P0DM98	9	<30	divergent_non_v2b	missing_pfam
P0DMA0	18	<30	divergent_non_v2b	missing_pfam
P0DMB3	16	<30	divergent_non_v2b	missing_pfam
P0DMG5	15	<30	divergent_non_v2b	missing_pfam
P0DMH4	20	<30	reference	not_v2a
P0DMM6	9	<30	divergent_non_v2b	missing_pfam
P0DMM7	10	<30	divergent_non_v2b	missing_pfam
P0DMV6	20	<30	reference	not_v2a
P0DOW6	25	<30	reference	not_v2a
P0DOZ1	27	<30	divergent_non_v2b	missing_pfam
P0DOZ2	18	<30	divergent_non_v2b	missing_pfam
P0DOZ4	17	<30	divergent_non_v2b	missing_pfam
P0DOZ6	18	<30	divergent_non_v2b	missing_pfam
P0DOZ9	17	<30	divergent_non_v2b	missing_pfam
P0DP00	22	<30	divergent_non_v2b	missing_pfam
P0DP10	15	<30	reference	not_v2a
P0DP13	8	<30	divergent_non_v2b	missing_pfam
P0DP14	8	<30	divergent_non_v2b	missing_pfam
P0DP17	8	<30	divergent_non_v2b	missing_pfam
P0DP18	10	<30	divergent_non_v2b	missing_pfam
P0DPJ6	17	<30	divergent_non_v2b	missing_pfam
P0DPK7	14	<30	divergent_non_v2b	missing_pfam
P0DPL4	9	<30	divergent_non_v2b	missing_pfam
P0DPL5	11	<30	divergent_non_v2b	missing_pfam
P0DPL6	12	<30	divergent_non_v2b	missing_pfam
P0DPL7	15	<30	divergent_non_v2b	missing_pfam
P0DPQ0	10	<30	divergent_non_v2b	missing_pfam
P0DPQ2	8	<30	divergent_non_v2b	missing_pfam
P0DQJ2	28	<30	divergent_non_v2b	missing_pfam
P0DQM7	9	<30	divergent_non_v2b	missing_pfam
P0DQM8	22	<30	divergent_non_v2b	missing_pfam
P0DQN0	14	<30	divergent_non_v2b	missing_pfam
P0DQQ5	21	<30	divergent_non_v2b	shared_pfam
P0DQQ6	14	<30	reference	not_v2a
P0DQU9	14	<30	divergent_non_v2b	missing_pfam
P0DQV5	15	<30	divergent_non_v2b	missing_pfam
P0DQY2	28	<30	divergent_non_v2b	missing_pfam
P0DQY6	25	<30	divergent_non_v2b	missing_pfam
P0DQZ0	7	<30	divergent_non_v2b	missing_pfam
P0DRA5	14	<30	divergent_non_v2b	missing_pfam
P0DRK1	11	<30	divergent_non_v2b	missing_pfam
P0DRL2	23	<30	divergent_non_v2b	missing_pfam
P0DRN2	18	<30	divergent_non_v2b	missing_pfam
P0DSL0	10	<30	divergent_non_v2b	missing_pfam
P0DSM3	20	<30	divergent_non_v2b	missing_pfam
P0DUC3	9	<30	divergent_non_v2b	missing_pfam
P0DUC4	7	<30	divergent_non_v2b	missing_pfam
P0DUC6	8	<30	divergent_non_v2b	missing_pfam
P0DUC8	7	<30	divergent_non_v2b	missing_pfam
P0DUJ4	28	<30	reference	not_v2a
P0DUQ9	9	<30	divergent_non_v2b	missing_pfam
P0DUR3	15	<30	divergent_non_v2b	missing_pfam
P0DUU1	9	<30	divergent_non_v2b	missing_pfam
P0DUU2	11	<30	divergent_non_v2b	missing_pfam
P0DUU3	11	<30	divergent_non_v2b	missing_pfam
P0DUU4	11	<30	divergent_non_v2b	missing_pfam
P0DUV1	10	<30	divergent_non_v2b	missing_pfam
P0DV07	15	<30	divergent_non_v2b	missing_pfam
P0DV16	25	<30	divergent_non_v2b	missing_pfam
P0DV81	10	<30	divergent_non_v2b	missing_pfam
P0DW31	20	<30	reference	not_v2a
P0DX32	14	<30	divergent_non_v2b	missing_pfam
P0DX36	14	<30	divergent_non_v2b	shared_pfam
P0DX46	14	<30	divergent_non_v2b	missing_pfam
P0DX50	11	<30	divergent_non_v2b	missing_pfam
P0DX51	11	<30	divergent_non_v2b	missing_pfam
P0DX65	9	<30	divergent_non_v2b	missing_pfam
P12797	11	<30	divergent_non_v2b	missing_pfam
P16093	16	<30	divergent_non_v2b	missing_pfam
P17231	13	<30	divergent_non_v2b	missing_pfam
P17232	13	<30	divergent_non_v2b	missing_pfam
P17234	13	<30	divergent_non_v2b	missing_pfam
P17235	13	<30	divergent_non_v2b	missing_pfam
P17236	14	<30	divergent_non_v2b	missing_pfam
P17237	13	<30	divergent_non_v2b	missing_pfam
P24159	27	<30	reference	not_v2a
P30424	11	<30	divergent_non_v2b	missing_pfam
P30426	10	<30	divergent_non_v2b	missing_pfam
P31010	19	<30	divergent_non_v2b	missing_pfam
P31351	10	<30	divergent_non_v2b	missing_pfam
P36987	24	<30	reference	not_v2a
P41736	26	<30	divergent_non_v2b	missing_pfam
P42716	14	<30	divergent_non_v2b	shared_pfam
P45668	24	<30	reference	not_v2a
P58305	21	<30	divergent_non_v2b	missing_pfam
P58785	8	<30	divergent_non_v2b	missing_pfam
P58805	12	<30	divergent_non_v2b	missing_pfam
P58810	13	<30	divergent_non_v2b	missing_pfam
P58843	25	<30	divergent_non_v2b	missing_pfam
P58916	28	<30	reference	not_v2a
P59072	11	<30	divergent_non_v2b	missing_pfam
P60245	24	<30	reference	not_v2a
P60265	14	<30	divergent_non_v2b	missing_pfam
P61507	25	<30	divergent_non_v2b	missing_pfam
P61508	27	<30	divergent_non_v2b	missing_pfam
P69035	14	<30	divergent_non_v2b	missing_pfam
P69437	12	<30	divergent_non_v2b	missing_pfam
P69835	25	<30	divergent_non_v2b	missing_pfam
P69838	24	<30	divergent_non_v2b	missing_pfam
P69842	13	<30	divergent_non_v2b	missing_pfam
P69847	25	<30	divergent_non_v2b	missing_pfam
P80326	27	<30	divergent_non_v2b	missing_pfam
P80750	20	<30	divergent_non_v2b	missing_pfam
P80924	19	<30	divergent_non_v2b	missing_pfam
P81727	27	<30	divergent_non_v2b	missing_pfam
P81864	5	<30	divergent_non_v2b	missing_pfam
P82423	25	<30	reference	not_v2a
P82425	26	<30	reference	not_v2a
P83047	9	<30	divergent_non_v2b	missing_pfam
P83244	28	<30	reference	not_v2a
P83245	28	<30	divergent_non_v2b	missing_pfam
P83323	18	<30	divergent_non_v2b	missing_pfam
P83390	27	<30	divergent_non_v2b	shared_pfam
P83572	25	<30	divergent_non_v2b	missing_pfam
P83659	11	<30	divergent_non_v2b	shared_pfam
P83660	16	<30	divergent_non_v2b	missing_pfam
P84073	14	<30	divergent_non_v2b	missing_pfam
P84388	14	<30	divergent_non_v2b	missing_pfam
P84389	14	<30	divergent_non_v2b	missing_pfam
P84470	15	<30	divergent_non_v2b	missing_pfam
P84471	15	<30	divergent_non_v2b	missing_pfam
P84472	14	<30	divergent_non_v2b	missing_pfam
P84676	10	<30	divergent_non_v2b	missing_pfam
P84678	8	<30	divergent_non_v2b	missing_pfam
P84679	10	<30	divergent_non_v2b	missing_pfam
P84681	10	<30	divergent_non_v2b	missing_pfam
P84682	10	<30	divergent_non_v2b	missing_pfam
P84683	9	<30	divergent_non_v2b	missing_pfam
P84686	10	<30	divergent_non_v2b	missing_pfam
P84689	10	<30	divergent_non_v2b	missing_pfam
P84691	10	<30	divergent_non_v2b	missing_pfam
P84692	10	<30	divergent_non_v2b	missing_pfam
P84694	10	<30	divergent_non_v2b	missing_pfam
P84700	8	<30	divergent_non_v2b	missing_pfam
P84713	13	<30	divergent_non_v2b	missing_pfam
P84745	11	<30	divergent_non_v2b	missing_pfam
P84747	12	<30	divergent_non_v2b	missing_pfam
P84773	9	<30	divergent_non_v2b	missing_pfam
P84823	12	<30	divergent_non_v2b	missing_pfam
P84825	9	<30	divergent_non_v2b	missing_pfam
P84851	23	<30	divergent_non_v2b	missing_pfam
P84892	8	<30	divergent_non_v2b	missing_pfam
P84893	8	<30	divergent_non_v2b	missing_pfam
P84902	27	<30	divergent_non_v2b	missing_pfam
P84935	11	<30	divergent_non_v2b	shared_pfam
P85005	15	<30	divergent_non_v2b	missing_pfam
P85006	28	<30	divergent_non_v2b	missing_pfam
P85012	13	<30	divergent_non_v2b	missing_pfam
P85016	17	<30	divergent_non_v2b	missing_pfam
P85017	16	<30	reference	not_v2a
P85018	19	<30	divergent_non_v2b	missing_pfam
P85025	12	<30	divergent_non_v2b	missing_pfam
P85038	11	<30	divergent_non_v2b	missing_pfam
P85103	10	<30	divergent_non_v2b	missing_pfam
P85141	9	<30	divergent_non_v2b	missing_pfam
P85159	9	<30	divergent_non_v2b	missing_pfam
P85160	7	<30	divergent_non_v2b	missing_pfam
P85162	12	<30	divergent_non_v2b	missing_pfam
P85165	10	<30	divergent_non_v2b	missing_pfam
P85168	12	<30	divergent_non_v2b	missing_pfam
P85223	18	<30	divergent_non_v2b	missing_pfam
P85266	23	<30	reference	not_v2a
P85270	23	<30	reference	not_v2a
P85274	12	<30	divergent_non_v2b	missing_pfam
P85871	12	<30	divergent_non_v2b	missing_pfam
P85874	17	<30	divergent_non_v2b	missing_pfam
P85975	19	<30	divergent_non_v2b	missing_pfam
P86035	9	<30	divergent_non_v2b	missing_pfam
P86105	14	<30	divergent_non_v2b	missing_pfam
P86117	13	<30	divergent_non_v2b	missing_pfam
P86121	15	<30	divergent_non_v2b	missing_pfam
P86144	22	<30	divergent_non_v2b	missing_pfam
P86156	16	<30	divergent_non_v2b	missing_pfam
P86255	8	<30	divergent_non_v2b	missing_pfam
P86256	12	<30	divergent_non_v2b	missing_pfam
P86262	17	<30	reference	not_v2a
P86263	19	<30	divergent_non_v2b	missing_pfam
P86295	18	<30	divergent_non_v2b	missing_pfam
P86362	20	<30	divergent_non_v2b	missing_pfam
P86426	8	<30	divergent_non_v2b	missing_pfam
P86427	8	<30	divergent_non_v2b	missing_pfam
P86428	6	<30	divergent_non_v2b	missing_pfam
P86447	10	<30	divergent_non_v2b	missing_pfam
P86520	25	<30	divergent_non_v2b	missing_pfam
P86536	19	<30	divergent_non_v2b	missing_pfam
P86537	10	<30	divergent_non_v2b	missing_pfam
P86544	26	<30	divergent_non_v2b	missing_pfam
P86548	25	<30	divergent_non_v2b	missing_pfam
P86600	10	<30	divergent_non_v2b	missing_pfam
P86811	8	<30	divergent_non_v2b	missing_pfam
P86812	9	<30	divergent_non_v2b	missing_pfam
P86815	13	<30	divergent_non_v2b	shared_pfam
P86818	11	<30	divergent_non_v2b	missing_pfam
P86820	8	<30	divergent_non_v2b	missing_pfam
P86828	8	<30	divergent_non_v2b	missing_pfam
P86834	28	<30	divergent_non_v2b	missing_pfam
P86942	11	<30	divergent_non_v2b	missing_pfam
Q7LZ26	12	<30	divergent_non_v2b	missing_pfam
Q7LZJ1	12	<30	divergent_non_v2b	missing_pfam
Q7M3P1	8	<30	divergent_non_v2b	missing_pfam
Q7M3T3	12	<30	divergent_non_v2b	missing_pfam
Q8I6R5	17	<30	reference	not_v2a
Q9BP49	20	<30	divergent_non_v2b	missing_pfam
Q9PRQ3	28	<30	reference	not_v2a
Q9PRQ4	25	<30	reference	not_v2a
Q9PRZ1	10	<30	divergent_non_v2b	missing_pfam
Q9TWR4	13	<30	divergent_non_v2b	missing_pfam
Q9TWR5	20	<30	divergent_non_v2b	missing_pfam
A0A023VZR2	206	>150	divergent_non_v2b	missing_pfam
A0A1S4HE90	354	>150	divergent_non_v2b	shared_pfam
A0A5C1ZXT8	178	>150	divergent_non_v2b	missing_pfam
A0A6B9KZ90	628	>150	divergent_non_v2b	missing_pfam
A0A834R821	498	>150	reference	not_v2a
A0A8B6XDS4	203	>150	reference	not_v2a
A7L036	462	>150	divergent_non_v2b	missing_pfam
A7RJ12	355	>150	divergent_non_v2b	missing_pfam
A7SXG9	313	>150	divergent_non_v2b	shared_pfam
A8YPR6	308	>150	reference	not_v2a
B0X6Z1	313	>150	reference	not_v2a
B5AJT2	431	>150	divergent_non_v2b	shared_pfam
B5U2W0	360	>150	reference	not_v2a
C0HMD5	162	>150	divergent_non_v2b	missing_pfam
C1IBY0	248	>150	reference	not_v2a
C1IBY2	255	>150	reference	not_v2a
D1MWE7	196	>150	divergent_non_v2b	shared_pfam
D4QD81	156	>150	divergent_non_v2b	missing_pfam
E2E4F7	185	>150	divergent_non_v2b	missing_pfam
E3PQQ8	207	>150	divergent_non_v2b	missing_pfam
F6KSY2	222	>150	divergent_non_v2b	missing_pfam
G3CJS0	182	>150	reference	not_v2a
I6VXS1	195	>150	reference	not_v2a
M1JMQ7	254	>150	divergent_non_v2b	shared_pfam
O18424	300	>150	divergent_non_v2b	missing_pfam
O87906	675	>150	reference	not_v2a
P01546	316	>150	divergent_non_v2b	missing_pfam
P01552	266	>150	reference	not_v2a
P06886	234	>150	divergent_non_v2b	shared_pfam
P09332	277	>150	divergent_non_v2b	shared_pfam
P09545	741	>150	divergent_non_v2b	shared_pfam
P09807	249	>150	divergent_non_v2b	missing_pfam
P0CH47	337	>150	reference	not_v2a
P0DJ43	169	>150	reference	not_v2a
P0DJE4	202	>150	divergent_non_v2b	missing_pfam
P0DKQ8	248	>150	reference	not_v2a
P0DPZ6	229	>150	reference	not_v2a
P0DPZ8	239	>150	divergent_non_v2b	missing_pfam
P0DQA3	219	>150	reference	not_v2a
P0DXX1	310	>150	divergent_non_v2b	missing_pfam
P16948	219	>150	divergent_non_v2b	missing_pfam
P19247	471	>150	divergent_non_v2b	shared_pfam
P22244	281	>150	divergent_non_v2b	shared_pfam
P23806	152	>150	reference	not_v2a
P33186	316	>150	reference	not_v2a
P39690	708	>150	divergent_non_v2b	missing_pfam
P54355	405	>150	divergent_non_v2b	shared_pfam
P83298	242	>150	divergent_non_v2b	shared_pfam
P84786	257	>150	divergent_non_v2b	shared_pfam
P85101	234	>150	reference	not_v2a
Q00531	560	>150	divergent_non_v2b	shared_pfam
Q04669	171	>150	divergent_non_v2b	missing_pfam
Q06B74	397	>150	divergent_non_v2b	shared_pfam
Q07338	289	>150	divergent_non_v2b	missing_pfam
Q2G1X0	319	>150	divergent_non_v2b	shared_pfam
Q2XXP1	242	>150	reference	not_v2a
Q45744	649	>150	reference	not_v2a
Q45755	803	>150	divergent_non_v2b	shared_pfam
Q45758	395	>150	divergent_non_v2b	missing_pfam
Q45UF1	213	>150	divergent_non_v2b	missing_pfam
Q4QXT9	483	>150	reference	not_v2a
Q5QGZ2	219	>150	divergent_non_v2b	missing_pfam
Q5WPU8	301	>150	divergent_non_v2b	missing_pfam
Q6GE13	315	>150	reference	not_v2a
Q6VPT6	257	>150	divergent_non_v2b	shared_pfam
Q70US9	523	>150	reference	not_v2a
Q76CA2	275	>150	reference	not_v2a
Q7M3V4	152	>150	divergent_non_v2b	missing_pfam
Q7T3L1	294	>150	reference	not_v2a
Q813X6	545	>150	divergent_non_v2b	shared_pfam
Q962V9	198	>150	divergent_non_v2b	shared_pfam
Q964Q0	165	>150	reference	not_v2a
Q9S597	826	>150	reference	not_v2a
Q9UB30	165	>150	divergent_non_v2b	shared_pfam
Q9X5C7	234	>150	divergent_non_v2b	shared_pfam
Q9Y0X6	200	>150	divergent_non_v2b	missing_pfam
Q9ZIU5	750	>150	divergent_non_v2b	shared_pfam
T1PQV6	461	>150	divergent_non_v2b	missing_pfam
U6BLN5	393	>150	reference	not_v2a
