regime,n_per_class,jaccard_threshold,pass_rate,p05,median,p95
A_stable_single,100,0.6,0.212,0.42857142857142855,0.42857142857142855,0.6666666666666666
A_stable_single,120,0.6,0.292,0.42857142857142855,0.42857142857142855,0.6666666666666666
A_stable_single,139,0.6,0.236,0.42857142857142855,0.42857142857142855,0.6666666666666666
B_near_tie,100,0.6,0.392,0.42857142857142855,0.42857142857142855,0.6666666666666666
B_near_tie,120,0.6,0.416,0.42857142857142855,0.42857142857142855,0.6666666666666666
B_near_tie,139,0.6,0.4,0.42857142857142855,0.42857142857142855,0.6666666666666666
C_distributed,100,0.6,0.892,0.42857142857142855,0.6666666666666666,1.0
C_distributed,120,0.6,0.956,0.6666666666666666,0.6666666666666666,1.0
C_distributed,139,0.6,0.98,0.6666666666666666,0.6666666666666666,1.0
