scenario,scenario_id,target_n,tau,tau_index,rho,rho_index,n_perturbations,stability_n_per_class,count_K_t_stab_eq_0,count_K_t_stab_eq_1,count_K_t_stab_eq_2,count_K_t_stab_ge_3,min_K_t_stab,median_K_t_stab,max_K_t_stab,planted_sign_instability_idx_json,planted_coordinate_counts_json,qualifying_planted_coordinates_json,I_stat,G_stat,support_resolution_pass,recurring_coordinate_sign_instability_pass,aggregate_sign_effect_pass,acceptance_cell,cell_pass,cell_verdict
S7,7,100,0.223606797749979,0,,0,100,80,74,0,0,26,0,0.0,102,[5],"{""5"":{""M_j"":4,""R_j"":11,""n_minus_j"":7,""n_plus_j"":4,""qualifies"":false}}",[],0.0,0.0,False,False,False,False,False,DESCRIPTIVE_ONLY
S7,7,120,0.223606797749979,0,,0,100,96,85,0,0,15,0,0.0,115,[5],"{""5"":{""M_j"":2,""R_j"":5,""n_minus_j"":3,""n_plus_j"":2,""qualifies"":false}}",[],0.0,0.0,False,False,False,False,False,DESCRIPTIVE_ONLY
S7,7,139,0.223606797749979,0,,0,100,111,80,0,0,20,0,0.0,142,[5],"{""5"":{""M_j"":0,""R_j"":3,""n_minus_j"":3,""n_plus_j"":0,""qualifies"":false}}",[],0.0,0.0,False,False,False,False,False,DESCRIPTIVE_ONLY
S7,7,100,0.447213595499958,1,,0,100,80,77,0,0,23,0,0.0,99,[5],"{""5"":{""M_j"":4,""R_j"":10,""n_minus_j"":4,""n_plus_j"":6,""qualifies"":false}}",[],0.0,0.0,False,False,False,False,False,DESCRIPTIVE_ONLY
S7,7,120,0.447213595499958,1,,0,100,96,83,0,0,17,0,0.0,121,[5],"{""5"":{""M_j"":0,""R_j"":1,""n_minus_j"":1,""n_plus_j"":0,""qualifies"":false}}",[],0.0,0.0,False,False,False,False,False,DESCRIPTIVE_ONLY
S7,7,139,0.447213595499958,1,,0,100,111,83,0,0,17,0,0.0,141,[5],"{""5"":{""M_j"":1,""R_j"":3,""n_minus_j"":2,""n_plus_j"":1,""qualifies"":false}}",[],0.0,0.0,False,False,False,False,False,DESCRIPTIVE_ONLY
S7,7,100,0.6708203932499369,2,,0,100,80,49,0,0,51,0,37.0,109,[5],"{""5"":{""M_j"":9,""R_j"":20,""n_minus_j"":9,""n_plus_j"":11,""qualifies"":false}}",[],0.0,0.0,False,False,False,False,False,DESCRIPTIVE_ONLY
S7,7,120,0.6708203932499369,2,,0,100,96,51,0,0,49,0,0.0,128,[5],"{""5"":{""M_j"":3,""R_j"":11,""n_minus_j"":3,""n_plus_j"":8,""qualifies"":false}}",[],0.0,0.0,False,False,False,False,False,DESCRIPTIVE_ONLY
S7,7,139,0.6708203932499369,2,,0,100,111,44,0,0,56,0,62.0,164,[5],"{""5"":{""M_j"":2,""R_j"":8,""n_minus_j"":2,""n_plus_j"":6,""qualifies"":false}}",[],0.0,0.0,False,False,False,False,False,DESCRIPTIVE_ONLY
S7,7,100,0.894427190999916,3,,0,100,80,32,0,0,68,0,39.0,101,[5],"{""5"":{""M_j"":5,""R_j"":21,""n_minus_j"":5,""n_plus_j"":16,""qualifies"":false}}",[],0.0,0.0,False,False,False,False,False,DESCRIPTIVE_ONLY
S7,7,120,0.894427190999916,3,,0,100,96,22,0,0,78,0,52.5,126,[5],"{""5"":{""M_j"":5,""R_j"":21,""n_minus_j"":5,""n_plus_j"":16,""qualifies"":false}}",[],0.15730337078651685,0.157223113964687,True,False,True,False,False,DESCRIPTIVE_ONLY
S7,7,139,0.894427190999916,3,,0,100,111,11,0,0,89,0,65.0,150,[5],"{""5"":{""M_j"":3,""R_j"":19,""n_minus_j"":3,""n_plus_j"":16,""qualifies"":false}}",[],0.2549019607843137,0.2549019607843137,True,False,False,False,False,DESCRIPTIVE_ONLY
S7,7,100,1.118033988749895,4,,0,100,80,26,0,0,74,0,42.0,108,[5],"{""5"":{""M_j"":4,""R_j"":21,""n_minus_j"":4,""n_plus_j"":17,""qualifies"":false}}",[],0.0859375,0.08536585365853659,True,False,True,False,False,DESCRIPTIVE_ONLY
S7,7,120,1.118033988749895,4,,0,100,96,22,0,0,78,0,55.0,122,[5],"{""5"":{""M_j"":4,""R_j"":21,""n_minus_j"":4,""n_plus_j"":17,""qualifies"":false}}",[],0.1464968152866242,0.14634146341463414,True,False,True,False,False,DESCRIPTIVE_ONLY
S7,7,139,1.118033988749895,4,,0,100,111,11,0,0,89,0,67.0,143,[5],"{""5"":{""M_j"":2,""R_j"":28,""n_minus_j"":2,""n_plus_j"":26,""qualifies"":false}}",[],0.2565789473684211,0.2564102564102564,True,False,True,False,False,DESCRIPTIVE_ONLY
S7,7,100,1.6770509831248424,5,,0,100,80,5,0,0,95,0,40.0,113,[5],"{""5"":{""M_j"":6,""R_j"":28,""n_minus_j"":6,""n_plus_j"":22,""qualifies"":false}}",[],0.13043478260869565,0.13008130081300814,True,False,True,False,False,DESCRIPTIVE_ONLY
S7,7,120,1.6770509831248424,5,,0,100,96,0,0,0,100,38,51.5,120,[5],"{""5"":{""M_j"":9,""R_j"":25,""n_minus_j"":9,""n_plus_j"":16,""qualifies"":false}}",[],0.1925925925925926,0.19230769230769232,True,False,True,False,False,DESCRIPTIVE_ONLY
S7,7,139,1.6770509831248424,5,,0,100,111,0,0,0,100,51,62.5,138,[5],"{""5"":{""M_j"":0,""R_j"":31,""n_minus_j"":0,""n_plus_j"":31,""qualifies"":false}}",[],0.27722772277227725,0.27722772277227725,True,False,False,False,False,DESCRIPTIVE_ONLY
S7,7,100,2.23606797749979,6,,0,100,80,0,0,0,100,22,31.0,91,[5],"{""5"":{""M_j"":7,""R_j"":25,""n_minus_j"":7,""n_plus_j"":18,""qualifies"":false}}",[],0.17647058823529413,0.17647058823529413,True,False,False,True,False,FAIL
S7,7,120,2.23606797749979,6,,0,100,96,0,0,0,100,28,38.0,54,[5],"{""5"":{""M_j"":6,""R_j"":26,""n_minus_j"":6,""n_plus_j"":20,""qualifies"":false}}",[],0.22580645161290322,0.22580645161290322,True,False,False,True,False,FAIL
S7,7,139,2.23606797749979,6,,0,100,111,0,0,0,100,30,45.0,55,[5],"{""5"":{""M_j"":2,""R_j"":24,""n_minus_j"":2,""n_plus_j"":22,""qualifies"":false}}",[],0.3013698630136986,0.3013698630136986,True,False,False,True,False,FAIL
S7,7,100,2.7950849718747373,7,,0,100,80,0,0,0,100,23,32.0,92,[5],"{""5"":{""M_j"":4,""R_j"":41,""n_minus_j"":4,""n_plus_j"":37,""qualifies"":false}}",[],0.17391304347826086,0.17307692307692307,True,False,True,True,False,FAIL
S7,7,120,2.7950849718747373,7,,0,100,96,0,0,0,100,27,39.0,53,[5],"{""5"":{""M_j"":0,""R_j"":52,""n_minus_j"":0,""n_plus_j"":52,""qualifies"":false}}",[],0.22950819672131148,0.22950819672131148,True,False,False,True,False,FAIL
S7,7,139,2.7950849718747373,7,,0,100,111,0,0,0,100,31,46.0,57,[5],"{""5"":{""M_j"":0,""R_j"":59,""n_minus_j"":0,""n_plus_j"":59,""qualifies"":false}}",[],0.3013698630136986,0.3013698630136986,True,False,False,True,False,FAIL
S7,7,100,3.3541019662496847,8,,0,100,80,0,0,0,100,21,31.0,85,[5],"{""5"":{""M_j"":3,""R_j"":30,""n_minus_j"":27,""n_plus_j"":3,""qualifies"":false}}",[],0.1568627450980392,0.1568627450980392,True,False,False,True,False,FAIL
S7,7,120,3.3541019662496847,8,,0,100,96,0,0,0,100,26,38.0,106,[5],"{""5"":{""M_j"":5,""R_j"":25,""n_minus_j"":20,""n_plus_j"":5,""qualifies"":false}}",[],0.19298245614035087,0.19230769230769232,True,False,True,True,False,FAIL
S7,7,139,3.3541019662496847,8,,0,100,111,0,0,0,100,35,46.0,54,[5],"{""5"":{""M_j"":3,""R_j"":30,""n_minus_j"":27,""n_plus_j"":3,""qualifies"":false}}",[],0.2727272727272727,0.2714285714285714,True,False,True,True,False,FAIL
