baseline_tpr,true_delta_tpr,loss_frac,p00,p01,p10,p11,tpr_sequence,tpr_representation,true_delta,mean_estimated_delta,sd_estimated_delta,normal_ci_mean_half_width,normal_ci_coverage,bootstrap_mean_half_width,bootstrap_median_half_width,bootstrap_coverage,material05_negligible05__p_boot_ci_low_ge_material,material05_negligible05__p_boot_ci_high_le_negligible,material10_negligible03__p_boot_ci_low_ge_material,material10_negligible03__p_boot_ci_high_le_negligible,material08_negligible03__p_boot_ci_low_ge_material,material08_negligible03__p_boot_ci_high_le_negligible,material075_negligible025__p_boot_ci_low_ge_material,material075_negligible025__p_boot_ci_high_le_negligible
0.2,0.0,0.0,0.8,0.0,0.0,0.2,0.2,0.2,0.0,0.0,0.0,0.0,1.0,0.0,0.0,1.0,0.0,1.0,0.0,1.0,0.0,1.0,0.0,1.0
0.2,0.0,0.25,0.7499999999999999,0.05,0.05,0.15000000000000002,0.2,0.2,0.0,-0.0016490683229813663,0.024787957856541355,0.048719643999010076,0.9495,0.04831937111801241,0.049689440993788817,0.9555,0.0,0.61,0.0,0.236,0.0,0.236,0.0,0.236
0.2,0.0,0.5,0.7000000000000001,0.1,0.1,0.1,0.2,0.2,0.0,-0.0022732919254658383,0.03463176491331385,0.06891199994993709,0.951,0.06839895186335403,0.06832298136645963,0.9595,0.0,0.35,0.0,0.1445,0.0,0.1445,0.0,0.1445
0.2,0.0,0.75,0.6499999999999999,0.15000000000000002,0.15000000000000002,0.04999999999999999,0.2,0.2,0.0,0.0013788819875776397,0.04333430205704894,0.08442064169281754,0.95,0.08373792701863353,0.08385093167701864,0.955,0.001,0.2285,0.0,0.0985,0.0005,0.0985,0.0005,0.0985
0.2,0.03,0.0,0.77,0.03,0.0,0.2,0.2,0.23,0.03,0.029732919254658385,0.013625065658601356,0.02544278804530113,0.8515,0.02469386645962733,0.024844720496894415,0.9365,0.0,0.4595,0.0,0.049,0.0,0.049,0.0,0.049
0.2,0.03,0.25,0.72,0.08,0.05,0.15000000000000002,0.2,0.23,0.03,0.03043167701863354,0.028228243479387648,0.055163433334162924,0.9485,0.05469922360248446,0.05590062111801242,0.943,0.006,0.1275,0.0,0.0225,0.0005,0.0225,0.0005,0.0225
0.2,0.03,0.5,0.67,0.13,0.1,0.1,0.2,0.23,0.03,0.030180124223602483,0.03670885422966544,0.07371759367339148,0.9545,0.07304433229813664,0.07453416149068322,0.9505,0.0035,0.0905,0.0,0.02,0.0,0.02,0.0,0.02
0.2,0.03,0.75,0.6199999999999999,0.18000000000000002,0.15000000000000002,0.04999999999999999,0.2,0.23,0.03,0.029779503105590063,0.044992489804910885,0.0884665362342615,0.9505,0.0877542313664596,0.08695652173913045,0.9445,0.005,0.082,0.0,0.024,0.0015,0.024,0.0015,0.024
0.2,0.05,0.0,0.75,0.05,0.0,0.2,0.2,0.25,0.05,0.050158385093167696,0.016909366669853366,0.03324640692233957,0.907,0.032649805900621116,0.03416149068322981,0.91,0.007,0.083,0.0,0.0015,0.0,0.0015,0.0,0.0015
0.2,0.05,0.25,0.7,0.1,0.05,0.15000000000000002,0.2,0.25,0.05,0.049527950310559,0.030271587180150772,0.059348150915873914,0.955,0.058783074534161484,0.059006211180124224,0.9475,0.016,0.0365,0.0005,0.003,0.002,0.003,0.002,0.003
0.2,0.05,0.5,0.65,0.15000000000000002,0.1,0.1,0.2,0.25,0.05,0.04935714285714286,0.03901064254149307,0.07680164126696709,0.9505,0.07613055124223601,0.07461180124223604,0.947,0.021,0.032,0.0,0.0075,0.0035,0.0075,0.0035,0.0075
0.2,0.05,0.75,0.6000000000000001,0.2,0.15000000000000002,0.04999999999999999,0.2,0.25,0.05,0.05122049689440993,0.04717904896539702,0.09078203610153937,0.949,0.09001673136645963,0.09006211180124224,0.946,0.0215,0.0325,0.0,0.0085,0.0055,0.0085,0.0055,0.0085
0.2,0.075,0.0,0.7250000000000001,0.075,0.0,0.2,0.2,0.275,0.075,0.07551242236024845,0.020998390151623653,0.040461825897944496,0.95,0.039848175465838506,0.04037267080745342,0.9195,0.16,0.005,0.0,0.0,0.014,0.0,0.014,0.0
0.2,0.075,0.25,0.6749999999999999,0.125,0.05,0.15000000000000002,0.2,0.275,0.075,0.0741304347826087,0.03252398624162088,0.06345261404252912,0.9455,0.06290376552795031,0.06211180124223603,0.941,0.0955,0.0045,0.0015,0.001,0.0195,0.001,0.0195,0.001
0.2,0.075,0.5,0.625,0.175,0.1,0.1,0.2,0.275,0.075,0.07396273291925466,0.040668278266149126,0.08020767670710333,0.954,0.07952263198757764,0.08074534161490682,0.9475,0.0755,0.008,0.002,0.0015,0.021,0.0015,0.021,0.0015
0.2,0.075,0.75,0.575,0.22500000000000003,0.15000000000000002,0.04999999999999999,0.2,0.275,0.075,0.07632298136645962,0.04831056725224531,0.09367954667774428,0.947,0.09282581521739129,0.09316770186335403,0.942,0.0765,0.0075,0.006,0.001,0.0275,0.001,0.0275,0.001
0.2,0.08,0.0,0.72,0.08,0.0,0.2,0.2,0.28,0.08,0.08035093167701862,0.021270305285843144,0.04166602545130012,0.94,0.04109530279503106,0.04037267080745342,0.938,0.2295,0.0035,0.0005,0.0,0.0225,0.0,0.0225,0.0
0.2,0.08,0.25,0.6699999999999999,0.13,0.05,0.15000000000000002,0.2,0.28,0.08,0.08054347826086956,0.03275969353346799,0.06418496149436109,0.942,0.06353827639751553,0.06218944099378882,0.9345,0.1345,0.0035,0.0015,0.0,0.034,0.0,0.034,0.0
0.2,0.08,0.5,0.6200000000000001,0.18,0.1,0.1,0.2,0.28,0.08,0.08080434782608696,0.04222986939594937,0.08064407052413936,0.9465,0.07988889751552795,0.08074534161490683,0.9385,0.118,0.0035,0.012,0.0015,0.041,0.0015,0.041,0.0015
0.2,0.08,0.75,0.5700000000000001,0.23000000000000004,0.15000000000000002,0.04999999999999999,0.2,0.28,0.08,0.08225155279503105,0.04753317446781986,0.09418978805961585,0.943,0.09344359472049689,0.09316770186335405,0.9415,0.0875,0.006,0.012,0.001,0.036,0.001,0.036,0.001
0.2,0.1,0.0,0.7,0.1,0.0,0.2,0.2,0.30000000000000004,0.1,0.10001863354037267,0.02295383579260003,0.04610314790917077,0.9335,0.04545031055900621,0.04658385093167701,0.938,0.562,0.0,0.014,0.0,0.1235,0.0,0.1235,0.0
0.2,0.1,0.25,0.6499999999999999,0.15000000000000002,0.05,0.15000000000000002,0.2,0.30000000000000004,0.1,0.10011180124223602,0.03465796423413242,0.06715737194672201,0.944,0.06650830745341614,0.06529503105590062,0.9385,0.2855,0.0,0.022,0.0,0.099,0.0,0.099,0.0
0.2,0.1,0.5,0.6000000000000001,0.2,0.1,0.1,0.2,0.30000000000000004,0.1,0.0999192546583851,0.04356558644522265,0.0829976356284816,0.944,0.0822519798136646,0.08090062111801236,0.936,0.2065,0.001,0.0275,0.0,0.0845,0.0,0.0845,0.0
0.2,0.1,0.75,0.55,0.25,0.15000000000000002,0.04999999999999999,0.2,0.30000000000000004,0.1,0.09981366459627329,0.05020876612153938,0.0962187170797583,0.9465,0.09541218944099379,0.09627329192546583,0.9445,0.182,0.0035,0.0215,0.0,0.076,0.0,0.076,0.0
0.2,0.125,0.0,0.675,0.125,0.0,0.2,0.2,0.325,0.125,0.1251335403726708,0.02614080083309644,0.0508981077372169,0.9395,0.05032286490683229,0.049689440993788844,0.9415,0.8695,0.0,0.126,0.0,0.467,0.0,0.467,0.0
0.2,0.125,0.25,0.625,0.17500000000000002,0.05000000000000001,0.15000000000000005,0.2,0.325,0.125,0.12533229813664595,0.03671175549990779,0.0704719933799151,0.9405,0.06985302795031055,0.06840062111801239,0.937,0.5265,0.0,0.101,0.0,0.282,0.0,0.282,0.0
0.2,0.125,0.5,0.5750000000000001,0.225,0.1,0.1,0.2,0.325,0.125,0.12456211180124223,0.04404014352691347,0.08580054702046001,0.953,0.08505104813664596,0.08392857142857144,0.9475,0.374,0.0,0.0785,0.0,0.2065,0.0,0.2065,0.0
0.2,0.125,0.75,0.5249999999999999,0.275,0.15000000000000002,0.04999999999999999,0.2,0.325,0.125,0.12646273291925464,0.05033331838448661,0.09863355917845072,0.95,0.09777224378881987,0.09642857142857136,0.95,0.312,0.0005,0.0775,0.0,0.167,0.0,0.167,0.0
0.2,0.13,0.0,0.6699999999999999,0.13,0.0,0.2,0.2,0.33,0.13,0.1308447204968944,0.026831992599115725,0.05188320696613945,0.9475,0.05123629658385093,0.05279503105590061,0.939,0.904,0.0,0.1725,0.0,0.5525,0.0,0.5525,0.0
0.2,0.13,0.25,0.62,0.18,0.05,0.15000000000000002,0.2,0.33,0.13,0.12927639751552794,0.03641463130832022,0.07107061894237131,0.948,0.07038975155279502,0.07142857142857142,0.9455,0.569,0.0,0.1195,0.0,0.3075,0.0,0.3075,0.0
0.2,0.13,0.5,0.5700000000000001,0.23,0.1,0.1,0.2,0.33,0.13,0.12900931677018634,0.04316568150210635,0.08622743863916264,0.9555,0.08553629658385091,0.0869565217391304,0.9515,0.4205,0.0,0.0865,0.0,0.2165,0.0,0.2165,0.0
0.2,0.13,0.75,0.52,0.28,0.15000000000000002,0.04999999999999999,0.2,0.33,0.13,0.13030124223602485,0.050284023426939155,0.09917516546929005,0.948,0.09836292701863353,0.09937888198757763,0.946,0.347,0.0,0.079,0.0,0.188,0.0,0.188,0.0
0.2,0.15,0.0,0.6499999999999999,0.15,0.0,0.2,0.2,0.35,0.15,0.1502453416149068,0.027954256180309285,0.055029795143139666,0.9475,0.054462034161490674,0.0559006211180124,0.9455,0.983,0.0,0.406,0.0,0.795,0.0,0.795,0.0
0.2,0.15,0.25,0.6,0.2,0.05,0.15000000000000002,0.2,0.35,0.15,0.14965217391304347,0.03737678993125133,0.07355024951579796,0.952,0.07289083850931677,0.07150621118012424,0.9475,0.7455,0.0,0.244,0.0,0.505,0.0,0.505,0.0
0.2,0.15,0.5,0.55,0.25,0.1,0.1,0.2,0.35,0.15,0.1496894409937888,0.0447903185963635,0.08830015143485075,0.9535,0.08757154503105591,0.08695652173913045,0.9495,0.5705,0.0,0.1915,0.0,0.3685,0.0,0.3685,0.0
0.2,0.15,0.75,0.49999999999999994,0.30000000000000004,0.15000000000000002,0.04999999999999999,0.2,0.35,0.15,0.14909316770186337,0.051289109951460764,0.10093257207360634,0.9455,0.10002678571428571,0.09937888198757766,0.947,0.4775,0.0005,0.148,0.0,0.291,0.0,0.291,0.0
0.2,0.2,0.0,0.6000000000000001,0.2,0.0,0.2,0.2,0.4,0.2,0.19949068322981367,0.032073037985189366,0.06160496978666012,0.94,0.06094289596273292,0.062111801242236,0.9405,1.0,0.0,0.9135,0.0,0.992,0.0,0.992,0.0
0.2,0.2,0.25,0.5499999999999999,0.25,0.05,0.15000000000000002,0.2,0.4,0.2,0.19945962732919256,0.039576249115528185,0.078594079321959,0.951,0.07797585403726708,0.07763975155279504,0.947,0.9615,0.0,0.695,0.0,0.8695,0.0,0.8695,0.0
0.2,0.2,0.5,0.5,0.30000000000000004,0.1,0.1,0.2,0.4,0.2,0.2000496894409938,0.04731058199037974,0.09257863158939711,0.946,0.09175935559006211,0.09316770186335402,0.9415,0.8705,0.0,0.545,0.0,0.747,0.0,0.747,0.0
0.2,0.2,0.75,0.4499999999999999,0.35000000000000003,0.15000000000000002,0.04999999999999999,0.2,0.4,0.2,0.20088819875776398,0.05334938721857032,0.10455574282419058,0.95,0.10359996118012421,0.10256211180124218,0.949,0.7925,0.0,0.441,0.0,0.628,0.0,0.628,0.0
0.35,0.0,0.0,0.65,0.0,0.0,0.35,0.35,0.35,0.0,0.0,0.0,0.0,1.0,0.0,0.0,1.0,0.0,1.0,0.0,1.0,0.0,1.0,0.0,1.0
0.35,0.0,0.25,0.5625,0.0875,0.0875,0.26249999999999996,0.35,0.35,0.0,0.0003913043478260867,0.03233608782703238,0.06444352421548503,0.954,0.06392519409937888,0.06521739130434781,0.9605,0.0005,0.361,0.0,0.1395,0.0,0.1395,0.0,0.1395
0.35,0.0,0.5,0.4749999999999999,0.175,0.175,0.175,0.35,0.35,0.0,-5.900621118012439e-05,0.04751153561072241,0.09112158934400014,0.95,0.090305900621118,0.09006211180124224,0.954,0.001,0.224,0.0,0.0935,0.0,0.0935,0.0,0.0935
0.35,0.0,0.75,0.38750000000000007,0.26249999999999996,0.26249999999999996,0.08750000000000002,0.35,0.35,0.0,-0.0025000000000000005,0.058636321776258854,0.11192982363112221,0.944,0.11095624999999999,0.11180124223602483,0.946,0.0025,0.175,0.0005,0.082,0.0015,0.082,0.0015,0.082
0.35,0.03,0.0,0.62,0.03,0.0,0.35,0.35,0.38,0.03,0.02946894409937888,0.01318098399286678,0.02537609455108545,0.857,0.024646933229813664,0.02484472049689443,0.938,0.0,0.463,0.0,0.047,0.0,0.047,0.0,0.047
0.35,0.03,0.25,0.5325000000000001,0.1175,0.0875,0.26249999999999996,0.35,0.38,0.03,0.028670807453416144,0.0347666387499624,0.06948436066404698,0.9565,0.06883730590062112,0.06832298136645965,0.9525,0.004,0.1105,0.0,0.0215,0.001,0.0215,0.001,0.0215
0.35,0.03,0.5,0.445,0.20499999999999993,0.17499999999999996,0.17499999999999996,0.35,0.38,0.03,0.028956521739130433,0.04736073797260774,0.09491157121297772,0.954,0.09406440217391304,0.09320652173913041,0.949,0.007,0.074,0.0005,0.0235,0.0025,0.0235,0.0025,0.0235
0.35,0.03,0.75,0.35750000000000004,0.2925,0.26249999999999996,0.08750000000000002,0.35,0.38,0.03,0.030456521739130434,0.05915657305706199,0.11493425436346925,0.9475,0.11402833850931675,0.11490683229813664,0.947,0.0135,0.0595,0.001,0.0235,0.005,0.0235,0.005,0.0235
0.35,0.05,0.0,0.6,0.05,0.0,0.35,0.35,0.39999999999999997,0.05,0.050161490683229816,0.016934940616012945,0.03324608508480266,0.9035,0.03265760869565217,0.034161490683229795,0.9075,0.006,0.0865,0.0,0.002,0.0,0.002,0.0,0.002
0.35,0.05,0.25,0.5125000000000001,0.1375,0.0875,0.26249999999999996,0.35,0.39999999999999997,0.05,0.05039130434782608,0.03718113696318914,0.07265861012804134,0.943,0.07210131987577639,0.07142857142857145,0.9425,0.0225,0.035,0.0005,0.006,0.0045,0.006,0.0045,0.006
0.35,0.05,0.5,0.425,0.22499999999999992,0.17499999999999996,0.17499999999999996,0.35,0.39999999999999997,0.05,0.050521739130434784,0.04954320715239945,0.09738536774079545,0.948,0.09663260869565217,0.09627329192546585,0.9435,0.027,0.0295,0.001,0.0065,0.009,0.0065,0.009,0.0065
0.35,0.05,0.75,0.3375000000000001,0.3125,0.2625,0.08750000000000004,0.35,0.39999999999999997,0.05,0.04767391304347826,0.059306130437369056,0.11687382468345206,0.95,0.116049650621118,0.11498447204968942,0.947,0.022,0.031,0.002,0.01,0.0075,0.01,0.0075,0.01
0.35,0.075,0.0,0.5750000000000001,0.075,0.0,0.35,0.35,0.425,0.075,0.0750527950310559,0.020635749106213602,0.04035321708865206,0.951,0.03981001552795031,0.04037267080745341,0.9225,0.1585,0.007,0.0005,0.0,0.0095,0.0,0.0095,0.0
0.35,0.075,0.25,0.48750000000000004,0.16249999999999998,0.0875,0.26249999999999996,0.35,0.425,0.075,0.07600310559006213,0.03846357838826858,0.07620623125142613,0.95,0.0756172748447205,0.07461180124223596,0.944,0.0875,0.0045,0.0045,0.0005,0.0245,0.0005,0.0245,0.0005
0.35,0.075,0.5,0.39999999999999997,0.25,0.175,0.175,0.35,0.425,0.075,0.07420496894409936,0.0509868977807232,0.09984443377446628,0.956,0.09896665372670806,0.09937888198757763,0.9525,0.06,0.0085,0.008,0.004,0.0205,0.004,0.0205,0.004
0.35,0.075,0.75,0.3125000000000001,0.33749999999999997,0.26249999999999996,0.08750000000000002,0.35,0.425,0.075,0.0741304347826087,0.06025639712427782,0.11919206642040256,0.9515,0.11821471273291925,0.11801242236024845,0.9515,0.0545,0.009,0.008,0.005,0.0245,0.005,0.0245,0.005
0.35,0.08,0.0,0.5700000000000001,0.08,0.0,0.35,0.35,0.43,0.08,0.07983229813664595,0.021941058902953215,0.041512277781951434,0.93,0.040988392857142855,0.04037267080745344,0.9265,0.2205,0.0025,0.0015,0.0,0.0255,0.0,0.0255,0.0
0.35,0.08,0.25,0.48250000000000004,0.16749999999999998,0.0875,0.26249999999999996,0.35,0.43,0.08,0.07920496894409938,0.04000512973890311,0.07699808774795432,0.9485,0.07634852484472049,0.07763975155279501,0.946,0.112,0.006,0.005,0.0005,0.027,0.0005,0.027,0.0005
0.35,0.08,0.5,0.39499999999999996,0.25499999999999995,0.17499999999999996,0.17499999999999996,0.35,0.43,0.08,0.07847204968944098,0.05121382141554776,0.10050904539717197,0.9455,0.0996677406832298,0.09937888198757763,0.942,0.08,0.007,0.009,0.0,0.0315,0.0,0.0315,0.0
0.35,0.08,0.75,0.30750000000000005,0.3425,0.2625,0.08750000000000004,0.35,0.43,0.08,0.0831863354037267,0.06043988776855653,0.11946892814256026,0.9515,0.11832278726708073,0.11801242236024848,0.9485,0.078,0.008,0.0115,0.0015,0.033,0.0015,0.033,0.0015
0.35,0.1,0.0,0.55,0.1,0.0,0.35,0.35,0.44999999999999996,0.1,0.09982608695652173,0.022923063792569937,0.04606361308035322,0.9325,0.04546304347826087,0.046583850931676996,0.9415,0.56,0.0,0.0085,0.0,0.1325,0.0,0.1325,0.0
0.35,0.1,0.25,0.4625,0.1875,0.0875,0.26249999999999996,0.35,0.44999999999999996,0.1,0.10019565217391305,0.040278070661749904,0.07919481773837621,0.9545,0.07846983695652174,0.07763975155279507,0.95,0.225,0.002,0.016,0.001,0.081,0.001,0.081,0.001
0.35,0.1,0.5,0.375,0.27499999999999997,0.17499999999999996,0.17499999999999996,0.35,0.44999999999999996,0.1,0.09914596273291924,0.053652662130207945,0.10242866220011246,0.942,0.10153167701863353,0.10248447204968941,0.937,0.1495,0.0025,0.029,0.0005,0.077,0.0005,0.077,0.0005
0.35,0.1,0.75,0.2875000000000001,0.36249999999999993,0.26249999999999996,0.08750000000000002,0.35,0.44999999999999996,0.1,0.09773913043478259,0.06350352895763663,0.12099741425051531,0.942,0.12008555900621115,0.12111801242236023,0.9395,0.116,0.005,0.0255,0.0005,0.054,0.0005,0.054,0.0005
0.35,0.125,0.0,0.525,0.125,0.0,0.35,0.35,0.475,0.125,0.12475465838509317,0.025957920080044456,0.05083074371559994,0.9255,0.050265217391304344,0.04968944099378883,0.9325,0.875,0.0,0.108,0.0,0.459,0.0,0.459,0.0
0.35,0.125,0.25,0.4375,0.2125,0.0875,0.26249999999999996,0.35,0.475,0.125,0.12559316770186335,0.042251557592490246,0.08216853561959588,0.9435,0.08140046583850932,0.08074534161490685,0.9395,0.4235,0.0,0.09,0.0,0.2105,0.0,0.2105,0.0
0.35,0.125,0.5,0.3499999999999999,0.3,0.175,0.175,0.35,0.475,0.125,0.1252391304347826,0.05367412276083647,0.10450649797940623,0.949,0.10357146739130434,0.1025621118012422,0.9495,0.286,0.0005,0.067,0.0,0.1475,0.0,0.1475,0.0
0.35,0.125,0.75,0.26250000000000007,0.38749999999999996,0.26249999999999996,0.08750000000000002,0.35,0.475,0.125,0.12440062111801242,0.06215581007022347,0.12299583691401718,0.9535,0.12188008540372669,0.12119565217391298,0.949,0.2085,0.0005,0.051,0.0,0.113,0.0,0.113,0.0
0.35,0.13,0.0,0.52,0.13,0.0,0.35,0.35,0.48,0.13,0.13085714285714287,0.02660209202777323,0.05189427622394564,0.948,0.05121343167701863,0.05279503105590058,0.9415,0.9155,0.0,0.171,0.0,0.537,0.0,0.537,0.0
0.35,0.13,0.25,0.4325,0.2175,0.0875,0.26249999999999996,0.35,0.48,0.13,0.1307888198757764,0.04261579746526678,0.08282386743274173,0.9475,0.08205302795031055,0.08082298136645963,0.9435,0.4625,0.0,0.103,0.0,0.2465,0.0,0.2465,0.0
0.35,0.13,0.5,0.34500000000000003,0.305,0.175,0.175,0.35,0.48,0.13,0.12744099378881987,0.052284379341880245,0.10498605170090473,0.9535,0.10404289596273292,0.10263975155279498,0.9535,0.3025,0.0005,0.0675,0.0,0.154,0.0,0.154,0.0
0.35,0.13,0.75,0.25750000000000006,0.39249999999999996,0.26249999999999996,0.08750000000000002,0.35,0.48,0.13,0.1298105590062112,0.06344578989105724,0.12330055724384581,0.947,0.12230368788819876,0.12119565217391304,0.9445,0.2355,0.0,0.0685,0.0,0.14,0.0,0.14,0.0
0.35,0.15,0.0,0.5,0.15,0.0,0.35,0.35,0.5,0.15,0.14927329192546585,0.027788988870818546,0.054882603476746956,0.945,0.05430675465838509,0.05287267080745343,0.9405,0.9765,0.0,0.3825,0.0,0.799,0.0,0.799,0.0
0.35,0.15,0.25,0.41250000000000003,0.23750000000000002,0.08750000000000001,0.2625,0.35,0.5,0.15,0.15,0.043489356395342,0.08492586887633458,0.9495,0.08422511645962731,0.08385093167701865,0.949,0.6245,0.0,0.198,0.0,0.386,0.0,0.386,0.0
0.35,0.15,0.5,0.325,0.32499999999999996,0.175,0.175,0.35,0.5,0.15,0.15066149068322982,0.05321767745308483,0.10673879211895734,0.955,0.10569627329192545,0.10559006211180125,0.952,0.4435,0.0,0.147,0.0,0.268,0.0,0.268,0.0
0.35,0.15,0.75,0.23750000000000004,0.4125,0.26249999999999996,0.08750000000000002,0.35,0.5,0.15,0.15099689440993788,0.06217921755878052,0.12477988968318615,0.9525,0.12376564440993788,0.12422360248447203,0.953,0.337,0.001,0.119,0.0,0.205,0.0,0.205,0.0
0.35,0.2,0.0,0.45000000000000007,0.2,0.0,0.35,0.35,0.55,0.2,0.1998229813664596,0.032247072050346416,0.061639935001557546,0.9405,0.06102080745341615,0.062111801242236,0.935,1.0,0.0,0.917,0.0,0.9895,0.0,0.9895,0.0
0.35,0.2,0.25,0.36250000000000004,0.2875,0.0875,0.26249999999999996,0.35,0.55,0.2,0.19870807453416148,0.04388448030792532,0.08940219917989357,0.949,0.08856603260869565,0.08711180124223598,0.9485,0.9055,0.0,0.572,0.0,0.7655,0.0,0.7655,0.0
0.35,0.2,0.5,0.275,0.375,0.175,0.175,0.35,0.55,0.2,0.19909006211180122,0.055223351455806785,0.11014091586278338,0.9555,0.10922034161490683,0.10869565217391308,0.9485,0.734,0.0,0.418,0.0,0.5825,0.0,0.5825,0.0
0.35,0.2,0.75,0.1875000000000001,0.46249999999999997,0.26249999999999996,0.08750000000000002,0.35,0.55,0.2,0.20018633540372674,0.0647473249484721,0.12783036896442426,0.9465,0.12663396739130434,0.12732919254658384,0.946,0.6195,0.0,0.32,0.0,0.464,0.0,0.464,0.0
0.5,0.0,0.0,0.5,0.0,0.0,0.5,0.5,0.5,0.0,0.0,0.0,0.0,1.0,0.0,0.0,1.0,0.0,1.0,0.0,1.0,0.0,1.0,0.0,1.0
0.5,0.0,0.25,0.375,0.125,0.125,0.375,0.5,0.5,0.0,-0.0004223602484472049,0.03826376918705088,0.0771360283786544,0.9545,0.07645679347826086,0.07763975155279501,0.961,0.0,0.275,0.0,0.1175,0.0,0.1175,0.0,0.1175
0.5,0.0,0.5,0.25,0.25,0.25,0.25,0.5,0.5,0.0,0.00018633540372670797,0.0553306966487493,0.10921889580861828,0.957,0.10843342391304348,0.10869565217391303,0.9615,0.002,0.156,0.0,0.0745,0.0005,0.0745,0.0005,0.0745
0.5,0.0,0.75,0.125,0.375,0.375,0.125,0.5,0.5,0.0,0.0009316770186335405,0.06624315260766667,0.13374461386215086,0.9505,0.13254464285714282,0.13354037267080743,0.9535,0.0025,0.106,0.0,0.0595,0.0,0.0595,0.0,0.0595
0.5,0.03,0.0,0.47,0.03,0.0,0.5,0.5,0.53,0.03,0.030667701863354036,0.013608004987241214,0.02590149727796671,0.866,0.025172282608695657,0.02795031055900618,0.9435,0.0005,0.4265,0.0,0.041,0.0,0.041,0.0,0.041
0.5,0.03,0.25,0.35250000000000004,0.14749999999999996,0.11749999999999997,0.3824999999999999,0.5,0.53,0.03,0.03122360248447205,0.039771817372575645,0.07909367968685053,0.952,0.07845271739130434,0.07763975155279507,0.947,0.0095,0.073,0.0,0.02,0.0025,0.02,0.0025,0.02
0.5,0.03,0.5,0.235,0.265,0.235,0.265,0.5,0.53,0.03,0.03076086956521739,0.05590156835724753,0.10900127324267547,0.9485,0.10824999999999999,0.10869565217391303,0.9455,0.0095,0.0645,0.0005,0.023,0.002,0.023,0.002,0.023
0.5,0.03,0.75,0.11750000000000005,0.38249999999999995,0.3525,0.14750000000000002,0.5,0.53,0.03,0.03004347826086957,0.0668599332378965,0.13230707275550213,0.948,0.13131420807453414,0.1305124223602484,0.9455,0.0125,0.0525,0.0015,0.027,0.003,0.027,0.003,0.027
0.5,0.05,0.0,0.44999999999999996,0.05,0.0,0.5,0.5,0.55,0.05,0.050695652173913044,0.016971973535112754,0.03342990297586606,0.915,0.03287340838509317,0.034161490683229795,0.9195,0.0085,0.072,0.0,0.0015,0.0,0.0015,0.0,0.0015
0.5,0.05,0.25,0.33749999999999997,0.1625,0.1125,0.3875,0.5,0.55,0.05,0.04907763975155279,0.041464957105320256,0.08037743588816325,0.945,0.07977775621118012,0.08074534161490682,0.941,0.0265,0.0325,0.0025,0.009,0.006,0.009,0.006,0.009
0.5,0.05,0.5,0.22499999999999998,0.275,0.225,0.275,0.5,0.55,0.05,0.049804347826086955,0.05564062445698791,0.10899568546570391,0.9465,0.1080416149068323,0.10869565217391303,0.947,0.021,0.032,0.004,0.0125,0.0055,0.0125,0.0055,0.0125
0.5,0.05,0.75,0.11250000000000004,0.3875,0.3375,0.16249999999999998,0.5,0.55,0.05,0.04859006211180124,0.06583524116543243,0.13110063372994762,0.954,0.13002736801242235,0.13043478260869565,0.9525,0.021,0.0265,0.003,0.012,0.0075,0.012,0.0075,0.012
0.5,0.075,0.0,0.42500000000000004,0.075,0.0,0.5,0.5,0.575,0.075,0.07506832298136647,0.02133113254834633,0.04032712082529847,0.9515,0.03971083074534161,0.04037267080745341,0.9185,0.1755,0.0055,0.0,0.0005,0.011,0.0005,0.011,0.0005
0.5,0.075,0.25,0.31875000000000003,0.18125,0.10625,0.39375,0.5,0.575,0.075,0.07528881987577639,0.04101427096058325,0.08172735363669187,0.9525,0.08096591614906831,0.08074534161490685,0.948,0.0825,0.0055,0.0045,0.0,0.022,0.0,0.022,0.0
0.5,0.075,0.5,0.21250000000000002,0.2875,0.2125,0.2875,0.5,0.575,0.075,0.0743944099378882,0.05515458702211337,0.10844520437790714,0.9465,0.10752131211180123,0.108695652173913,0.9445,0.0605,0.0115,0.011,0.003,0.0255,0.003,0.0255,0.003
0.5,0.075,0.75,0.10624999999999997,0.39375000000000004,0.31875000000000003,0.18125000000000005,0.5,0.575,0.075,0.07478260869565218,0.06686338798420975,0.12986746891789858,0.9455,0.12869712732919253,0.12740683229813665,0.9465,0.0565,0.0125,0.01,0.0065,0.023,0.0065,0.023,0.0065
0.5,0.08,0.0,0.42000000000000004,0.08,0.0,0.5,0.5,0.58,0.08,0.07971428571428572,0.021191199570600124,0.041513789939643275,0.9395,0.040940489130434785,0.04037267080745344,0.942,0.222,0.003,0.0,0.0,0.018,0.0,0.018,0.0
0.5,0.08,0.25,0.31499999999999995,0.185,0.105,0.395,0.5,0.58,0.08,0.08182608695652174,0.041179562989030076,0.08215086101613031,0.9505,0.0814554347826087,0.08074534161490687,0.947,0.1015,0.0045,0.007,0.001,0.0315,0.001,0.0315,0.001
0.5,0.08,0.5,0.20999999999999996,0.29,0.21,0.29000000000000004,0.5,0.58,0.08,0.07967391304347825,0.05656991304489124,0.10835576814607606,0.946,0.1075154891304348,0.10869565217391303,0.942,0.0755,0.006,0.0115,0.003,0.033,0.003,0.033,0.003
0.5,0.08,0.75,0.10499999999999998,0.395,0.315,0.185,0.5,0.58,0.08,0.08007142857142859,0.06678695095589994,0.12960364206681754,0.943,0.1286858307453416,0.12740683229813665,0.942,0.0685,0.0105,0.011,0.0035,0.033,0.0035,0.033,0.0035
0.5,0.1,0.0,0.4,0.1,0.0,0.5,0.5,0.6,0.1,0.09870807453416149,0.023452008254763925,0.045800581923386235,0.922,0.04517503881987577,0.046583850931676996,0.928,0.5425,0.001,0.01,0.0,0.128,0.0,0.128,0.0
0.5,0.1,0.25,0.30000000000000004,0.2,0.1,0.4,0.5,0.6,0.1,0.10117701863354037,0.042435148197679344,0.08285147130085989,0.9515,0.0820730201863354,0.0808229813664596,0.945,0.209,0.0005,0.027,0.0,0.0855,0.0,0.0855,0.0
0.5,0.1,0.5,0.19999999999999996,0.30000000000000004,0.2,0.3,0.5,0.6,0.1,0.10227950310559007,0.05503686335765327,0.10799076262723281,0.946,0.10711537267080747,0.10566770186335406,0.946,0.15,0.0035,0.0305,0.0005,0.071,0.0005,0.071,0.0005
0.5,0.1,0.75,0.09999999999999998,0.4,0.30000000000000004,0.19999999999999996,0.5,0.6,0.1,0.1009503105590062,0.06820183404977284,0.12825204885166908,0.9355,0.1271937111801242,0.12732919254658384,0.9365,0.118,0.008,0.033,0.002,0.067,0.002,0.067,0.002
0.5,0.125,0.0,0.375,0.125,0.0,0.5,0.5,0.625,0.125,0.12467391304347826,0.02556541251404666,0.0508315345095038,0.9365,0.0502146350931677,0.04968944099378886,0.9395,0.8695,0.0,0.1125,0.0,0.457,0.0,0.457,0.0
0.5,0.125,0.25,0.28125,0.21875,0.09375,0.40625,0.5,0.625,0.125,0.12382608695652174,0.043063657163812656,0.08408607503212563,0.9485,0.08340667701863352,0.08385093167701863,0.9465,0.385,0.0,0.0845,0.0,0.194,0.0,0.194,0.0
0.5,0.125,0.5,0.1875,0.3125,0.1875,0.3125,0.5,0.625,0.125,0.12373602484472049,0.056320523853483344,0.10743205797237661,0.9395,0.10651968167701863,0.10566770186335397,0.935,0.257,0.0,0.068,0.0,0.14,0.0,0.14,0.0
0.5,0.125,0.75,0.09375,0.40625,0.28125,0.21875,0.5,0.625,0.125,0.1243167701863354,0.0656738461021452,0.12648125074649455,0.943,0.12548260869565217,0.12430124223602487,0.94,0.203,0.0005,0.0615,0.0,0.1165,0.0,0.1165,0.0
0.5,0.13,0.0,0.37,0.13,0.0,0.5,0.5,0.63,0.13,0.1301304347826087,0.026915981547427126,0.05175800336760902,0.946,0.05114887422360248,0.05279503105590058,0.9375,0.909,0.0,0.1755,0.0,0.5375,0.0,0.5375,0.0
0.5,0.13,0.25,0.27749999999999997,0.2225,0.0925,0.4075,0.5,0.63,0.13,0.13149378881987575,0.04353678215402367,0.08423480230598884,0.95,0.08353097826086954,0.08385093167701863,0.9455,0.4545,0.0,0.102,0.0,0.2605,0.0,0.2605,0.0
0.5,0.13,0.5,0.185,0.315,0.185,0.315,0.5,0.63,0.13,0.1305372670807453,0.054991721238363975,0.10726550113357623,0.942,0.10639200310559005,0.10559006211180127,0.943,0.304,0.0005,0.0815,0.0,0.1735,0.0,0.1735,0.0
0.5,0.13,0.75,0.09250000000000003,0.4075,0.27749999999999997,0.22250000000000003,0.5,0.63,0.13,0.13073602484472047,0.06495802764705709,0.12619146122904473,0.9445,0.12512651397515526,0.12430124223602479,0.944,0.241,0.0005,0.0725,0.0005,0.1425,0.0005,0.1425,0.0005
0.5,0.15,0.0,0.35,0.15,0.0,0.5,0.5,0.65,0.15,0.14936335403726708,0.028288918957037522,0.05488387656695319,0.9435,0.054268866459627335,0.052872670807453455,0.938,0.9785,0.0,0.397,0.0,0.7835,0.0,0.7835,0.0
0.5,0.15,0.25,0.2625,0.23750000000000002,0.08750000000000001,0.41250000000000003,0.5,0.65,0.15,0.14951552795031056,0.04266380311899304,0.08476825061665881,0.953,0.08406335403726707,0.08385093167701865,0.9475,0.617,0.0,0.205,0.0,0.3825,0.0,0.3825,0.0
0.5,0.15,0.5,0.175,0.32499999999999996,0.175,0.325,0.5,0.65,0.15,0.15026708074534162,0.054942399611547565,0.10666198490470612,0.9515,0.10570357142857142,0.10559006211180125,0.949,0.4385,0.0005,0.1475,0.0005,0.2755,0.0005,0.2755,0.0005
0.5,0.15,0.75,0.08750000000000002,0.4125,0.26249999999999996,0.23750000000000004,0.5,0.65,0.15,0.15104037267080747,0.06274759148612587,0.12474143667420418,0.95,0.12358365683229813,0.12422360248447203,0.948,0.3385,0.0005,0.117,0.0,0.217,0.0,0.217,0.0
0.5,0.2,0.0,0.30000000000000004,0.2,0.0,0.5,0.5,0.7,0.2,0.1997950310559006,0.03185752046190896,0.06164525879265065,0.938,0.06100659937888199,0.062111801242236,0.937,1.0,0.0,0.92,0.0,0.992,0.0,0.992,0.0
0.5,0.2,0.25,0.22500000000000003,0.275,0.075,0.425,0.5,0.7,0.2,0.2007391304347826,0.04497059540431902,0.08595345017888485,0.9405,0.08519510869565217,0.08392857142857144,0.94,0.9185,0.0,0.6165,0.0,0.8015,0.0,0.8015,0.0
0.5,0.2,0.5,0.15000000000000002,0.35,0.15,0.35,0.5,0.7,0.2,0.19901242236024846,0.053520569510652684,0.10452427572316046,0.9495,0.10363229813664596,0.1025621118012422,0.9435,0.7725,0.0,0.4395,0.0,0.627,0.0,0.627,0.0
0.5,0.2,0.75,0.07499999999999997,0.42500000000000004,0.225,0.2750000000000001,0.5,0.7,0.2,0.19995652173913045,0.06267713691503704,0.12051692915127533,0.9435,0.1193317546583851,0.11809006211180123,0.942,0.6645,0.0,0.3635,0.0,0.5145,0.0,0.5145,0.0
0.65,0.0,0.0,0.35,0.0,0.0,0.65,0.65,0.65,0.0,0.0,0.0,0.0,1.0,0.0,0.0,1.0,0.0,1.0,0.0,1.0,0.0,1.0,0.0,1.0
0.65,0.0,0.25,0.26249999999999996,0.0875,0.0875,0.5625,0.65,0.65,0.0,-0.00018633540372670803,0.0326000425886545,0.06437328556645426,0.9465,0.06376789596273291,0.062267080745341596,0.955,0.0005,0.3835,0.0,0.137,0.0,0.137,0.0,0.137
0.65,0.0,0.5,0.17499999999999988,0.175,0.175,0.47500000000000003,0.65,0.65,0.0,-0.0017360248447204968,0.04699692868279967,0.09103824447928008,0.937,0.09022697981366458,0.09006211180124224,0.941,0.001,0.2185,0.0,0.105,0.0005,0.105,0.0005,0.105
0.65,0.0,0.75,0.08750000000000002,0.26249999999999996,0.26249999999999996,0.38750000000000007,0.65,0.65,0.0,0.0010217391304347828,0.05905543552223687,0.11177285808163151,0.9435,0.11085628881987578,0.11180124223602483,0.9455,0.0025,0.1585,0.0,0.0815,0.0005,0.0815,0.0005,0.0815
0.65,0.03,0.0,0.31999999999999995,0.03,0.0,0.65,0.65,0.68,0.03,0.029223602484472047,0.013006702939370538,0.025306522485282087,0.857,0.024518128881987587,0.0248447204968944,0.937,0.0,0.4725,0.0,0.0475,0.0,0.0475,0.0,0.0475
0.65,0.03,0.25,0.24,0.10999999999999999,0.07999999999999999,0.5700000000000001,0.65,0.68,0.03,0.02943478260869565,0.03413210367233878,0.06672721031807177,0.949,0.06619782608695653,0.06529503105590057,0.9505,0.0045,0.118,0.0,0.024,0.0005,0.024,0.0005,0.024
0.65,0.03,0.5,0.1600000000000001,0.18999999999999997,0.15999999999999998,0.49000000000000005,0.65,0.68,0.03,0.030083850931677016,0.045158926809064595,0.09102489499368775,0.95,0.09032659161490683,0.09006211180124224,0.9455,0.0085,0.064,0.0,0.023,0.0015,0.023,0.0015,0.023
0.65,0.03,0.75,0.07999999999999997,0.27,0.24,0.4100000000000001,0.65,0.68,0.03,0.030953416149068325,0.05560282909666628,0.10996046357172656,0.9455,0.10910174689440993,0.10869565217391308,0.947,0.01,0.062,0.001,0.027,0.0025,0.027,0.0025,0.027
0.65,0.05,0.0,0.29999999999999993,0.05,0.0,0.65,0.65,0.7000000000000001,0.05,0.05000310559006211,0.017066311928124963,0.0331766343893528,0.902,0.0325871894409938,0.03416149068322977,0.906,0.004,0.09,0.0,0.003,0.0,0.003,0.0,0.003
0.65,0.05,0.25,0.22499999999999998,0.125,0.075,0.5750000000000001,0.65,0.7000000000000001,0.05,0.04927329192546583,0.035576517946525374,0.0684589289541517,0.943,0.06788264751552794,0.06832298136645965,0.9365,0.022,0.0415,0.0,0.009,0.002,0.009,0.002,0.009
0.65,0.05,0.5,0.15000000000000002,0.2,0.15,0.5,0.65,0.7000000000000001,0.05,0.05014285714285715,0.04785041978930623,0.09052305153242567,0.9435,0.0896641692546584,0.09006211180124224,0.941,0.0255,0.0335,0.0015,0.0145,0.008,0.0145,0.008,0.0145
0.65,0.05,0.75,0.07500000000000007,0.27499999999999997,0.22499999999999998,0.42500000000000004,0.65,0.7000000000000001,0.05,0.04826086956521739,0.054846192921883336,0.10885941562204625,0.9495,0.10789712732919254,0.10869565217391303,0.947,0.02,0.033,0.0,0.007,0.004,0.007,0.004,0.007
0.65,0.075,0.0,0.275,0.075,0.0,0.65,0.65,0.725,0.075,0.07511490683229814,0.020331646419671872,0.040383114792795195,0.9495,0.039786840062111806,0.04037267080745344,0.927,0.1555,0.006,0.0,0.0,0.0095,0.0,0.0095,0.0
0.65,0.075,0.25,0.20624999999999993,0.14375,0.06874999999999999,0.58125,0.65,0.725,0.075,0.07529503105590062,0.036258363151583206,0.07007712716098503,0.947,0.06942798913043478,0.06840062111801237,0.9405,0.098,0.006,0.0045,0.0005,0.0235,0.0005,0.0235,0.0005
0.65,0.075,0.5,0.13750000000000007,0.21249999999999997,0.13749999999999998,0.5125000000000001,0.65,0.725,0.075,0.07477950310559006,0.04551561510204437,0.09058256855831039,0.951,0.08978210403726708,0.09006211180124224,0.9475,0.071,0.0055,0.0055,0.0015,0.0215,0.0015,0.0215,0.0015
0.65,0.075,0.75,0.06874999999999992,0.28125,0.20625,0.44375000000000003,0.65,0.725,0.075,0.07455900621118014,0.05340601881948727,0.10711690106744186,0.95,0.10624596273291925,0.10559006211180127,0.95,0.0535,0.013,0.0075,0.0025,0.0205,0.0025,0.0205,0.0025
0.65,0.08,0.0,0.27,0.08,0.0,0.65,0.65,0.73,0.08,0.0796863354037267,0.021317399447871793,0.04150134944963178,0.931,0.040914402173913046,0.04037267080745344,0.93,0.225,0.0035,0.0015,0.0,0.0215,0.0,0.0215,0.0
0.65,0.08,0.25,0.2025,0.1475,0.06749999999999999,0.5825,0.65,0.73,0.08,0.08250621118012422,0.03568409799825663,0.07040421678561926,0.951,0.0696685559006211,0.06840062111801243,0.9475,0.1395,0.0025,0.0055,0.0005,0.036,0.0005,0.036,0.0005
0.65,0.08,0.5,0.135,0.21499999999999997,0.13499999999999998,0.515,0.65,0.73,0.08,0.08159937888198758,0.0460361430213423,0.09053327910774205,0.9495,0.08968614130434782,0.09006211180124224,0.9455,0.0945,0.004,0.013,0.0005,0.033,0.0005,0.033,0.0005
0.65,0.08,0.75,0.06750000000000006,0.2825,0.20249999999999996,0.44750000000000006,0.65,0.73,0.08,0.07936956521739132,0.053859217544349296,0.10672248317203385,0.955,0.1057777950310559,0.10559006211180127,0.954,0.071,0.007,0.0095,0.0005,0.022,0.0005,0.022,0.0005
0.65,0.1,0.0,0.25,0.1,0.0,0.65,0.65,0.75,0.1,0.09963043478260869,0.024355864454554933,0.045971853721436945,0.921,0.0453833850931677,0.046583850931676996,0.929,0.551,0.0,0.014,0.0,0.1405,0.0,0.1405,0.0
0.65,0.1,0.25,0.1875,0.1625,0.06249999999999999,0.5875,0.65,0.75,0.1,0.09920807453416149,0.036422064050192056,0.07134764573244946,0.9495,0.07075749223602483,0.0714285714285714,0.944,0.2575,0.0005,0.02,0.0,0.0895,0.0,0.0895,0.0
0.65,0.1,0.5,0.125,0.22499999999999998,0.12499999999999999,0.525,0.65,0.75,0.1,0.10182298136645963,0.04507493695995256,0.08967400201765155,0.95,0.08892426242236023,0.09006211180124218,0.95,0.184,0.0015,0.0235,0.0005,0.0785,0.0005,0.0785,0.0005
0.65,0.1,0.75,0.0625,0.2875,0.18749999999999997,0.4625,0.65,0.75,0.1,0.10013664596273293,0.055021854970325496,0.10543737042183311,0.941,0.10464390527950308,0.10559006211180122,0.9385,0.1485,0.0005,0.031,0.0,0.0725,0.0,0.0725,0.0
0.65,0.125,0.0,0.22499999999999998,0.125,0.0,0.65,0.65,0.775,0.125,0.12493478260869566,0.026727313649823416,0.05084240479514915,0.926,0.05026680900621117,0.04968944099378886,0.93,0.8665,0.0,0.1245,0.0,0.471,0.0,0.471,0.0
0.65,0.125,0.25,0.16874999999999996,0.18125,0.056249999999999994,0.59375,0.65,0.775,0.125,0.12525465838509317,0.03746203294696009,0.07274304437640927,0.944,0.07205271739130434,0.07142857142857145,0.9385,0.5205,0.0,0.0885,0.0,0.2555,0.0,0.2555,0.0
0.65,0.125,0.5,0.11249999999999984,0.23750000000000002,0.1125,0.5375000000000002,0.65,0.775,0.125,0.12447826086956522,0.045091486902703766,0.08911603022513605,0.9535,0.08845842391304347,0.09006211180124218,0.948,0.354,0.0,0.0685,0.0,0.1775,0.0,0.1775,0.0
0.65,0.125,0.75,0.05625000000000002,0.29374999999999996,0.16874999999999998,0.48125000000000007,0.65,0.775,0.125,0.12393478260869566,0.052659408334012656,0.103201356853274,0.9495,0.10234402173913043,0.10248447204968947,0.944,0.2805,0.0005,0.071,0.0,0.149,0.0,0.149,0.0
0.65,0.13,0.0,0.21999999999999997,0.13,0.0,0.65,0.65,0.78,0.13,0.12959627329192547,0.026201812252854385,0.05168644884494358,0.951,0.05102938664596274,0.052795031055900554,0.9445,0.912,0.0,0.151,0.0,0.543,0.0,0.543,0.0
0.65,0.13,0.25,0.16500000000000004,0.185,0.05499999999999999,0.595,0.65,0.78,0.13,0.13020186335403724,0.03717172155356638,0.07277091290372217,0.9445,0.07211125776397515,0.07142857142857145,0.9365,0.562,0.0,0.1135,0.0,0.297,0.0,0.297,0.0
0.65,0.13,0.5,0.10999999999999999,0.24,0.10999999999999999,0.54,0.65,0.78,0.13,0.13005590062111802,0.04589241527590221,0.08895402545224718,0.955,0.08817181677018633,0.08703416149068322,0.9475,0.4075,0.0,0.0985,0.0,0.227,0.0,0.227,0.0
0.65,0.13,0.75,0.05499999999999999,0.295,0.16499999999999998,0.48500000000000004,0.65,0.78,0.13,0.12758695652173913,0.05234288913159014,0.1028294421880416,0.944,0.1018625,0.10248447204968941,0.941,0.2995,0.001,0.0805,0.0,0.1635,0.0,0.1635,0.0
0.65,0.15,0.0,0.19999999999999996,0.15,0.0,0.65,0.65,0.8,0.15,0.14988819875776396,0.028417110950702873,0.05496232424303887,0.943,0.054324107142857146,0.052872670807453455,0.9405,0.977,0.0,0.393,0.0,0.804,0.0,0.804,0.0
0.65,0.15,0.25,0.15000000000000002,0.19999999999999998,0.049999999999999996,0.6,0.65,0.8,0.15,0.1510776397515528,0.038158449221667994,0.07343795854971631,0.942,0.07283994565217393,0.07158385093167696,0.94,0.7535,0.0,0.258,0.0,0.5125,0.0,0.5125,0.0
0.65,0.15,0.5,0.09999999999999998,0.25,0.09999999999999999,0.55,0.65,0.8,0.15,0.15000931677018634,0.04480606334104897,0.08833245286564621,0.9435,0.08758998447204967,0.08695652173913049,0.944,0.5935,0.0005,0.187,0.0,0.3595,0.0,0.3595,0.0
0.65,0.15,0.75,0.04999999999999994,0.30000000000000004,0.15000000000000002,0.5000000000000001,0.65,0.8,0.15,0.1497080745341615,0.0522259210509883,0.1009800795793419,0.9475,0.1001223602484472,0.09937888198757766,0.945,0.4705,0.0,0.16,0.0,0.2915,0.0,0.2915,0.0
0.65,0.2,0.0,0.15000000000000002,0.2,0.0,0.65,0.65,0.8500000000000001,0.2,0.2018664596273292,0.0314035087389798,0.06189748558400047,0.955,0.06115819099378882,0.06211180124223603,0.949,1.0,0.0,0.93,0.0,0.9935,0.0,0.9935,0.0
0.65,0.2,0.25,0.11249999999999993,0.2375,0.03749999999999999,0.6125,0.65,0.8500000000000001,0.2,0.20073602484472047,0.038476867400756024,0.07486038255381834,0.944,0.07427325310559006,0.0745341614906832,0.9405,0.9705,0.0,0.7505,0.0,0.9075,0.0,0.9075,0.0
0.65,0.2,0.5,0.07499999999999996,0.275,0.07499999999999998,0.5750000000000001,0.65,0.8500000000000001,0.2,0.19968012422360248,0.04390888586173284,0.08597212731849657,0.9495,0.08524996118012422,0.08392857142857141,0.9455,0.9135,0.0,0.5965,0.0,0.7905,0.0,0.7905,0.0
0.65,0.2,0.75,0.03749999999999998,0.3125,0.11249999999999998,0.5375000000000001,0.65,0.8500000000000001,0.2,0.20080434782608694,0.049403901248454264,0.09569909394719466,0.9455,0.09488555900621118,0.09324534161490688,0.947,0.869,0.0,0.514,0.0,0.706,0.0,0.706,0.0
0.8,0.0,0.0,0.19999999999999996,0.0,0.0,0.8,0.8,0.8,0.0,0.0,0.0,0.0,1.0,0.0,0.0,1.0,0.0,1.0,0.0,1.0,0.0,1.0,0.0,1.0
0.8,0.0,0.25,0.14999999999999994,0.049999999999999996,0.049999999999999996,0.7500000000000001,0.8,0.8,0.0,-0.00017080745341614912,0.025087248471918053,0.048318672412801716,0.9535,0.04783520962732919,0.0496894409937888,0.9565,0.0,0.587,0.0,0.24,0.0,0.24,0.0,0.24
0.8,0.0,0.5,0.09999999999999998,0.09999999999999998,0.09999999999999998,0.7000000000000001,0.8,0.8,0.0,0.00028260869565217416,0.03553902400369664,0.06890503742313545,0.944,0.06830046583850931,0.06832298136645965,0.9545,0.0,0.3345,0.0,0.141,0.0,0.141,0.0,0.141
0.8,0.0,0.75,0.050000000000000044,0.14999999999999997,0.14999999999999997,0.6500000000000001,0.8,0.8,0.0,0.0012826086956521739,0.04301251683638027,0.0843975234786323,0.948,0.08368777173913043,0.08385093167701863,0.9505,0.0005,0.232,0.0,0.0985,0.0,0.0985,0.0,0.0985
0.8,0.03,0.0,0.16999999999999993,0.03,0.0,0.8,0.8,0.8300000000000001,0.03,0.030649068322981365,0.013348285644963286,0.025953547795778634,0.873,0.02519285714285715,0.027950310559006153,0.949,0.0,0.425,0.0,0.0325,0.0,0.0325,0.0,0.0325
0.8,0.03,0.25,0.12749999999999995,0.07249999999999998,0.04249999999999999,0.7575000000000001,0.8,0.8300000000000001,0.03,0.02979813664596273,0.02713798069345592,0.05158368573001641,0.9345,0.051094875776397514,0.04976708074534158,0.9315,0.002,0.154,0.0,0.033,0.0,0.033,0.0,0.033
0.8,0.03,0.5,0.08499999999999996,0.11499999999999998,0.08499999999999998,0.7150000000000001,0.8,0.8300000000000001,0.03,0.029437888198757766,0.03480552728754302,0.06862680255938335,0.9545,0.0681111801242236,0.06832298136645965,0.949,0.005,0.103,0.0,0.021,0.0005,0.021,0.0005,0.021
0.8,0.03,0.75,0.04249999999999998,0.15749999999999997,0.12749999999999997,0.6725000000000001,0.8,0.8300000000000001,0.03,0.029928571428571426,0.04238594245028017,0.08198347839452386,0.9445,0.08123835403726708,0.08074534161490687,0.94,0.0075,0.0855,0.0,0.0295,0.001,0.0295,0.001,0.0295
0.8,0.05,0.0,0.1499999999999999,0.05,0.0,0.8,0.8,0.8500000000000001,0.05,0.049369565217391304,0.016903713899450893,0.03298257281843375,0.8995,0.0323713897515528,0.03416149068322977,0.9015,0.008,0.0905,0.0,0.0035,0.0,0.0035,0.0,0.0035
0.8,0.05,0.25,0.11249999999999993,0.0875,0.03749999999999999,0.7625000000000001,0.8,0.8500000000000001,0.05,0.04986645962732919,0.026900266373637106,0.05377362862431928,0.956,0.05327228260869565,0.052795031055900665,0.947,0.0195,0.0335,0.0005,0.0065,0.0015,0.0065,0.0015,0.0065
0.8,0.05,0.5,0.07499999999999996,0.12499999999999999,0.07499999999999998,0.7250000000000001,0.8,0.8500000000000001,0.05,0.0507639751552795,0.035516557543236606,0.06843826192513482,0.9425,0.06782857142857142,0.06832298136645965,0.941,0.022,0.037,0.0,0.004,0.0015,0.004,0.0015,0.004
0.8,0.05,0.75,0.03749999999999998,0.16249999999999998,0.11249999999999998,0.6875000000000001,0.8,0.8500000000000001,0.05,0.050090062111801247,0.04060169398196501,0.08043661776841968,0.9515,0.07975104813664595,0.08074534161490682,0.9465,0.0225,0.031,0.0005,0.0055,0.0035,0.0055,0.0035,0.0055
0.8,0.075,0.0,0.125,0.075,0.0,0.8,0.8,0.875,0.075,0.0746086956521739,0.020706077979769998,0.04023961112766279,0.948,0.03966234472049689,0.04037267080745344,0.926,0.1585,0.005,0.0005,0.0,0.011,0.0,0.011,0.0
0.8,0.075,0.25,0.09375,0.10624999999999998,0.03124999999999999,0.76875,0.8,0.875,0.075,0.0740527950310559,0.02867329217078507,0.0557749184355381,0.9455,0.05524844720496894,0.05590062111801242,0.9395,0.1155,0.005,0.0,0.0,0.014,0.0,0.014,0.0
0.8,0.075,0.5,0.0625,0.13749999999999998,0.06249999999999998,0.7375,0.8,0.875,0.075,0.07501552795031056,0.035320629613976494,0.06766783848332236,0.9465,0.06708971273291925,0.06832298136645959,0.943,0.101,0.0065,0.0035,0.0005,0.0195,0.0005,0.0195,0.0005
0.8,0.075,0.75,0.03125,0.16874999999999996,0.09374999999999997,0.70625,0.8,0.875,0.075,0.07594409937888198,0.040385860150844215,0.07811243346065402,0.94,0.07751843944099378,0.07763975155279501,0.9385,0.0885,0.008,0.0045,0.0015,0.0305,0.0015,0.0305,0.0015
0.8,0.08,0.0,0.12,0.08,0.0,0.8,0.8,0.88,0.08,0.08023291925465838,0.021766472749323727,0.04162026182619223,0.947,0.04099996118012422,0.04037267080745344,0.942,0.2415,0.0035,0.0015,0.0,0.024,0.0,0.024,0.0
0.8,0.08,0.25,0.08999999999999997,0.10999999999999999,0.02999999999999999,0.77,0.8,0.88,0.08,0.08007453416149068,0.02890112341483453,0.056058985199859114,0.946,0.05556758540372671,0.05590062111801242,0.944,0.157,0.0025,0.0025,0.0,0.0295,0.0,0.0295,0.0
0.8,0.08,0.5,0.05999999999999994,0.13999999999999999,0.05999999999999998,0.7400000000000001,0.8,0.88,0.08,0.07975776397515529,0.03388857858799883,0.06762736340891251,0.956,0.06703901397515527,0.06832298136645959,0.9515,0.116,0.003,0.005,0.0,0.028,0.0,0.028,0.0
0.8,0.08,0.75,0.030000000000000027,0.16999999999999998,0.08999999999999997,0.7100000000000001,0.8,0.88,0.08,0.0788416149068323,0.040749828987883555,0.07789464998278921,0.938,0.07719829192546585,0.07763975155279501,0.9335,0.099,0.0035,0.0075,0.002,0.0315,0.002,0.0315,0.002
0.8,0.1,0.0,0.09999999999999998,0.1,0.0,0.8,0.8,0.9,0.1,0.0993975155279503,0.024012830623877834,0.04593200609013515,0.917,0.04537589285714286,0.046583850931676996,0.923,0.56,0.0,0.014,0.0,0.1255,0.0,0.1255,0.0
0.8,0.1,0.25,0.07499999999999996,0.125,0.024999999999999988,0.775,0.8,0.9,0.1,0.1001024844720497,0.029633454387507197,0.05754158886388853,0.9475,0.05694798136645962,0.05590062111801247,0.9445,0.381,0.0005,0.018,0.0,0.122,0.0,0.122,0.0
0.8,0.1,0.5,0.050000000000000044,0.14999999999999997,0.049999999999999975,0.7500000000000001,0.8,0.9,0.1,0.10139130434782609,0.035158266735593344,0.0673439514353494,0.9365,0.06680644409937887,0.06832298136645959,0.9325,0.3035,0.0015,0.0295,0.0,0.1035,0.0,0.1035,0.0
0.8,0.1,0.75,0.025000000000000022,0.17499999999999996,0.07499999999999996,0.7250000000000001,0.8,0.9,0.1,0.10004658385093168,0.038019159467115385,0.07562911472655844,0.949,0.07496296583850931,0.07453416149068326,0.9445,0.2355,0.0015,0.026,0.0,0.0835,0.0,0.0835,0.0
0.8,0.125,0.0,0.07499999999999996,0.125,0.0,0.8,0.8,0.925,0.125,0.1251863354037267,0.02674938926734883,0.050883935024998175,0.9235,0.050229386645962736,0.04976708074534153,0.9275,0.8705,0.0,0.124,0.0,0.481,0.0,0.481,0.0
0.8,0.125,0.25,0.05624999999999992,0.14375000000000002,0.018749999999999992,0.7812500000000001,0.8,0.925,0.125,0.12477018633540374,0.030105970650825924,0.05888161623637278,0.946,0.058306094720496894,0.059006211180124224,0.938,0.701,0.0,0.098,0.0,0.3675,0.0,0.3675,0.0
0.8,0.125,0.5,0.03749999999999998,0.16249999999999998,0.03749999999999998,0.7625000000000001,0.8,0.925,0.125,0.12483540372670808,0.03320169751052186,0.06631866958846555,0.9525,0.06577445652173912,0.06521739130434784,0.946,0.5885,0.0,0.09,0.0,0.29,0.0,0.29,0.0
0.8,0.125,0.75,0.018750000000000044,0.18124999999999997,0.05624999999999997,0.7437500000000001,0.8,0.925,0.125,0.12359006211180125,0.03817601946191319,0.07262238356586949,0.939,0.07204270186335404,0.07142857142857145,0.936,0.4845,0.0,0.097,0.0,0.2375,0.0,0.2375,0.0
0.8,0.13,0.0,0.06999999999999995,0.13,0.0,0.8,0.8,0.93,0.13,0.1294378881987578,0.026025154543142012,0.051663195673940135,0.947,0.051001552795031053,0.052795031055900554,0.9405,0.9075,0.0,0.152,0.0,0.5315,0.0,0.5315,0.0
0.8,0.13,0.25,0.05249999999999999,0.1475,0.017499999999999988,0.7825000000000001,0.8,0.93,0.13,0.13004658385093165,0.03000216025550348,0.05918895799746292,0.9505,0.05855034937888199,0.059006211180124224,0.9475,0.7635,0.0,0.1415,0.0,0.4375,0.0,0.4375,0.0
0.8,0.13,0.5,0.03499999999999992,0.16499999999999998,0.034999999999999976,0.7650000000000001,0.8,0.93,0.13,0.13022360248447204,0.03374197508561311,0.06606667314046877,0.948,0.06550861801242235,0.06521739130434784,0.9435,0.6565,0.0,0.1325,0.0,0.3645,0.0,0.3645,0.0
0.8,0.13,0.75,0.01749999999999996,0.18249999999999997,0.05249999999999996,0.7475,0.8,0.93,0.13,0.1296521739130435,0.03678710755716192,0.07182983619636829,0.9435,0.07121537267080745,0.07142857142857145,0.9445,0.577,0.0,0.1085,0.0,0.307,0.0,0.307,0.0
0.8,0.15,0.0,0.04999999999999993,0.15,0.0,0.8,0.8,0.9500000000000001,0.15,0.15009006211180126,0.028444170898477374,0.0549942280779411,0.951,0.05435252329192546,0.052872670807453455,0.946,0.98,0.0,0.403,0.0,0.788,0.0,0.788,0.0
0.8,0.15,0.25,0.03749999999999998,0.16249999999999998,0.01249999999999999,0.7875000000000001,0.8,0.9500000000000001,0.15,0.14986335403726708,0.03122886963730651,0.06023724997909439,0.9435,0.0596880046583851,0.05900621118012428,0.9405,0.921,0.0,0.344,0.0,0.6865,0.0,0.6865,0.0
0.8,0.15,0.5,0.024999999999999915,0.17500000000000002,0.024999999999999984,0.7750000000000001,0.8,0.9500000000000001,0.15,0.14965838509316767,0.03302696083227455,0.06488882606904121,0.9415,0.0643916149068323,0.06521739130434784,0.9395,0.8575,0.0,0.302,0.0,0.6095,0.0,0.6095,0.0
0.8,0.15,0.75,0.012499999999999956,0.18749999999999997,0.03749999999999997,0.7625000000000001,0.8,0.9500000000000001,0.15,0.1490310559006211,0.03489541704163297,0.06937631134949483,0.9605,0.068677950310559,0.06832298136645965,0.9565,0.7915,0.0,0.2675,0.0,0.5355,0.0,0.5355,0.0
0.8,0.2,0.0,0.0,0.2,0.0,0.8,0.8,1.0,0.2,0.199583850931677,0.03155512787144092,0.06162672925073437,0.9415,0.06098315217391304,0.06211180124223603,0.9385,1.0,0.0,0.9175,0.0,0.9935,0.0,0.9935,0.0
0.8,0.2,0.25,0.0,0.2,0.0,0.8,0.8,1.0,0.2,0.19895962732919256,0.031633396438627386,0.061549576648317686,0.9405,0.06095582298136645,0.062111801242235976,0.939,0.9995,0.0,0.916,0.0,0.991,0.0,0.991,0.0
0.8,0.2,0.5,0.0,0.2,0.0,0.8,0.8,1.0,0.2,0.20005900621118014,0.030815164275170486,0.06169539879836955,0.952,0.06100807453416148,0.06211180124223603,0.9495,0.9995,0.0,0.9255,0.0,0.992,0.0,0.992,0.0
0.8,0.2,0.75,0.0,0.2,0.0,0.8,0.8,1.0,0.2,0.19953416149068323,0.03201720923292861,0.06161160153895983,0.94,0.06102395186335403,0.06211180124223603,0.935,1.0,0.0,0.916,0.0,0.991,0.0,0.991,0.0
