scenario,scenario_id,tau,tau_index,rho,rho_index,comparison,n_perturbations_N120,stability_n_per_class_N120,n_distinct_stream26_identities_N120,n_distinct_stability_memberships_N120,duplicate_stability_membership_count_N120,n_distinct_selected_C_N120,n_distinct_stability_supports_N120,largest_identical_stability_support_clique_N120,median_K_t_full_N120,median_K_t_stab_N120,min_K_t_stab_N120,max_K_t_stab_N120,empty_full_support_count_N120,singleton_full_support_count_N120,empty_stability_support_count_N120,singleton_stability_support_count_N120,full_collapse_class_N120,stability_collapse_class_N120,joint_collapse_class_N120,full_fit_collapse_N120,stability_fit_specific_collapse_N120,n_perturbations_N139,stability_n_per_class_N139,n_distinct_stream26_identities_N139,n_distinct_stability_memberships_N139,duplicate_stability_membership_count_N139,n_distinct_selected_C_N139,n_distinct_stability_supports_N139,largest_identical_stability_support_clique_N139,median_K_t_full_N139,median_K_t_stab_N139,min_K_t_stab_N139,max_K_t_stab_N139,empty_full_support_count_N139,singleton_full_support_count_N139,empty_stability_support_count_N139,singleton_stability_support_count_N139,full_collapse_class_N139,stability_collapse_class_N139,joint_collapse_class_N139,full_fit_collapse_N139,stability_fit_specific_collapse_N139
S0,0,,0,,0,N120_vs_N139,100,96,100,100,0,3,57,44,71.0,50.5,0,127,44,0,44,0,NONDEGENERATE_FOR_ARCHITECTURE_DIAGNOSTIC,NONDEGENERATE_FOR_ARCHITECTURE_DIAGNOSTIC,FULL_NONDEGENERATE_FOR_ARCHITECTURE_DIAGNOSTIC__STABILITY_NONDEGENERATE_FOR_ARCHITECTURE_DIAGNOSTIC,False,False,100,111,100,100,0,3,50,51,0.0,0.0,0,134,51,0,51,0,EMPTY,EMPTY,FULL_EMPTY__STABILITY_EMPTY,True,False
S1,1,1.118033988749895,4,,0,N120_vs_N139,100,96,100,100,0,3,69,32,69.5,51.0,0,128,32,0,32,0,NONDEGENERATE_FOR_ARCHITECTURE_DIAGNOSTIC,NONDEGENERATE_FOR_ARCHITECTURE_DIAGNOSTIC,FULL_NONDEGENERATE_FOR_ARCHITECTURE_DIAGNOSTIC__STABILITY_NONDEGENERATE_FOR_ARCHITECTURE_DIAGNOSTIC,False,False,100,111,100,100,0,3,85,16,93.0,67.0,0,141,16,0,16,0,NONDEGENERATE_FOR_ARCHITECTURE_DIAGNOSTIC,NONDEGENERATE_FOR_ARCHITECTURE_DIAGNOSTIC,FULL_NONDEGENERATE_FOR_ARCHITECTURE_DIAGNOSTIC__STABILITY_NONDEGENERATE_FOR_ARCHITECTURE_DIAGNOSTIC,False,False
S1,1,1.6770509831248424,5,,0,N120_vs_N139,100,96,100,100,0,2,100,1,59.0,46.0,34,111,0,0,0,0,NONDEGENERATE_FOR_ARCHITECTURE_DIAGNOSTIC,NONDEGENERATE_FOR_ARCHITECTURE_DIAGNOSTIC,FULL_NONDEGENERATE_FOR_ARCHITECTURE_DIAGNOSTIC__STABILITY_NONDEGENERATE_FOR_ARCHITECTURE_DIAGNOSTIC,False,False,100,111,100,100,0,2,100,1,73.0,54.5,45,120,0,0,0,0,NONDEGENERATE_FOR_ARCHITECTURE_DIAGNOSTIC,NONDEGENERATE_FOR_ARCHITECTURE_DIAGNOSTIC,FULL_NONDEGENERATE_FOR_ARCHITECTURE_DIAGNOSTIC__STABILITY_NONDEGENERATE_FOR_ARCHITECTURE_DIAGNOSTIC,False,False
S1,1,2.23606797749979,6,,0,N120_vs_N139,100,96,100,100,0,2,100,1,52.0,39.0,29,96,0,0,0,0,NONDEGENERATE_FOR_ARCHITECTURE_DIAGNOSTIC,NONDEGENERATE_FOR_ARCHITECTURE_DIAGNOSTIC,FULL_NONDEGENERATE_FOR_ARCHITECTURE_DIAGNOSTIC__STABILITY_NONDEGENERATE_FOR_ARCHITECTURE_DIAGNOSTIC,False,False,100,111,100,100,0,1,100,1,56.0,48.0,40,60,0,0,0,0,NONDEGENERATE_FOR_ARCHITECTURE_DIAGNOSTIC,NONDEGENERATE_FOR_ARCHITECTURE_DIAGNOSTIC,FULL_NONDEGENERATE_FOR_ARCHITECTURE_DIAGNOSTIC__STABILITY_NONDEGENERATE_FOR_ARCHITECTURE_DIAGNOSTIC,False,False
S1,1,2.7950849718747373,7,,0,N120_vs_N139,100,96,100,100,0,1,100,1,48.0,36.0,24,49,0,0,0,0,NONDEGENERATE_FOR_ARCHITECTURE_DIAGNOSTIC,NONDEGENERATE_FOR_ARCHITECTURE_DIAGNOSTIC,FULL_NONDEGENERATE_FOR_ARCHITECTURE_DIAGNOSTIC__STABILITY_NONDEGENERATE_FOR_ARCHITECTURE_DIAGNOSTIC,False,False,100,111,100,100,0,1,100,1,64.0,43.5,33,53,0,0,0,0,NONDEGENERATE_FOR_ARCHITECTURE_DIAGNOSTIC,NONDEGENERATE_FOR_ARCHITECTURE_DIAGNOSTIC,FULL_NONDEGENERATE_FOR_ARCHITECTURE_DIAGNOSTIC__STABILITY_NONDEGENERATE_FOR_ARCHITECTURE_DIAGNOSTIC,False,False
S1,1,3.3541019662496847,8,,0,N120_vs_N139,100,96,100,100,0,1,100,1,35.0,27.0,17,36,0,0,0,0,NONDEGENERATE_FOR_ARCHITECTURE_DIAGNOSTIC,NONDEGENERATE_FOR_ARCHITECTURE_DIAGNOSTIC,FULL_NONDEGENERATE_FOR_ARCHITECTURE_DIAGNOSTIC__STABILITY_NONDEGENERATE_FOR_ARCHITECTURE_DIAGNOSTIC,False,False,100,111,100,100,0,1,100,1,43.0,31.0,24,40,0,0,0,0,NONDEGENERATE_FOR_ARCHITECTURE_DIAGNOSTIC,NONDEGENERATE_FOR_ARCHITECTURE_DIAGNOSTIC,FULL_NONDEGENERATE_FOR_ARCHITECTURE_DIAGNOSTIC__STABILITY_NONDEGENERATE_FOR_ARCHITECTURE_DIAGNOSTIC,False,False
S2,2,0.223606797749979,0,,0,N120_vs_N139,100,96,100,100,0,3,61,40,73.0,52.0,0,127,40,0,40,0,NONDEGENERATE_FOR_ARCHITECTURE_DIAGNOSTIC,NONDEGENERATE_FOR_ARCHITECTURE_DIAGNOSTIC,FULL_NONDEGENERATE_FOR_ARCHITECTURE_DIAGNOSTIC__STABILITY_NONDEGENERATE_FOR_ARCHITECTURE_DIAGNOSTIC,False,False,100,111,100,100,0,3,49,52,0.0,0.0,0,146,52,0,52,0,EMPTY,EMPTY,FULL_EMPTY__STABILITY_EMPTY,True,False
S2,2,0.447213595499958,1,,0,N120_vs_N139,100,96,100,100,0,3,68,33,70.5,52.5,0,124,33,0,33,0,NONDEGENERATE_FOR_ARCHITECTURE_DIAGNOSTIC,NONDEGENERATE_FOR_ARCHITECTURE_DIAGNOSTIC,FULL_NONDEGENERATE_FOR_ARCHITECTURE_DIAGNOSTIC__STABILITY_NONDEGENERATE_FOR_ARCHITECTURE_DIAGNOSTIC,False,False,100,111,100,100,0,3,76,25,89.0,67.0,0,137,25,0,25,0,NONDEGENERATE_FOR_ARCHITECTURE_DIAGNOSTIC,NONDEGENERATE_FOR_ARCHITECTURE_DIAGNOSTIC,FULL_NONDEGENERATE_FOR_ARCHITECTURE_DIAGNOSTIC__STABILITY_NONDEGENERATE_FOR_ARCHITECTURE_DIAGNOSTIC,False,False
S2,2,0.6708203932499369,2,,0,N120_vs_N139,100,96,100,100,0,4,57,44,66.0,49.0,0,128,44,0,44,0,NONDEGENERATE_FOR_ARCHITECTURE_DIAGNOSTIC,NONDEGENERATE_FOR_ARCHITECTURE_DIAGNOSTIC,FULL_NONDEGENERATE_FOR_ARCHITECTURE_DIAGNOSTIC__STABILITY_NONDEGENERATE_FOR_ARCHITECTURE_DIAGNOSTIC,False,False,100,111,100,100,0,3,64,37,82.0,60.0,0,131,37,0,37,0,NONDEGENERATE_FOR_ARCHITECTURE_DIAGNOSTIC,NONDEGENERATE_FOR_ARCHITECTURE_DIAGNOSTIC,FULL_NONDEGENERATE_FOR_ARCHITECTURE_DIAGNOSTIC__STABILITY_NONDEGENERATE_FOR_ARCHITECTURE_DIAGNOSTIC,False,False
S2,2,0.894427190999916,3,,0,N120_vs_N139,100,96,100,100,0,4,89,12,71.0,52.0,0,125,11,1,12,0,NONDEGENERATE_FOR_ARCHITECTURE_DIAGNOSTIC,NONDEGENERATE_FOR_ARCHITECTURE_DIAGNOSTIC,FULL_NONDEGENERATE_FOR_ARCHITECTURE_DIAGNOSTIC__STABILITY_NONDEGENERATE_FOR_ARCHITECTURE_DIAGNOSTIC,False,False,100,111,100,100,0,3,93,8,89.0,64.5,0,128,8,0,8,0,NONDEGENERATE_FOR_ARCHITECTURE_DIAGNOSTIC,NONDEGENERATE_FOR_ARCHITECTURE_DIAGNOSTIC,FULL_NONDEGENERATE_FOR_ARCHITECTURE_DIAGNOSTIC__STABILITY_NONDEGENERATE_FOR_ARCHITECTURE_DIAGNOSTIC,False,False
S3,3,0.223606797749979,0,0.7,0,N120_vs_N139,100,96,100,100,0,4,46,55,0.0,0.0,0,138,55,0,55,0,EMPTY,EMPTY,FULL_EMPTY__STABILITY_EMPTY,True,False,100,111,100,100,0,3,45,56,0.0,0.0,0,147,56,0,56,0,EMPTY,EMPTY,FULL_EMPTY__STABILITY_EMPTY,True,False
S3,3,0.223606797749979,0,0.9,1,N120_vs_N139,100,96,100,100,0,3,45,56,0.0,0.0,0,127,56,0,56,0,EMPTY,EMPTY,FULL_EMPTY__STABILITY_EMPTY,True,False,100,111,100,100,0,4,44,57,0.0,0.0,0,153,57,0,57,0,EMPTY,EMPTY,FULL_EMPTY__STABILITY_EMPTY,True,False
S3,3,0.223606797749979,0,0.99,2,N120_vs_N139,100,96,100,100,0,4,40,61,0.0,0.0,0,143,61,0,61,0,EMPTY,EMPTY,FULL_EMPTY__STABILITY_EMPTY,True,False,100,111,100,100,0,4,43,58,0.0,0.0,0,152,58,0,58,0,EMPTY,EMPTY,FULL_EMPTY__STABILITY_EMPTY,True,False
S3,3,0.447213595499958,1,0.7,0,N120_vs_N139,100,96,100,100,0,4,44,57,0.0,0.0,0,137,57,0,57,0,EMPTY,EMPTY,FULL_EMPTY__STABILITY_EMPTY,True,False,100,111,100,100,0,4,43,58,0.0,0.0,0,159,58,0,58,0,EMPTY,EMPTY,FULL_EMPTY__STABILITY_EMPTY,True,False
S3,3,0.447213595499958,1,0.9,1,N120_vs_N139,100,96,100,100,0,3,33,68,0.0,0.0,0,123,68,0,68,0,EMPTY,EMPTY,FULL_EMPTY__STABILITY_EMPTY,True,False,100,111,100,100,0,3,42,59,0.0,0.0,0,142,59,0,59,0,EMPTY,EMPTY,FULL_EMPTY__STABILITY_EMPTY,True,False
S3,3,0.447213595499958,1,0.99,2,N120_vs_N139,100,96,100,100,0,3,42,59,0.0,0.0,0,121,59,0,59,0,EMPTY,EMPTY,FULL_EMPTY__STABILITY_EMPTY,True,False,100,111,100,100,0,4,43,58,0.0,0.0,0,162,58,0,58,0,EMPTY,EMPTY,FULL_EMPTY__STABILITY_EMPTY,True,False
S3,3,0.6708203932499369,2,0.7,0,N120_vs_N139,100,96,100,100,0,3,78,23,70.5,52.0,0,113,23,0,23,0,NONDEGENERATE_FOR_ARCHITECTURE_DIAGNOSTIC,NONDEGENERATE_FOR_ARCHITECTURE_DIAGNOSTIC,FULL_NONDEGENERATE_FOR_ARCHITECTURE_DIAGNOSTIC__STABILITY_NONDEGENERATE_FOR_ARCHITECTURE_DIAGNOSTIC,False,False,100,111,100,100,0,4,85,16,78.0,63.0,0,156,16,0,16,0,NONDEGENERATE_FOR_ARCHITECTURE_DIAGNOSTIC,NONDEGENERATE_FOR_ARCHITECTURE_DIAGNOSTIC,FULL_NONDEGENERATE_FOR_ARCHITECTURE_DIAGNOSTIC__STABILITY_NONDEGENERATE_FOR_ARCHITECTURE_DIAGNOSTIC,False,False
S3,3,0.6708203932499369,2,0.9,1,N120_vs_N139,100,96,100,100,0,3,78,23,68.5,51.0,0,117,23,0,23,0,NONDEGENERATE_FOR_ARCHITECTURE_DIAGNOSTIC,NONDEGENERATE_FOR_ARCHITECTURE_DIAGNOSTIC,FULL_NONDEGENERATE_FOR_ARCHITECTURE_DIAGNOSTIC__STABILITY_NONDEGENERATE_FOR_ARCHITECTURE_DIAGNOSTIC,False,False,100,111,100,100,0,3,80,21,83.0,64.0,0,134,21,0,21,0,NONDEGENERATE_FOR_ARCHITECTURE_DIAGNOSTIC,NONDEGENERATE_FOR_ARCHITECTURE_DIAGNOSTIC,FULL_NONDEGENERATE_FOR_ARCHITECTURE_DIAGNOSTIC__STABILITY_NONDEGENERATE_FOR_ARCHITECTURE_DIAGNOSTIC,False,False
S3,3,0.6708203932499369,2,0.99,2,N120_vs_N139,100,96,100,100,0,3,55,46,65.5,49.0,0,125,46,0,46,0,NONDEGENERATE_FOR_ARCHITECTURE_DIAGNOSTIC,NONDEGENERATE_FOR_ARCHITECTURE_DIAGNOSTIC,FULL_NONDEGENERATE_FOR_ARCHITECTURE_DIAGNOSTIC__STABILITY_NONDEGENERATE_FOR_ARCHITECTURE_DIAGNOSTIC,False,False,100,111,100,100,0,4,74,27,84.0,63.0,0,139,27,0,27,0,NONDEGENERATE_FOR_ARCHITECTURE_DIAGNOSTIC,NONDEGENERATE_FOR_ARCHITECTURE_DIAGNOSTIC,FULL_NONDEGENERATE_FOR_ARCHITECTURE_DIAGNOSTIC__STABILITY_NONDEGENERATE_FOR_ARCHITECTURE_DIAGNOSTIC,False,False
S3,3,0.894427190999916,3,0.7,0,N120_vs_N139,100,96,100,100,0,4,70,31,73.5,56.0,0,142,31,0,31,0,NONDEGENERATE_FOR_ARCHITECTURE_DIAGNOSTIC,NONDEGENERATE_FOR_ARCHITECTURE_DIAGNOSTIC,FULL_NONDEGENERATE_FOR_ARCHITECTURE_DIAGNOSTIC__STABILITY_NONDEGENERATE_FOR_ARCHITECTURE_DIAGNOSTIC,False,False,100,111,100,100,0,4,83,18,99.0,70.0,0,147,18,0,18,0,NONDEGENERATE_FOR_ARCHITECTURE_DIAGNOSTIC,NONDEGENERATE_FOR_ARCHITECTURE_DIAGNOSTIC,FULL_NONDEGENERATE_FOR_ARCHITECTURE_DIAGNOSTIC__STABILITY_NONDEGENERATE_FOR_ARCHITECTURE_DIAGNOSTIC,False,False
S3,3,0.894427190999916,3,0.9,1,N120_vs_N139,100,96,100,100,0,3,76,25,74.0,56.0,0,126,25,0,25,0,NONDEGENERATE_FOR_ARCHITECTURE_DIAGNOSTIC,NONDEGENERATE_FOR_ARCHITECTURE_DIAGNOSTIC,FULL_NONDEGENERATE_FOR_ARCHITECTURE_DIAGNOSTIC__STABILITY_NONDEGENERATE_FOR_ARCHITECTURE_DIAGNOSTIC,False,False,100,111,100,100,0,4,82,19,99.0,69.0,0,164,19,0,19,0,NONDEGENERATE_FOR_ARCHITECTURE_DIAGNOSTIC,NONDEGENERATE_FOR_ARCHITECTURE_DIAGNOSTIC,FULL_NONDEGENERATE_FOR_ARCHITECTURE_DIAGNOSTIC__STABILITY_NONDEGENERATE_FOR_ARCHITECTURE_DIAGNOSTIC,False,False
S3,3,0.894427190999916,3,0.99,2,N120_vs_N139,100,96,100,100,0,4,78,23,75.5,54.0,0,130,23,0,23,0,NONDEGENERATE_FOR_ARCHITECTURE_DIAGNOSTIC,NONDEGENERATE_FOR_ARCHITECTURE_DIAGNOSTIC,FULL_NONDEGENERATE_FOR_ARCHITECTURE_DIAGNOSTIC__STABILITY_NONDEGENERATE_FOR_ARCHITECTURE_DIAGNOSTIC,False,False,100,111,100,100,0,4,80,21,97.0,69.0,0,162,21,0,21,0,NONDEGENERATE_FOR_ARCHITECTURE_DIAGNOSTIC,NONDEGENERATE_FOR_ARCHITECTURE_DIAGNOSTIC,FULL_NONDEGENERATE_FOR_ARCHITECTURE_DIAGNOSTIC__STABILITY_NONDEGENERATE_FOR_ARCHITECTURE_DIAGNOSTIC,False,False
S3,3,1.118033988749895,4,0.7,0,N120_vs_N139,100,96,100,100,0,4,97,4,67.0,50.0,0,113,4,1,4,1,NONDEGENERATE_FOR_ARCHITECTURE_DIAGNOSTIC,NONDEGENERATE_FOR_ARCHITECTURE_DIAGNOSTIC,FULL_NONDEGENERATE_FOR_ARCHITECTURE_DIAGNOSTIC__STABILITY_NONDEGENERATE_FOR_ARCHITECTURE_DIAGNOSTIC,False,False,100,111,100,100,0,3,100,1,76.0,61.0,1,120,0,0,0,1,NONDEGENERATE_FOR_ARCHITECTURE_DIAGNOSTIC,NONDEGENERATE_FOR_ARCHITECTURE_DIAGNOSTIC,FULL_NONDEGENERATE_FOR_ARCHITECTURE_DIAGNOSTIC__STABILITY_NONDEGENERATE_FOR_ARCHITECTURE_DIAGNOSTIC,False,False
S3,3,1.118033988749895,4,0.9,1,N120_vs_N139,100,96,100,100,0,4,96,5,66.0,50.0,0,115,5,0,5,1,NONDEGENERATE_FOR_ARCHITECTURE_DIAGNOSTIC,NONDEGENERATE_FOR_ARCHITECTURE_DIAGNOSTIC,FULL_NONDEGENERATE_FOR_ARCHITECTURE_DIAGNOSTIC__STABILITY_NONDEGENERATE_FOR_ARCHITECTURE_DIAGNOSTIC,False,False,100,111,100,100,0,4,100,1,76.0,61.0,0,131,1,0,1,1,NONDEGENERATE_FOR_ARCHITECTURE_DIAGNOSTIC,NONDEGENERATE_FOR_ARCHITECTURE_DIAGNOSTIC,FULL_NONDEGENERATE_FOR_ARCHITECTURE_DIAGNOSTIC__STABILITY_NONDEGENERATE_FOR_ARCHITECTURE_DIAGNOSTIC,False,False
S3,3,1.118033988749895,4,0.99,2,N120_vs_N139,100,96,100,100,0,3,88,13,68.0,51.0,0,125,13,0,13,0,NONDEGENERATE_FOR_ARCHITECTURE_DIAGNOSTIC,NONDEGENERATE_FOR_ARCHITECTURE_DIAGNOSTIC,FULL_NONDEGENERATE_FOR_ARCHITECTURE_DIAGNOSTIC__STABILITY_NONDEGENERATE_FOR_ARCHITECTURE_DIAGNOSTIC,False,False,100,111,100,100,0,4,97,4,77.0,62.0,0,131,3,0,4,0,NONDEGENERATE_FOR_ARCHITECTURE_DIAGNOSTIC,NONDEGENERATE_FOR_ARCHITECTURE_DIAGNOSTIC,FULL_NONDEGENERATE_FOR_ARCHITECTURE_DIAGNOSTIC__STABILITY_NONDEGENERATE_FOR_ARCHITECTURE_DIAGNOSTIC,False,False
S3,3,1.6770509831248424,5,0.7,0,N120_vs_N139,100,96,100,100,0,2,99,2,66.0,48.5,1,59,0,0,0,2,NONDEGENERATE_FOR_ARCHITECTURE_DIAGNOSTIC,NONDEGENERATE_FOR_ARCHITECTURE_DIAGNOSTIC,FULL_NONDEGENERATE_FOR_ARCHITECTURE_DIAGNOSTIC__STABILITY_NONDEGENERATE_FOR_ARCHITECTURE_DIAGNOSTIC,False,False,100,111,100,100,0,2,96,5,82.0,58.5,1,69,0,0,0,5,NONDEGENERATE_FOR_ARCHITECTURE_DIAGNOSTIC,NONDEGENERATE_FOR_ARCHITECTURE_DIAGNOSTIC,FULL_NONDEGENERATE_FOR_ARCHITECTURE_DIAGNOSTIC__STABILITY_NONDEGENERATE_FOR_ARCHITECTURE_DIAGNOSTIC,False,False
S3,3,1.6770509831248424,5,0.9,1,N120_vs_N139,100,96,100,100,0,2,99,2,62.0,44.0,1,58,0,1,0,2,NONDEGENERATE_FOR_ARCHITECTURE_DIAGNOSTIC,NONDEGENERATE_FOR_ARCHITECTURE_DIAGNOSTIC,FULL_NONDEGENERATE_FOR_ARCHITECTURE_DIAGNOSTIC__STABILITY_NONDEGENERATE_FOR_ARCHITECTURE_DIAGNOSTIC,False,False,100,111,100,100,0,2,95,4,78.0,56.0,1,69,0,0,0,5,NONDEGENERATE_FOR_ARCHITECTURE_DIAGNOSTIC,NONDEGENERATE_FOR_ARCHITECTURE_DIAGNOSTIC,FULL_NONDEGENERATE_FOR_ARCHITECTURE_DIAGNOSTIC__STABILITY_NONDEGENERATE_FOR_ARCHITECTURE_DIAGNOSTIC,False,False
S3,3,1.6770509831248424,5,0.99,2,N120_vs_N139,100,96,100,100,0,2,100,1,59.5,44.0,1,55,0,0,0,1,NONDEGENERATE_FOR_ARCHITECTURE_DIAGNOSTIC,NONDEGENERATE_FOR_ARCHITECTURE_DIAGNOSTIC,FULL_NONDEGENERATE_FOR_ARCHITECTURE_DIAGNOSTIC__STABILITY_NONDEGENERATE_FOR_ARCHITECTURE_DIAGNOSTIC,False,False,100,111,100,100,0,2,93,6,75.0,53.0,1,62,0,0,0,6,NONDEGENERATE_FOR_ARCHITECTURE_DIAGNOSTIC,NONDEGENERATE_FOR_ARCHITECTURE_DIAGNOSTIC,FULL_NONDEGENERATE_FOR_ARCHITECTURE_DIAGNOSTIC__STABILITY_NONDEGENERATE_FOR_ARCHITECTURE_DIAGNOSTIC,False,False
S3,3,2.23606797749979,6,0.7,0,N120_vs_N139,100,96,100,100,0,1,100,1,53.5,40.0,28,48,0,0,0,0,NONDEGENERATE_FOR_ARCHITECTURE_DIAGNOSTIC,NONDEGENERATE_FOR_ARCHITECTURE_DIAGNOSTIC,FULL_NONDEGENERATE_FOR_ARCHITECTURE_DIAGNOSTIC__STABILITY_NONDEGENERATE_FOR_ARCHITECTURE_DIAGNOSTIC,False,False,100,111,100,100,0,2,100,1,67.0,48.0,38,114,0,0,0,0,NONDEGENERATE_FOR_ARCHITECTURE_DIAGNOSTIC,NONDEGENERATE_FOR_ARCHITECTURE_DIAGNOSTIC,FULL_NONDEGENERATE_FOR_ARCHITECTURE_DIAGNOSTIC__STABILITY_NONDEGENERATE_FOR_ARCHITECTURE_DIAGNOSTIC,False,False
S3,3,2.23606797749979,6,0.9,1,N120_vs_N139,100,96,100,100,0,2,100,1,52.0,37.0,25,92,0,0,0,0,NONDEGENERATE_FOR_ARCHITECTURE_DIAGNOSTIC,NONDEGENERATE_FOR_ARCHITECTURE_DIAGNOSTIC,FULL_NONDEGENERATE_FOR_ARCHITECTURE_DIAGNOSTIC__STABILITY_NONDEGENERATE_FOR_ARCHITECTURE_DIAGNOSTIC,False,False,100,111,100,100,0,1,100,1,61.0,45.0,33,57,0,0,0,0,NONDEGENERATE_FOR_ARCHITECTURE_DIAGNOSTIC,NONDEGENERATE_FOR_ARCHITECTURE_DIAGNOSTIC,FULL_NONDEGENERATE_FOR_ARCHITECTURE_DIAGNOSTIC__STABILITY_NONDEGENERATE_FOR_ARCHITECTURE_DIAGNOSTIC,False,False
S3,3,2.23606797749979,6,0.99,2,N120_vs_N139,100,96,100,100,0,1,100,1,50.0,37.0,27,49,0,0,0,0,NONDEGENERATE_FOR_ARCHITECTURE_DIAGNOSTIC,NONDEGENERATE_FOR_ARCHITECTURE_DIAGNOSTIC,FULL_NONDEGENERATE_FOR_ARCHITECTURE_DIAGNOSTIC__STABILITY_NONDEGENERATE_FOR_ARCHITECTURE_DIAGNOSTIC,False,False,100,111,100,100,0,1,100,1,61.0,43.0,34,59,0,0,0,0,NONDEGENERATE_FOR_ARCHITECTURE_DIAGNOSTIC,NONDEGENERATE_FOR_ARCHITECTURE_DIAGNOSTIC,FULL_NONDEGENERATE_FOR_ARCHITECTURE_DIAGNOSTIC__STABILITY_NONDEGENERATE_FOR_ARCHITECTURE_DIAGNOSTIC,False,False
S3,3,2.7950849718747373,7,0.7,0,N120_vs_N139,100,96,100,100,0,2,100,1,48.0,40.0,30,86,0,0,0,0,NONDEGENERATE_FOR_ARCHITECTURE_DIAGNOSTIC,NONDEGENERATE_FOR_ARCHITECTURE_DIAGNOSTIC,FULL_NONDEGENERATE_FOR_ARCHITECTURE_DIAGNOSTIC__STABILITY_NONDEGENERATE_FOR_ARCHITECTURE_DIAGNOSTIC,False,False,100,111,100,100,0,1,100,1,54.0,46.0,35,54,0,0,0,0,NONDEGENERATE_FOR_ARCHITECTURE_DIAGNOSTIC,NONDEGENERATE_FOR_ARCHITECTURE_DIAGNOSTIC,FULL_NONDEGENERATE_FOR_ARCHITECTURE_DIAGNOSTIC__STABILITY_NONDEGENERATE_FOR_ARCHITECTURE_DIAGNOSTIC,False,False
S3,3,2.7950849718747373,7,0.9,1,N120_vs_N139,100,96,100,100,0,1,100,1,42.0,34.0,23,45,0,0,0,0,NONDEGENERATE_FOR_ARCHITECTURE_DIAGNOSTIC,NONDEGENERATE_FOR_ARCHITECTURE_DIAGNOSTIC,FULL_NONDEGENERATE_FOR_ARCHITECTURE_DIAGNOSTIC__STABILITY_NONDEGENERATE_FOR_ARCHITECTURE_DIAGNOSTIC,False,False,100,111,100,100,0,1,100,1,48.0,39.0,30,49,0,0,0,0,NONDEGENERATE_FOR_ARCHITECTURE_DIAGNOSTIC,NONDEGENERATE_FOR_ARCHITECTURE_DIAGNOSTIC,FULL_NONDEGENERATE_FOR_ARCHITECTURE_DIAGNOSTIC__STABILITY_NONDEGENERATE_FOR_ARCHITECTURE_DIAGNOSTIC,False,False
S3,3,2.7950849718747373,7,0.99,2,N120_vs_N139,100,96,100,100,0,1,100,1,38.0,30.0,23,41,0,0,0,0,NONDEGENERATE_FOR_ARCHITECTURE_DIAGNOSTIC,NONDEGENERATE_FOR_ARCHITECTURE_DIAGNOSTIC,FULL_NONDEGENERATE_FOR_ARCHITECTURE_DIAGNOSTIC__STABILITY_NONDEGENERATE_FOR_ARCHITECTURE_DIAGNOSTIC,False,False,100,111,100,100,0,1,100,1,46.0,35.0,24,44,0,0,0,0,NONDEGENERATE_FOR_ARCHITECTURE_DIAGNOSTIC,NONDEGENERATE_FOR_ARCHITECTURE_DIAGNOSTIC,FULL_NONDEGENERATE_FOR_ARCHITECTURE_DIAGNOSTIC__STABILITY_NONDEGENERATE_FOR_ARCHITECTURE_DIAGNOSTIC,False,False
S3,3,3.3541019662496847,8,0.7,0,N120_vs_N139,100,96,100,100,0,1,100,1,55.0,42.0,30,54,0,0,0,0,NONDEGENERATE_FOR_ARCHITECTURE_DIAGNOSTIC,NONDEGENERATE_FOR_ARCHITECTURE_DIAGNOSTIC,FULL_NONDEGENERATE_FOR_ARCHITECTURE_DIAGNOSTIC__STABILITY_NONDEGENERATE_FOR_ARCHITECTURE_DIAGNOSTIC,False,False,100,111,100,100,0,1,100,1,68.0,50.0,39,64,0,0,0,0,NONDEGENERATE_FOR_ARCHITECTURE_DIAGNOSTIC,NONDEGENERATE_FOR_ARCHITECTURE_DIAGNOSTIC,FULL_NONDEGENERATE_FOR_ARCHITECTURE_DIAGNOSTIC__STABILITY_NONDEGENERATE_FOR_ARCHITECTURE_DIAGNOSTIC,False,False
S3,3,3.3541019662496847,8,0.9,1,N120_vs_N139,100,96,100,100,0,1,100,1,48.0,36.0,24,49,0,0,0,0,NONDEGENERATE_FOR_ARCHITECTURE_DIAGNOSTIC,NONDEGENERATE_FOR_ARCHITECTURE_DIAGNOSTIC,FULL_NONDEGENERATE_FOR_ARCHITECTURE_DIAGNOSTIC__STABILITY_NONDEGENERATE_FOR_ARCHITECTURE_DIAGNOSTIC,False,False,100,111,100,100,0,2,100,1,55.0,43.0,27,92,0,0,0,0,NONDEGENERATE_FOR_ARCHITECTURE_DIAGNOSTIC,NONDEGENERATE_FOR_ARCHITECTURE_DIAGNOSTIC,FULL_NONDEGENERATE_FOR_ARCHITECTURE_DIAGNOSTIC__STABILITY_NONDEGENERATE_FOR_ARCHITECTURE_DIAGNOSTIC,False,False
S3,3,3.3541019662496847,8,0.99,2,N120_vs_N139,100,96,100,100,0,1,100,1,45.0,35.0,23,47,0,0,0,0,NONDEGENERATE_FOR_ARCHITECTURE_DIAGNOSTIC,NONDEGENERATE_FOR_ARCHITECTURE_DIAGNOSTIC,FULL_NONDEGENERATE_FOR_ARCHITECTURE_DIAGNOSTIC__STABILITY_NONDEGENERATE_FOR_ARCHITECTURE_DIAGNOSTIC,False,False,100,111,100,100,0,2,100,1,59.0,39.5,30,92,0,0,0,0,NONDEGENERATE_FOR_ARCHITECTURE_DIAGNOSTIC,NONDEGENERATE_FOR_ARCHITECTURE_DIAGNOSTIC,FULL_NONDEGENERATE_FOR_ARCHITECTURE_DIAGNOSTIC__STABILITY_NONDEGENERATE_FOR_ARCHITECTURE_DIAGNOSTIC,False,False
S4,4,0.223606797749979,0,,0,N120_vs_N139,100,96,100,100,0,3,29,72,0.0,0.0,0,121,72,0,72,0,EMPTY,EMPTY,FULL_EMPTY__STABILITY_EMPTY,True,False,100,111,100,100,0,4,22,79,0.0,0.0,0,167,79,0,79,0,EMPTY,EMPTY,FULL_EMPTY__STABILITY_EMPTY,True,False
S4,4,0.447213595499958,1,,0,N120_vs_N139,100,96,100,100,0,3,83,18,71.0,54.5,0,122,18,0,18,0,NONDEGENERATE_FOR_ARCHITECTURE_DIAGNOSTIC,NONDEGENERATE_FOR_ARCHITECTURE_DIAGNOSTIC,FULL_NONDEGENERATE_FOR_ARCHITECTURE_DIAGNOSTIC__STABILITY_NONDEGENERATE_FOR_ARCHITECTURE_DIAGNOSTIC,False,False,100,111,100,100,0,3,98,3,85.0,66.0,0,138,3,0,3,0,NONDEGENERATE_FOR_ARCHITECTURE_DIAGNOSTIC,NONDEGENERATE_FOR_ARCHITECTURE_DIAGNOSTIC,FULL_NONDEGENERATE_FOR_ARCHITECTURE_DIAGNOSTIC__STABILITY_NONDEGENERATE_FOR_ARCHITECTURE_DIAGNOSTIC,False,False
S4,4,0.6708203932499369,2,,0,N120_vs_N139,100,96,100,100,0,3,27,74,0.0,0.0,0,126,74,0,74,0,EMPTY,EMPTY,FULL_EMPTY__STABILITY_EMPTY,True,False,100,111,100,100,0,4,25,76,0.0,0.0,0,159,76,0,76,0,EMPTY,EMPTY,FULL_EMPTY__STABILITY_EMPTY,True,False
S4,4,0.894427190999916,3,,0,N120_vs_N139,100,96,100,100,0,4,42,59,0.0,0.0,0,135,59,0,59,0,EMPTY,EMPTY,FULL_EMPTY__STABILITY_EMPTY,True,False,100,111,100,100,0,3,57,44,99.0,65.0,0,143,44,0,44,0,NONDEGENERATE_FOR_ARCHITECTURE_DIAGNOSTIC,NONDEGENERATE_FOR_ARCHITECTURE_DIAGNOSTIC,FULL_NONDEGENERATE_FOR_ARCHITECTURE_DIAGNOSTIC__STABILITY_NONDEGENERATE_FOR_ARCHITECTURE_DIAGNOSTIC,False,False
S4,4,1.118033988749895,4,,0,N120_vs_N139,100,96,100,100,0,4,59,42,73.0,53.0,0,140,42,0,42,0,NONDEGENERATE_FOR_ARCHITECTURE_DIAGNOSTIC,NONDEGENERATE_FOR_ARCHITECTURE_DIAGNOSTIC,FULL_NONDEGENERATE_FOR_ARCHITECTURE_DIAGNOSTIC__STABILITY_NONDEGENERATE_FOR_ARCHITECTURE_DIAGNOSTIC,False,False,100,111,100,100,0,4,67,34,97.0,68.5,0,165,34,0,34,0,NONDEGENERATE_FOR_ARCHITECTURE_DIAGNOSTIC,NONDEGENERATE_FOR_ARCHITECTURE_DIAGNOSTIC,FULL_NONDEGENERATE_FOR_ARCHITECTURE_DIAGNOSTIC__STABILITY_NONDEGENERATE_FOR_ARCHITECTURE_DIAGNOSTIC,False,False
S4,4,1.6770509831248424,5,,0,N120_vs_N139,100,96,100,100,0,4,68,33,78.0,56.0,0,142,33,0,33,0,NONDEGENERATE_FOR_ARCHITECTURE_DIAGNOSTIC,NONDEGENERATE_FOR_ARCHITECTURE_DIAGNOSTIC,FULL_NONDEGENERATE_FOR_ARCHITECTURE_DIAGNOSTIC__STABILITY_NONDEGENERATE_FOR_ARCHITECTURE_DIAGNOSTIC,False,False,100,111,100,100,0,3,71,30,101.0,68.0,0,143,30,0,30,0,NONDEGENERATE_FOR_ARCHITECTURE_DIAGNOSTIC,NONDEGENERATE_FOR_ARCHITECTURE_DIAGNOSTIC,FULL_NONDEGENERATE_FOR_ARCHITECTURE_DIAGNOSTIC__STABILITY_NONDEGENERATE_FOR_ARCHITECTURE_DIAGNOSTIC,False,False
S4,4,2.23606797749979,6,,0,N120_vs_N139,100,96,100,100,0,4,75,26,78.0,57.0,0,132,26,0,26,0,NONDEGENERATE_FOR_ARCHITECTURE_DIAGNOSTIC,NONDEGENERATE_FOR_ARCHITECTURE_DIAGNOSTIC,FULL_NONDEGENERATE_FOR_ARCHITECTURE_DIAGNOSTIC__STABILITY_NONDEGENERATE_FOR_ARCHITECTURE_DIAGNOSTIC,False,False,100,111,100,100,0,4,88,13,88.0,71.0,0,168,13,0,13,0,NONDEGENERATE_FOR_ARCHITECTURE_DIAGNOSTIC,NONDEGENERATE_FOR_ARCHITECTURE_DIAGNOSTIC,FULL_NONDEGENERATE_FOR_ARCHITECTURE_DIAGNOSTIC__STABILITY_NONDEGENERATE_FOR_ARCHITECTURE_DIAGNOSTIC,False,False
S4,4,2.7950849718747373,7,,0,N120_vs_N139,100,96,100,100,0,4,83,18,78.5,57.5,0,138,18,0,18,0,NONDEGENERATE_FOR_ARCHITECTURE_DIAGNOSTIC,NONDEGENERATE_FOR_ARCHITECTURE_DIAGNOSTIC,FULL_NONDEGENERATE_FOR_ARCHITECTURE_DIAGNOSTIC__STABILITY_NONDEGENERATE_FOR_ARCHITECTURE_DIAGNOSTIC,False,False,100,111,100,100,0,4,93,8,91.0,73.0,0,159,8,0,8,0,NONDEGENERATE_FOR_ARCHITECTURE_DIAGNOSTIC,NONDEGENERATE_FOR_ARCHITECTURE_DIAGNOSTIC,FULL_NONDEGENERATE_FOR_ARCHITECTURE_DIAGNOSTIC__STABILITY_NONDEGENERATE_FOR_ARCHITECTURE_DIAGNOSTIC,False,False
S4,4,3.3541019662496847,8,,0,N120_vs_N139,100,96,100,100,0,4,59,42,75.0,52.0,0,132,42,0,42,0,NONDEGENERATE_FOR_ARCHITECTURE_DIAGNOSTIC,NONDEGENERATE_FOR_ARCHITECTURE_DIAGNOSTIC,FULL_NONDEGENERATE_FOR_ARCHITECTURE_DIAGNOSTIC__STABILITY_NONDEGENERATE_FOR_ARCHITECTURE_DIAGNOSTIC,False,False,100,111,100,100,0,3,70,31,91.0,68.0,0,147,31,0,31,0,NONDEGENERATE_FOR_ARCHITECTURE_DIAGNOSTIC,NONDEGENERATE_FOR_ARCHITECTURE_DIAGNOSTIC,FULL_NONDEGENERATE_FOR_ARCHITECTURE_DIAGNOSTIC__STABILITY_NONDEGENERATE_FOR_ARCHITECTURE_DIAGNOSTIC,False,False
S5,5,0.223606797749979,0,,0,N120_vs_N139,100,96,100,100,0,3,19,82,0.0,0.0,0,123,82,0,82,0,EMPTY,EMPTY,FULL_EMPTY__STABILITY_EMPTY,True,False,100,111,100,100,0,3,12,89,0.0,0.0,0,142,89,0,89,0,EMPTY,EMPTY,FULL_EMPTY__STABILITY_EMPTY,True,False
S5,5,0.447213595499958,1,,0,N120_vs_N139,100,96,100,100,0,4,61,40,70.0,52.0,0,138,40,0,40,0,NONDEGENERATE_FOR_ARCHITECTURE_DIAGNOSTIC,NONDEGENERATE_FOR_ARCHITECTURE_DIAGNOSTIC,FULL_NONDEGENERATE_FOR_ARCHITECTURE_DIAGNOSTIC__STABILITY_NONDEGENERATE_FOR_ARCHITECTURE_DIAGNOSTIC,False,False,100,111,100,100,0,3,82,19,92.0,67.0,0,148,19,0,19,0,NONDEGENERATE_FOR_ARCHITECTURE_DIAGNOSTIC,NONDEGENERATE_FOR_ARCHITECTURE_DIAGNOSTIC,FULL_NONDEGENERATE_FOR_ARCHITECTURE_DIAGNOSTIC__STABILITY_NONDEGENERATE_FOR_ARCHITECTURE_DIAGNOSTIC,False,False
S5,5,0.6708203932499369,2,,0,N120_vs_N139,100,96,100,100,0,4,28,73,0.0,0.0,0,141,73,0,73,0,EMPTY,EMPTY,FULL_EMPTY__STABILITY_EMPTY,True,False,100,111,100,100,0,4,24,77,0.0,0.0,0,155,77,0,77,0,EMPTY,EMPTY,FULL_EMPTY__STABILITY_EMPTY,True,False
S5,5,0.894427190999916,3,,0,N120_vs_N139,100,96,100,100,0,3,54,47,69.5,49.5,0,124,47,0,47,0,NONDEGENERATE_FOR_ARCHITECTURE_DIAGNOSTIC,NONDEGENERATE_FOR_ARCHITECTURE_DIAGNOSTIC,FULL_NONDEGENERATE_FOR_ARCHITECTURE_DIAGNOSTIC__STABILITY_NONDEGENERATE_FOR_ARCHITECTURE_DIAGNOSTIC,False,False,100,111,100,100,0,4,73,28,94.0,73.5,0,158,28,0,28,0,NONDEGENERATE_FOR_ARCHITECTURE_DIAGNOSTIC,NONDEGENERATE_FOR_ARCHITECTURE_DIAGNOSTIC,FULL_NONDEGENERATE_FOR_ARCHITECTURE_DIAGNOSTIC__STABILITY_NONDEGENERATE_FOR_ARCHITECTURE_DIAGNOSTIC,False,False
S5,5,1.118033988749895,4,,0,N120_vs_N139,100,96,100,100,0,4,63,38,68.0,50.0,0,148,38,0,38,0,NONDEGENERATE_FOR_ARCHITECTURE_DIAGNOSTIC,NONDEGENERATE_FOR_ARCHITECTURE_DIAGNOSTIC,FULL_NONDEGENERATE_FOR_ARCHITECTURE_DIAGNOSTIC__STABILITY_NONDEGENERATE_FOR_ARCHITECTURE_DIAGNOSTIC,False,False,100,111,100,100,0,4,74,27,89.0,66.0,0,145,27,0,27,0,NONDEGENERATE_FOR_ARCHITECTURE_DIAGNOSTIC,NONDEGENERATE_FOR_ARCHITECTURE_DIAGNOSTIC,FULL_NONDEGENERATE_FOR_ARCHITECTURE_DIAGNOSTIC__STABILITY_NONDEGENERATE_FOR_ARCHITECTURE_DIAGNOSTIC,False,False
S5,5,1.6770509831248424,5,,0,N120_vs_N139,100,96,100,100,0,3,29,72,0.0,0.0,0,127,72,0,72,0,EMPTY,EMPTY,FULL_EMPTY__STABILITY_EMPTY,True,False,100,111,100,100,0,3,10,91,0.0,0.0,0,142,91,0,91,0,EMPTY,EMPTY,FULL_EMPTY__STABILITY_EMPTY,True,False
S5,5,2.23606797749979,6,,0,N120_vs_N139,100,96,100,100,0,4,51,50,33.0,25.5,0,136,50,0,50,0,NONDEGENERATE_FOR_ARCHITECTURE_DIAGNOSTIC,NONDEGENERATE_FOR_ARCHITECTURE_DIAGNOSTIC,FULL_NONDEGENERATE_FOR_ARCHITECTURE_DIAGNOSTIC__STABILITY_NONDEGENERATE_FOR_ARCHITECTURE_DIAGNOSTIC,False,False,100,111,100,100,0,4,58,43,101.0,67.0,0,168,43,0,43,0,NONDEGENERATE_FOR_ARCHITECTURE_DIAGNOSTIC,NONDEGENERATE_FOR_ARCHITECTURE_DIAGNOSTIC,FULL_NONDEGENERATE_FOR_ARCHITECTURE_DIAGNOSTIC__STABILITY_NONDEGENERATE_FOR_ARCHITECTURE_DIAGNOSTIC,False,False
S5,5,2.7950849718747373,7,,0,N120_vs_N139,100,96,100,100,0,4,64,37,77.0,56.0,0,143,37,0,37,0,NONDEGENERATE_FOR_ARCHITECTURE_DIAGNOSTIC,NONDEGENERATE_FOR_ARCHITECTURE_DIAGNOSTIC,FULL_NONDEGENERATE_FOR_ARCHITECTURE_DIAGNOSTIC__STABILITY_NONDEGENERATE_FOR_ARCHITECTURE_DIAGNOSTIC,False,False,100,111,100,100,0,4,86,15,93.0,77.0,0,165,15,0,15,0,NONDEGENERATE_FOR_ARCHITECTURE_DIAGNOSTIC,NONDEGENERATE_FOR_ARCHITECTURE_DIAGNOSTIC,FULL_NONDEGENERATE_FOR_ARCHITECTURE_DIAGNOSTIC__STABILITY_NONDEGENERATE_FOR_ARCHITECTURE_DIAGNOSTIC,False,False
S5,5,3.3541019662496847,8,,0,N120_vs_N139,100,96,100,100,0,4,67,34,75.5,55.0,0,141,34,0,34,0,NONDEGENERATE_FOR_ARCHITECTURE_DIAGNOSTIC,NONDEGENERATE_FOR_ARCHITECTURE_DIAGNOSTIC,FULL_NONDEGENERATE_FOR_ARCHITECTURE_DIAGNOSTIC__STABILITY_NONDEGENERATE_FOR_ARCHITECTURE_DIAGNOSTIC,False,False,100,111,100,100,0,4,72,29,102.0,70.0,0,170,29,0,29,0,NONDEGENERATE_FOR_ARCHITECTURE_DIAGNOSTIC,NONDEGENERATE_FOR_ARCHITECTURE_DIAGNOSTIC,FULL_NONDEGENERATE_FOR_ARCHITECTURE_DIAGNOSTIC__STABILITY_NONDEGENERATE_FOR_ARCHITECTURE_DIAGNOSTIC,False,False
S6,6,0.223606797749979,0,0.3,0,N120_vs_N139,100,96,100,100,0,4,60,41,70.5,54.5,0,133,41,0,41,0,NONDEGENERATE_FOR_ARCHITECTURE_DIAGNOSTIC,NONDEGENERATE_FOR_ARCHITECTURE_DIAGNOSTIC,FULL_NONDEGENERATE_FOR_ARCHITECTURE_DIAGNOSTIC__STABILITY_NONDEGENERATE_FOR_ARCHITECTURE_DIAGNOSTIC,False,False,100,111,100,100,0,3,72,29,93.0,67.0,0,138,29,0,29,0,NONDEGENERATE_FOR_ARCHITECTURE_DIAGNOSTIC,NONDEGENERATE_FOR_ARCHITECTURE_DIAGNOSTIC,FULL_NONDEGENERATE_FOR_ARCHITECTURE_DIAGNOSTIC__STABILITY_NONDEGENERATE_FOR_ARCHITECTURE_DIAGNOSTIC,False,False
S6,6,0.223606797749979,0,0.6,1,N120_vs_N139,100,96,100,100,0,4,70,31,75.0,56.0,0,134,31,0,31,0,NONDEGENERATE_FOR_ARCHITECTURE_DIAGNOSTIC,NONDEGENERATE_FOR_ARCHITECTURE_DIAGNOSTIC,FULL_NONDEGENERATE_FOR_ARCHITECTURE_DIAGNOSTIC__STABILITY_NONDEGENERATE_FOR_ARCHITECTURE_DIAGNOSTIC,False,False,100,111,100,100,0,4,75,26,95.0,69.0,0,165,26,0,26,0,NONDEGENERATE_FOR_ARCHITECTURE_DIAGNOSTIC,NONDEGENERATE_FOR_ARCHITECTURE_DIAGNOSTIC,FULL_NONDEGENERATE_FOR_ARCHITECTURE_DIAGNOSTIC__STABILITY_NONDEGENERATE_FOR_ARCHITECTURE_DIAGNOSTIC,False,False
S6,6,0.223606797749979,0,0.9,2,N120_vs_N139,100,96,100,100,0,4,65,36,73.5,57.0,0,139,36,0,36,0,NONDEGENERATE_FOR_ARCHITECTURE_DIAGNOSTIC,NONDEGENERATE_FOR_ARCHITECTURE_DIAGNOSTIC,FULL_NONDEGENERATE_FOR_ARCHITECTURE_DIAGNOSTIC__STABILITY_NONDEGENERATE_FOR_ARCHITECTURE_DIAGNOSTIC,False,False,100,111,100,100,0,4,73,28,90.0,71.5,0,157,28,0,28,0,NONDEGENERATE_FOR_ARCHITECTURE_DIAGNOSTIC,NONDEGENERATE_FOR_ARCHITECTURE_DIAGNOSTIC,FULL_NONDEGENERATE_FOR_ARCHITECTURE_DIAGNOSTIC__STABILITY_NONDEGENERATE_FOR_ARCHITECTURE_DIAGNOSTIC,False,False
S6,6,0.447213595499958,1,0.3,0,N120_vs_N139,100,96,100,100,0,4,19,82,0.0,0.0,0,137,82,0,82,0,EMPTY,EMPTY,FULL_EMPTY__STABILITY_EMPTY,True,False,100,111,100,100,0,3,13,88,0.0,0.0,0,143,88,0,88,0,EMPTY,EMPTY,FULL_EMPTY__STABILITY_EMPTY,True,False
S6,6,0.447213595499958,1,0.6,1,N120_vs_N139,100,96,100,100,0,3,27,74,0.0,0.0,0,116,74,0,74,0,EMPTY,EMPTY,FULL_EMPTY__STABILITY_EMPTY,True,False,100,111,100,100,0,3,17,84,0.0,0.0,0,142,84,0,84,0,EMPTY,EMPTY,FULL_EMPTY__STABILITY_EMPTY,True,False
S6,6,0.447213595499958,1,0.9,2,N120_vs_N139,100,96,100,100,0,4,23,78,0.0,0.0,0,138,78,0,78,0,EMPTY,EMPTY,FULL_EMPTY__STABILITY_EMPTY,True,False,100,111,100,100,0,3,17,84,0.0,0.0,0,141,84,0,84,0,EMPTY,EMPTY,FULL_EMPTY__STABILITY_EMPTY,True,False
S6,6,0.6708203932499369,2,0.3,0,N120_vs_N139,100,96,100,100,0,3,81,20,76.0,55.5,0,128,20,0,20,0,NONDEGENERATE_FOR_ARCHITECTURE_DIAGNOSTIC,NONDEGENERATE_FOR_ARCHITECTURE_DIAGNOSTIC,FULL_NONDEGENERATE_FOR_ARCHITECTURE_DIAGNOSTIC__STABILITY_NONDEGENERATE_FOR_ARCHITECTURE_DIAGNOSTIC,False,False,100,111,100,100,0,3,91,10,88.0,69.0,0,138,10,0,10,0,NONDEGENERATE_FOR_ARCHITECTURE_DIAGNOSTIC,NONDEGENERATE_FOR_ARCHITECTURE_DIAGNOSTIC,FULL_NONDEGENERATE_FOR_ARCHITECTURE_DIAGNOSTIC__STABILITY_NONDEGENERATE_FOR_ARCHITECTURE_DIAGNOSTIC,False,False
S6,6,0.6708203932499369,2,0.6,1,N120_vs_N139,100,96,100,100,0,4,95,6,76.0,57.0,0,133,6,0,6,0,NONDEGENERATE_FOR_ARCHITECTURE_DIAGNOSTIC,NONDEGENERATE_FOR_ARCHITECTURE_DIAGNOSTIC,FULL_NONDEGENERATE_FOR_ARCHITECTURE_DIAGNOSTIC__STABILITY_NONDEGENERATE_FOR_ARCHITECTURE_DIAGNOSTIC,False,False,100,111,100,100,0,4,97,4,92.0,69.0,0,153,4,0,4,0,NONDEGENERATE_FOR_ARCHITECTURE_DIAGNOSTIC,NONDEGENERATE_FOR_ARCHITECTURE_DIAGNOSTIC,FULL_NONDEGENERATE_FOR_ARCHITECTURE_DIAGNOSTIC__STABILITY_NONDEGENERATE_FOR_ARCHITECTURE_DIAGNOSTIC,False,False
S6,6,0.6708203932499369,2,0.9,2,N120_vs_N139,100,96,100,100,0,3,97,4,73.5,54.0,0,119,4,0,4,0,NONDEGENERATE_FOR_ARCHITECTURE_DIAGNOSTIC,NONDEGENERATE_FOR_ARCHITECTURE_DIAGNOSTIC,FULL_NONDEGENERATE_FOR_ARCHITECTURE_DIAGNOSTIC__STABILITY_NONDEGENERATE_FOR_ARCHITECTURE_DIAGNOSTIC,False,False,100,111,100,100,0,2,100,1,86.0,66.0,54,129,0,0,0,0,NONDEGENERATE_FOR_ARCHITECTURE_DIAGNOSTIC,NONDEGENERATE_FOR_ARCHITECTURE_DIAGNOSTIC,FULL_NONDEGENERATE_FOR_ARCHITECTURE_DIAGNOSTIC__STABILITY_NONDEGENERATE_FOR_ARCHITECTURE_DIAGNOSTIC,False,False
S6,6,0.894427190999916,3,0.3,0,N120_vs_N139,100,96,100,100,0,3,83,18,76.0,57.0,0,122,18,0,18,0,NONDEGENERATE_FOR_ARCHITECTURE_DIAGNOSTIC,NONDEGENERATE_FOR_ARCHITECTURE_DIAGNOSTIC,FULL_NONDEGENERATE_FOR_ARCHITECTURE_DIAGNOSTIC__STABILITY_NONDEGENERATE_FOR_ARCHITECTURE_DIAGNOSTIC,False,False,100,111,100,100,0,3,95,6,88.0,69.0,0,143,6,0,6,0,NONDEGENERATE_FOR_ARCHITECTURE_DIAGNOSTIC,NONDEGENERATE_FOR_ARCHITECTURE_DIAGNOSTIC,FULL_NONDEGENERATE_FOR_ARCHITECTURE_DIAGNOSTIC__STABILITY_NONDEGENERATE_FOR_ARCHITECTURE_DIAGNOSTIC,False,False
S6,6,0.894427190999916,3,0.6,1,N120_vs_N139,100,96,100,100,0,4,100,1,74.0,56.0,0,125,1,0,1,0,NONDEGENERATE_FOR_ARCHITECTURE_DIAGNOSTIC,NONDEGENERATE_FOR_ARCHITECTURE_DIAGNOSTIC,FULL_NONDEGENERATE_FOR_ARCHITECTURE_DIAGNOSTIC__STABILITY_NONDEGENERATE_FOR_ARCHITECTURE_DIAGNOSTIC,False,False,100,111,100,100,0,3,98,3,79.0,67.0,0,141,3,0,3,0,NONDEGENERATE_FOR_ARCHITECTURE_DIAGNOSTIC,NONDEGENERATE_FOR_ARCHITECTURE_DIAGNOSTIC,FULL_NONDEGENERATE_FOR_ARCHITECTURE_DIAGNOSTIC__STABILITY_NONDEGENERATE_FOR_ARCHITECTURE_DIAGNOSTIC,False,False
S6,6,0.894427190999916,3,0.9,2,N120_vs_N139,100,96,100,100,0,4,99,2,70.5,54.0,0,125,2,0,2,0,NONDEGENERATE_FOR_ARCHITECTURE_DIAGNOSTIC,NONDEGENERATE_FOR_ARCHITECTURE_DIAGNOSTIC,FULL_NONDEGENERATE_FOR_ARCHITECTURE_DIAGNOSTIC__STABILITY_NONDEGENERATE_FOR_ARCHITECTURE_DIAGNOSTIC,False,False,100,111,100,100,0,2,100,1,79.0,66.0,52,136,0,0,0,0,NONDEGENERATE_FOR_ARCHITECTURE_DIAGNOSTIC,NONDEGENERATE_FOR_ARCHITECTURE_DIAGNOSTIC,FULL_NONDEGENERATE_FOR_ARCHITECTURE_DIAGNOSTIC__STABILITY_NONDEGENERATE_FOR_ARCHITECTURE_DIAGNOSTIC,False,False
S6,6,1.118033988749895,4,0.3,0,N120_vs_N139,100,96,100,100,0,3,91,10,71.0,53.0,0,117,10,0,10,0,NONDEGENERATE_FOR_ARCHITECTURE_DIAGNOSTIC,NONDEGENERATE_FOR_ARCHITECTURE_DIAGNOSTIC,FULL_NONDEGENERATE_FOR_ARCHITECTURE_DIAGNOSTIC__STABILITY_NONDEGENERATE_FOR_ARCHITECTURE_DIAGNOSTIC,False,False,100,111,100,100,0,3,100,1,89.0,64.0,0,141,1,0,1,0,NONDEGENERATE_FOR_ARCHITECTURE_DIAGNOSTIC,NONDEGENERATE_FOR_ARCHITECTURE_DIAGNOSTIC,FULL_NONDEGENERATE_FOR_ARCHITECTURE_DIAGNOSTIC__STABILITY_NONDEGENERATE_FOR_ARCHITECTURE_DIAGNOSTIC,False,False
S6,6,1.118033988749895,4,0.6,1,N120_vs_N139,100,96,100,100,0,3,95,6,69.0,53.0,0,124,6,0,6,0,NONDEGENERATE_FOR_ARCHITECTURE_DIAGNOSTIC,NONDEGENERATE_FOR_ARCHITECTURE_DIAGNOSTIC,FULL_NONDEGENERATE_FOR_ARCHITECTURE_DIAGNOSTIC__STABILITY_NONDEGENERATE_FOR_ARCHITECTURE_DIAGNOSTIC,False,False,100,111,100,100,0,4,100,1,86.0,63.0,0,152,1,0,1,0,NONDEGENERATE_FOR_ARCHITECTURE_DIAGNOSTIC,NONDEGENERATE_FOR_ARCHITECTURE_DIAGNOSTIC,FULL_NONDEGENERATE_FOR_ARCHITECTURE_DIAGNOSTIC__STABILITY_NONDEGENERATE_FOR_ARCHITECTURE_DIAGNOSTIC,False,False
S6,6,1.118033988749895,4,0.9,2,N120_vs_N139,100,96,100,100,0,3,100,1,69.0,51.0,0,112,1,0,1,0,NONDEGENERATE_FOR_ARCHITECTURE_DIAGNOSTIC,NONDEGENERATE_FOR_ARCHITECTURE_DIAGNOSTIC,FULL_NONDEGENERATE_FOR_ARCHITECTURE_DIAGNOSTIC__STABILITY_NONDEGENERATE_FOR_ARCHITECTURE_DIAGNOSTIC,False,False,100,111,100,100,0,2,100,1,82.0,61.0,1,74,0,0,0,1,NONDEGENERATE_FOR_ARCHITECTURE_DIAGNOSTIC,NONDEGENERATE_FOR_ARCHITECTURE_DIAGNOSTIC,FULL_NONDEGENERATE_FOR_ARCHITECTURE_DIAGNOSTIC__STABILITY_NONDEGENERATE_FOR_ARCHITECTURE_DIAGNOSTIC,False,False
S6,6,1.6770509831248424,5,0.3,0,N120_vs_N139,100,96,100,100,0,4,100,1,70.0,51.0,0,129,1,0,1,0,NONDEGENERATE_FOR_ARCHITECTURE_DIAGNOSTIC,NONDEGENERATE_FOR_ARCHITECTURE_DIAGNOSTIC,FULL_NONDEGENERATE_FOR_ARCHITECTURE_DIAGNOSTIC__STABILITY_NONDEGENERATE_FOR_ARCHITECTURE_DIAGNOSTIC,False,False,100,111,100,100,0,2,100,1,92.0,62.0,50,124,0,0,0,0,NONDEGENERATE_FOR_ARCHITECTURE_DIAGNOSTIC,NONDEGENERATE_FOR_ARCHITECTURE_DIAGNOSTIC,FULL_NONDEGENERATE_FOR_ARCHITECTURE_DIAGNOSTIC__STABILITY_NONDEGENERATE_FOR_ARCHITECTURE_DIAGNOSTIC,False,False
S6,6,1.6770509831248424,5,0.6,1,N120_vs_N139,100,96,100,100,0,2,100,1,73.0,55.0,43,114,0,0,0,0,NONDEGENERATE_FOR_ARCHITECTURE_DIAGNOSTIC,NONDEGENERATE_FOR_ARCHITECTURE_DIAGNOSTIC,FULL_NONDEGENERATE_FOR_ARCHITECTURE_DIAGNOSTIC__STABILITY_NONDEGENERATE_FOR_ARCHITECTURE_DIAGNOSTIC,False,False,100,111,100,100,0,2,100,1,95.0,64.0,53,128,0,0,0,0,NONDEGENERATE_FOR_ARCHITECTURE_DIAGNOSTIC,NONDEGENERATE_FOR_ARCHITECTURE_DIAGNOSTIC,FULL_NONDEGENERATE_FOR_ARCHITECTURE_DIAGNOSTIC__STABILITY_NONDEGENERATE_FOR_ARCHITECTURE_DIAGNOSTIC,False,False
S6,6,1.6770509831248424,5,0.9,2,N120_vs_N139,100,96,100,100,0,2,100,1,67.5,50.0,35,111,0,0,0,0,NONDEGENERATE_FOR_ARCHITECTURE_DIAGNOSTIC,NONDEGENERATE_FOR_ARCHITECTURE_DIAGNOSTIC,FULL_NONDEGENERATE_FOR_ARCHITECTURE_DIAGNOSTIC__STABILITY_NONDEGENERATE_FOR_ARCHITECTURE_DIAGNOSTIC,False,False,100,111,100,100,0,2,100,1,82.0,60.0,49,124,0,0,0,0,NONDEGENERATE_FOR_ARCHITECTURE_DIAGNOSTIC,NONDEGENERATE_FOR_ARCHITECTURE_DIAGNOSTIC,FULL_NONDEGENERATE_FOR_ARCHITECTURE_DIAGNOSTIC__STABILITY_NONDEGENERATE_FOR_ARCHITECTURE_DIAGNOSTIC,False,False
S6,6,2.23606797749979,6,0.3,0,N120_vs_N139,100,96,100,100,0,1,100,1,56.5,44.0,32,54,0,0,0,0,NONDEGENERATE_FOR_ARCHITECTURE_DIAGNOSTIC,NONDEGENERATE_FOR_ARCHITECTURE_DIAGNOSTIC,FULL_NONDEGENERATE_FOR_ARCHITECTURE_DIAGNOSTIC__STABILITY_NONDEGENERATE_FOR_ARCHITECTURE_DIAGNOSTIC,False,False,100,111,100,100,0,1,100,1,64.0,53.0,45,64,0,0,0,0,NONDEGENERATE_FOR_ARCHITECTURE_DIAGNOSTIC,NONDEGENERATE_FOR_ARCHITECTURE_DIAGNOSTIC,FULL_NONDEGENERATE_FOR_ARCHITECTURE_DIAGNOSTIC__STABILITY_NONDEGENERATE_FOR_ARCHITECTURE_DIAGNOSTIC,False,False
S6,6,2.23606797749979,6,0.6,1,N120_vs_N139,100,96,100,100,0,2,100,1,60.0,46.5,34,101,0,0,0,0,NONDEGENERATE_FOR_ARCHITECTURE_DIAGNOSTIC,NONDEGENERATE_FOR_ARCHITECTURE_DIAGNOSTIC,FULL_NONDEGENERATE_FOR_ARCHITECTURE_DIAGNOSTIC__STABILITY_NONDEGENERATE_FOR_ARCHITECTURE_DIAGNOSTIC,False,False,100,111,100,100,0,1,100,1,70.0,55.0,44,67,0,0,0,0,NONDEGENERATE_FOR_ARCHITECTURE_DIAGNOSTIC,NONDEGENERATE_FOR_ARCHITECTURE_DIAGNOSTIC,FULL_NONDEGENERATE_FOR_ARCHITECTURE_DIAGNOSTIC__STABILITY_NONDEGENERATE_FOR_ARCHITECTURE_DIAGNOSTIC,False,False
S6,6,2.23606797749979,6,0.9,2,N120_vs_N139,100,96,100,100,0,2,100,1,56.5,43.0,33,96,0,0,0,0,NONDEGENERATE_FOR_ARCHITECTURE_DIAGNOSTIC,NONDEGENERATE_FOR_ARCHITECTURE_DIAGNOSTIC,FULL_NONDEGENERATE_FOR_ARCHITECTURE_DIAGNOSTIC__STABILITY_NONDEGENERATE_FOR_ARCHITECTURE_DIAGNOSTIC,False,False,100,111,100,100,0,1,100,1,64.0,51.0,42,63,0,0,0,0,NONDEGENERATE_FOR_ARCHITECTURE_DIAGNOSTIC,NONDEGENERATE_FOR_ARCHITECTURE_DIAGNOSTIC,FULL_NONDEGENERATE_FOR_ARCHITECTURE_DIAGNOSTIC__STABILITY_NONDEGENERATE_FOR_ARCHITECTURE_DIAGNOSTIC,False,False
S6,6,2.7950849718747373,7,0.3,0,N120_vs_N139,100,96,100,100,0,2,100,1,58.0,44.5,33,100,0,0,0,0,NONDEGENERATE_FOR_ARCHITECTURE_DIAGNOSTIC,NONDEGENERATE_FOR_ARCHITECTURE_DIAGNOSTIC,FULL_NONDEGENERATE_FOR_ARCHITECTURE_DIAGNOSTIC__STABILITY_NONDEGENERATE_FOR_ARCHITECTURE_DIAGNOSTIC,False,False,100,111,100,100,0,2,100,1,74.0,52.0,2,70,0,0,0,0,NONDEGENERATE_FOR_ARCHITECTURE_DIAGNOSTIC,NONDEGENERATE_FOR_ARCHITECTURE_DIAGNOSTIC,FULL_NONDEGENERATE_FOR_ARCHITECTURE_DIAGNOSTIC__STABILITY_NONDEGENERATE_FOR_ARCHITECTURE_DIAGNOSTIC,False,False
S6,6,2.7950849718747373,7,0.6,1,N120_vs_N139,100,96,100,100,0,2,100,1,62.0,47.0,32,109,0,0,0,0,NONDEGENERATE_FOR_ARCHITECTURE_DIAGNOSTIC,NONDEGENERATE_FOR_ARCHITECTURE_DIAGNOSTIC,FULL_NONDEGENERATE_FOR_ARCHITECTURE_DIAGNOSTIC__STABILITY_NONDEGENERATE_FOR_ARCHITECTURE_DIAGNOSTIC,False,False,100,111,100,100,0,2,100,1,72.0,55.0,3,66,0,0,0,0,NONDEGENERATE_FOR_ARCHITECTURE_DIAGNOSTIC,NONDEGENERATE_FOR_ARCHITECTURE_DIAGNOSTIC,FULL_NONDEGENERATE_FOR_ARCHITECTURE_DIAGNOSTIC__STABILITY_NONDEGENERATE_FOR_ARCHITECTURE_DIAGNOSTIC,False,False
S6,6,2.7950849718747373,7,0.9,2,N120_vs_N139,100,96,100,100,0,1,100,1,56.0,43.0,31,55,0,0,0,0,NONDEGENERATE_FOR_ARCHITECTURE_DIAGNOSTIC,NONDEGENERATE_FOR_ARCHITECTURE_DIAGNOSTIC,FULL_NONDEGENERATE_FOR_ARCHITECTURE_DIAGNOSTIC__STABILITY_NONDEGENERATE_FOR_ARCHITECTURE_DIAGNOSTIC,False,False,100,111,100,100,0,2,100,1,74.0,50.0,2,60,0,0,0,0,NONDEGENERATE_FOR_ARCHITECTURE_DIAGNOSTIC,NONDEGENERATE_FOR_ARCHITECTURE_DIAGNOSTIC,FULL_NONDEGENERATE_FOR_ARCHITECTURE_DIAGNOSTIC__STABILITY_NONDEGENERATE_FOR_ARCHITECTURE_DIAGNOSTIC,False,False
S6,6,3.3541019662496847,8,0.3,0,N120_vs_N139,100,96,100,100,0,1,100,1,39.0,30.0,21,37,0,0,0,0,NONDEGENERATE_FOR_ARCHITECTURE_DIAGNOSTIC,NONDEGENERATE_FOR_ARCHITECTURE_DIAGNOSTIC,FULL_NONDEGENERATE_FOR_ARCHITECTURE_DIAGNOSTIC__STABILITY_NONDEGENERATE_FOR_ARCHITECTURE_DIAGNOSTIC,False,False,100,111,100,100,0,1,100,1,46.0,35.0,22,44,0,0,0,0,NONDEGENERATE_FOR_ARCHITECTURE_DIAGNOSTIC,NONDEGENERATE_FOR_ARCHITECTURE_DIAGNOSTIC,FULL_NONDEGENERATE_FOR_ARCHITECTURE_DIAGNOSTIC__STABILITY_NONDEGENERATE_FOR_ARCHITECTURE_DIAGNOSTIC,False,False
S6,6,3.3541019662496847,8,0.6,1,N120_vs_N139,100,96,100,100,0,1,100,1,43.0,34.0,26,45,0,0,0,0,NONDEGENERATE_FOR_ARCHITECTURE_DIAGNOSTIC,NONDEGENERATE_FOR_ARCHITECTURE_DIAGNOSTIC,FULL_NONDEGENERATE_FOR_ARCHITECTURE_DIAGNOSTIC__STABILITY_NONDEGENERATE_FOR_ARCHITECTURE_DIAGNOSTIC,False,False,100,111,100,100,0,1,100,1,55.0,40.0,30,51,0,0,0,0,NONDEGENERATE_FOR_ARCHITECTURE_DIAGNOSTIC,NONDEGENERATE_FOR_ARCHITECTURE_DIAGNOSTIC,FULL_NONDEGENERATE_FOR_ARCHITECTURE_DIAGNOSTIC__STABILITY_NONDEGENERATE_FOR_ARCHITECTURE_DIAGNOSTIC,False,False
S6,6,3.3541019662496847,8,0.9,2,N120_vs_N139,100,96,100,100,0,2,100,1,42.0,33.0,22,85,0,0,0,0,NONDEGENERATE_FOR_ARCHITECTURE_DIAGNOSTIC,NONDEGENERATE_FOR_ARCHITECTURE_DIAGNOSTIC,FULL_NONDEGENERATE_FOR_ARCHITECTURE_DIAGNOSTIC__STABILITY_NONDEGENERATE_FOR_ARCHITECTURE_DIAGNOSTIC,False,False,100,111,100,100,0,1,100,1,48.0,38.0,31,49,0,0,0,0,NONDEGENERATE_FOR_ARCHITECTURE_DIAGNOSTIC,NONDEGENERATE_FOR_ARCHITECTURE_DIAGNOSTIC,FULL_NONDEGENERATE_FOR_ARCHITECTURE_DIAGNOSTIC__STABILITY_NONDEGENERATE_FOR_ARCHITECTURE_DIAGNOSTIC,False,False
S7,7,0.223606797749979,0,,0,N120_vs_N139,100,96,100,100,0,4,50,51,0.0,0.0,0,129,51,0,51,0,EMPTY,EMPTY,FULL_EMPTY__STABILITY_EMPTY,True,False,100,111,100,100,0,4,48,53,0.0,0.0,0,159,53,0,53,0,EMPTY,EMPTY,FULL_EMPTY__STABILITY_EMPTY,True,False
S7,7,0.447213595499958,1,,0,N120_vs_N139,100,96,100,100,0,4,53,48,70.0,47.0,0,140,48,0,48,0,NONDEGENERATE_FOR_ARCHITECTURE_DIAGNOSTIC,NONDEGENERATE_FOR_ARCHITECTURE_DIAGNOSTIC,FULL_NONDEGENERATE_FOR_ARCHITECTURE_DIAGNOSTIC__STABILITY_NONDEGENERATE_FOR_ARCHITECTURE_DIAGNOSTIC,False,False,100,111,100,100,0,4,75,26,91.0,67.0,0,160,26,0,26,0,NONDEGENERATE_FOR_ARCHITECTURE_DIAGNOSTIC,NONDEGENERATE_FOR_ARCHITECTURE_DIAGNOSTIC,FULL_NONDEGENERATE_FOR_ARCHITECTURE_DIAGNOSTIC__STABILITY_NONDEGENERATE_FOR_ARCHITECTURE_DIAGNOSTIC,False,False
S7,7,0.6708203932499369,2,,0,N120_vs_N139,100,96,100,100,0,3,52,49,62.5,42.5,0,120,49,0,49,0,NONDEGENERATE_FOR_ARCHITECTURE_DIAGNOSTIC,NONDEGENERATE_FOR_ARCHITECTURE_DIAGNOSTIC,FULL_NONDEGENERATE_FOR_ARCHITECTURE_DIAGNOSTIC__STABILITY_NONDEGENERATE_FOR_ARCHITECTURE_DIAGNOSTIC,False,False,100,111,100,100,0,3,52,49,97.0,58.5,0,85,47,2,49,0,NONDEGENERATE_FOR_ARCHITECTURE_DIAGNOSTIC,NONDEGENERATE_FOR_ARCHITECTURE_DIAGNOSTIC,FULL_NONDEGENERATE_FOR_ARCHITECTURE_DIAGNOSTIC__STABILITY_NONDEGENERATE_FOR_ARCHITECTURE_DIAGNOSTIC,False,False
S7,7,0.894427190999916,3,,0,N120_vs_N139,100,96,100,100,0,3,95,5,72.0,50.0,1,125,0,5,0,7,NONDEGENERATE_FOR_ARCHITECTURE_DIAGNOSTIC,NONDEGENERATE_FOR_ARCHITECTURE_DIAGNOSTIC,FULL_NONDEGENERATE_FOR_ARCHITECTURE_DIAGNOSTIC__STABILITY_NONDEGENERATE_FOR_ARCHITECTURE_DIAGNOSTIC,False,False,100,111,100,100,0,3,43,22,2.0,2.0,1,128,0,0,0,38,NONDEGENERATE_FOR_ARCHITECTURE_DIAGNOSTIC,NONDEGENERATE_FOR_ARCHITECTURE_DIAGNOSTIC,FULL_NONDEGENERATE_FOR_ARCHITECTURE_DIAGNOSTIC__STABILITY_NONDEGENERATE_FOR_ARCHITECTURE_DIAGNOSTIC,False,False
S7,7,1.118033988749895,4,,0,N120_vs_N139,100,96,100,100,0,3,56,22,3.0,2.0,1,95,0,16,0,27,NONDEGENERATE_FOR_ARCHITECTURE_DIAGNOSTIC,NONDEGENERATE_FOR_ARCHITECTURE_DIAGNOSTIC,FULL_NONDEGENERATE_FOR_ARCHITECTURE_DIAGNOSTIC__STABILITY_NONDEGENERATE_FOR_ARCHITECTURE_DIAGNOSTIC,False,False,100,111,100,100,0,2,14,34,2.0,2.0,1,61,0,0,0,37,NONDEGENERATE_FOR_ARCHITECTURE_DIAGNOSTIC,NONDEGENERATE_FOR_ARCHITECTURE_DIAGNOSTIC,FULL_NONDEGENERATE_FOR_ARCHITECTURE_DIAGNOSTIC__STABILITY_NONDEGENERATE_FOR_ARCHITECTURE_DIAGNOSTIC,False,False
S7,7,1.6770509831248424,5,,0,N120_vs_N139,100,96,100,100,0,1,5,77,1.0,1.0,1,3,0,97,0,77,SINGLETON_DOMINATED,SINGLETON_DOMINATED,FULL_SINGLETON_DOMINATED__STABILITY_SINGLETON_DOMINATED,True,False,100,111,100,100,0,2,5,92,1.0,1.0,1,43,0,99,0,92,SINGLETON_DOMINATED,SINGLETON_DOMINATED,FULL_SINGLETON_DOMINATED__STABILITY_SINGLETON_DOMINATED,True,False
S7,7,2.23606797749979,6,,0,N120_vs_N139,100,96,100,100,0,2,20,40,2.0,2.0,1,31,0,1,0,21,NONDEGENERATE_FOR_ARCHITECTURE_DIAGNOSTIC,NONDEGENERATE_FOR_ARCHITECTURE_DIAGNOSTIC,FULL_NONDEGENERATE_FOR_ARCHITECTURE_DIAGNOSTIC__STABILITY_NONDEGENERATE_FOR_ARCHITECTURE_DIAGNOSTIC,False,False,100,111,100,100,0,2,14,66,2.0,2.0,1,44,0,0,0,7,NONDEGENERATE_FOR_ARCHITECTURE_DIAGNOSTIC,NONDEGENERATE_FOR_ARCHITECTURE_DIAGNOSTIC,FULL_NONDEGENERATE_FOR_ARCHITECTURE_DIAGNOSTIC__STABILITY_NONDEGENERATE_FOR_ARCHITECTURE_DIAGNOSTIC,False,False
S7,7,2.7950849718747373,7,,0,N120_vs_N139,100,96,100,100,0,2,19,18,4.0,3.0,1,30,0,0,0,5,NONDEGENERATE_FOR_ARCHITECTURE_DIAGNOSTIC,NONDEGENERATE_FOR_ARCHITECTURE_DIAGNOSTIC,FULL_NONDEGENERATE_FOR_ARCHITECTURE_DIAGNOSTIC__STABILITY_NONDEGENERATE_FOR_ARCHITECTURE_DIAGNOSTIC,False,False,100,111,100,100,0,1,11,31,4.0,3.0,1,4,0,0,0,1,NONDEGENERATE_FOR_ARCHITECTURE_DIAGNOSTIC,NONDEGENERATE_FOR_ARCHITECTURE_DIAGNOSTIC,FULL_NONDEGENERATE_FOR_ARCHITECTURE_DIAGNOSTIC__STABILITY_NONDEGENERATE_FOR_ARCHITECTURE_DIAGNOSTIC,False,False
S7,7,3.3541019662496847,8,,0,N120_vs_N139,100,96,100,100,0,2,12,67,2.0,2.0,1,27,0,0,0,8,NONDEGENERATE_FOR_ARCHITECTURE_DIAGNOSTIC,NONDEGENERATE_FOR_ARCHITECTURE_DIAGNOSTIC,FULL_NONDEGENERATE_FOR_ARCHITECTURE_DIAGNOSTIC__STABILITY_NONDEGENERATE_FOR_ARCHITECTURE_DIAGNOSTIC,False,False,100,111,100,100,0,1,5,75,2.0,2.0,1,3,0,0,0,3,NONDEGENERATE_FOR_ARCHITECTURE_DIAGNOSTIC,NONDEGENERATE_FOR_ARCHITECTURE_DIAGNOSTIC,FULL_NONDEGENERATE_FOR_ARCHITECTURE_DIAGNOSTIC__STABILITY_NONDEGENERATE_FOR_ARCHITECTURE_DIAGNOSTIC,False,False
