protein_id	cluster_sha256
A0A023VZR2	17ef4de6c09e097788be17376f3a4bedf49a31ddad80f7de0287968cde046dab
A0A068B409	bfe301e01e0dbb7d4b34a06daf465c6878499b15d343335f9818a428364752f9
A0A0A0VBR5	df41a1a6703859ebd02a2daaa9eb1be221bbc32b9a56e049a5a26201aba74a1d
A0A1D0C0W1	d08d79d22f1ea480ece5bd34a6dd680b62886b14b1b4677607c13435b9aa78c8
A0A1Q1NL17	e67787b85ddcf5bfc975d2acbcb8947d76b1c9181e66b39b9ce598ce60ed32da
A0A1S4HE90	09145ae78b7f8665bd703bc013ea78b341359cf649c018c77c418f1a0781afcb
A0A3G5BIC2	1ad5b2bec6d47b3b31b41ef1303d280823f1bafe83105806c22e8f259148b936
A0A5C1ZXT8	4050eb88ce7f36a53827df4b9dc345eb9d605691d2f30c0e4f0d9f4f49318caa
A0A6B9KZ90	fae78a7e8231f00bff96d48c02789d79894d2ba5de4c032132cac93cc76cb724
A0A6G9KHD3	30d316141c576718c81da9d4d82dfd27bea60b1576f0c368af0503e1544e4255
A0A6M3Z541	cfab7848ff4df0b394d01837f63ba4099c080deaf349404e4bff26bac774a925
A0A834R821	77939ad2e030c96a877a22ba5ed5daf6320c94624b47d4656c315df3acad6c55
A0A835CKX4	b613f7066b1f2cd8cc68f2f245f72d22c1c31738b62f6d0c0d83a39f2a95fc86
A0A8B6XDS4	3c8beb82189007e15e6f763cd6e4734b6f8ddc9a30641da7ce1a0282cad95762
A0A976XK90	1bd8270bc3030d4a3f82d20dc2ce8a6b7d9026355d55e9bd565a8e8dedb90fdc
A7L036	89751ed7ecf041ae79b0b380d457f2d9f28ea0d46f8103bc4133a6ea94bd057c
A7RJ12	a951590076a4be9dccd61ed453868df021e1dce4eef6c8baa9cb8e374778db1a
A7RMN1	fbe14e6bc5c3bdc0f52ff629260f6dba99e647948d94630d991ec1aa8666ecb0
A7SXG9	545825cf2b034a096f5e9f2aa1fce218398f3ca39da7afc1bed8da8bd7453deb
A8YPR6	307385ef28f30185626e90b832306f5dcfc7094364f23cee124355968af4fb22
B0X6Z1	6d4464d8a8478cc7db4e454565fa42d81f620825b0dc859c98a8a1d20f3cc7f7
B1P1J4	0da87154007aa330d0da853783489bbd12235a9492143df141a768b13beca061
B2CS62	92804f8f56bb8d918132c75d35669582516c6a91a22eb6ad14753d4d02592392
B3A0N1	6d0e819570d17dc0a10f10b3a1cb6e922b05a93ab83e4ebef3412b781e21c441
B3EWU8	8f92cc3de519b212445a719b3640eb14391d0800ff84f3f3416080fd948f973b
B5AJT2	929816b761e11927d0c24df4b7a23ccc10ade78b826dc4c1b8a1bfe1e3104146
B5U2W0	2c593f39d643cc29ce9098ac49b0ba7dcd6edfef3740c7fb2e8619fcd86a9a82
B6DD38	6de7cb96992b9e1f01a470944ba9ba302819f7e7d964a7bbd1c09319d5a9ba86
C0HKY3	0def464854bdd3f08f96341d82c06039656a246c93e17ff22422b1f04d07cebe
C0HLG4	97fdb67a2c5418c14245527dc227dfe3f2e6929479da30acb18ab8eda56303a3
C0HLZ4	0db9349f45b8f157cd24d665cbc44f86af13a169bd6f23a75033c1e3ca9f03b4
C0HMD5	d2f9f1903f29280643176fba9f728a9e11986d60e8140981c31baa9a9cceaf7a
C1IBY0	9b6021c4d6533553762eb7332c6dbec15381824f543ab1cf0676c43a986c3bcf
C1IBY2	fa8bbcb97444bdb7b3e0c663bcc6c68b099861ab02183b47fe689a0c70167f02
C5H8E7	6e708677cd2cc5c6ab9be105d5611a822c9aa7c554cc6135bff0e2b2a05ff9d2
D1MWE7	2315adae54c350e50fcc7a8ad116393ca5c2c885f60a9321a357fc7c18241531
D2CFI7	150d86325beb54e4425240e5a306c75906cb3b15e467a2967fbd621a69bf4ed0
D2KKB4	e60ef7701260fd19621a8f409eec90f15540259eb9edfb15271a85dc44804c44
D2Y3T1	3ca5a87b6c128affa973fe2da33f8141da86bdec5f25a7ce8023b1f61b067531
D3JWK2	585f9555f63c19a997583dbd87b8fe154313613280cec96c9cf7878a680d4985
D4QD81	bb6aee55a33d8557b8d8fcdc9c6ee6cc2e8fe309857a48977e3368ec08a7fc97
D6C4J8	a2bc9b453c9e38ca948b82775f215406f604d5f7aca757b10d93dae89ea156f8
D9U2B3	1610c730f22c9562aa1dd52994d7b590b299517d104d7613460a57c3ebd3c597
E2E4F7	2adccd27f5b034661c7439813a774b48f6253d6397592fedcf70f29feb394344
E3PQQ8	37d605eae0f0504e35808bab73cc6b2ea8d8efa3e874e8345433cbe6837f0950
F6KSY2	d769507b07b497c016773e07339c01b5b736af2f8e522153f65ee61a648c0b40
G3CJS0	4b1857e5141901bf945f61c0b6dad08d023687885b2bbb9334c54613e9421ad7
H2CYP1	3070a8983b5b490a1e86be87aac030f4a94d3b7e9abfa4dceda7bdc93b70d1ea
I6S3A9	eef3ebba8fe43631f3127e39c828b559144a8bb8c323e9d4c3f9ed76cc172953
I6VXS1	606564e892ac5a16f62afab1b0e7402bf594d8fa5df95b306e8a9f5a425e1542
M1JMQ7	7af63716cc06081d0d7546fa86b2cd2cad992d60d1d38f0e75a3f90a29436fed
O18424	a6f319ecd87bb70c4449888e307ce2ddbb33a2bcbe059cd6b8b224393ff9e00a
O87906	ff2713bbab7bb551cd00af5db93135e91fdfd70a7979866f837878c5382d0a8a
P01546	f6863a3020f6c1cbff169331fb09aa9ff2ec8c88e9c42e4f39a247d8a7fbd5b2
P01552	71c14ef1c502e5d5515c3c4f90cf1c804ea7785c477c8716d59e0ce54c2e46bf
P06886	662dd56267a6f1933170bd5415eedff453ee43b86afeea914c42455946e297b0
P09332	e299e211f8f7eb612fa3fd23a084d528e10106aba75e1f78a7ebd25f044c4db1
P09545	c51b9dcd02eafdc92a8d5d02a4bbf8a6574a5dd23feb39dccd6fd8ee4146d177
P09807	431a28e057e879be486ab873d7da7e4af6f155408d412940e9704c12607bfbf2
P0C1T7	3e6be4ab3e6a8d8fdd8c7eed2d5c737ce9117b0b1dc4898ea697cbe1eedb84fe
P0C1X4	15f91dcdb2f22e3a90231bd7c257f0400ffe5757b5193ffe558728f874b4eda5
P0C255	dc7e5bdda46467f884ee4ad144b20e34d7434802f2066a569c1e5d21fc4f7d15
P0C2K3	6d3d8aa2a11cf520e402b929ec4004b5eaf74bfadda4d55f9e2a2084facda4c2
P0C832	1b9b4a8c350aa4352a6a43524d982138bd147a1652b88e638783f248f652c353
P0CH47	a073093552837268f109d39ef4022323343d440be41001989e3a224e899f9d57
P0DJ43	fa70cfb854061a1d60ccd40556fe3752dec40c8b72a3443800bccead60506a79
P0DJC0	7432cced728537a9e45e71855dac668fa6ba1aa7df20d926e5c7ffc45732b3fc
P0DJE4	f4150137b71dfb79d9e9b96be42ad8d6b21ddb1c27f0b43c1e0f1e1b197c992e
P0DKP3	56065fc24bfb15103a98201be91679167ec44bc6f65b70cdb26e6533c11ea8e4
P0DKQ8	88b4d5a022a5d1cb6f31349882f11c1ad9befcab0d11c57ab4b03ae584ece6ff
P0DL61	c94a9541b6fdfb3dec33e21051321e352b83c98807eab10e031a182dc9031cf7
P0DM45	cd39db7a0385dc6f79393bacfe75421300925ddf5fdadc5fd700568cbf46893d
P0DN65	7349c6637d5e5f28f88c95a58d3b9928782b96792f1cc993661b5b5556c9d81c
P0DPE6	0a3dd00ac6d14d5e29be16afa882e6e9268d75cdb4a205724477b33d437e9948
P0DPG6	7b956f175e0a05efde2a102b334cd7bc0e42960056d10dd1fc731a9df7005c35
P0DPW2	b013accf38a859bbf07b7474421a91b18f55dfb09317bf689497984064a7e268
P0DPY2	f7fa0def0231f6ff3f0fd549204603792520a9a57650a116267503b85b047f8b
P0DPZ6	1ea420e0138da815a34509c03c07b68a038779b118920def4e97503bdfaa2c4e
P0DPZ8	425f18f8e2ab8db90c13c597dcf22cec8a5eee1a05b4b510a6c79201e2dbfa59
P0DQA3	841cf07ceab8151d94041c4f180d978efad7dae3e9503b446d87cad586690741
P0DQB3	bc74c677c7351343929847bc4e8e80d9eb92db682f0e0109aae73d3360b6a4d2
P0DQE7	3050e9ab2ae74611cd64a73236adac047ade2d3d2e9e7c9f192616a55a2d400d
P0DQF1	55eea3e1410137cfedcda88d40f7821f54a95ddf0a636c4c7d8a6fcdc5d2502a
P0DQG1	a5d4fdd8ec27f4cb22ac0b2dca11b45e1c98a80c65882db9d1d0d43254ea6d16
P0DQG5	38a1810ee481126b6210f359042f51d0f2f518e1000072b9122fe69d36bd836b
P0DQI9	d703074d34824cf3ce9f595b24d9f610bce4ace94143a9c6b34ead63d1e4095b
P0DQZ0	1b6f1680c7e09fb975aeb990a7321650d594ca49a2227a9a3e7d87ae16a4344c
P0DSL3	9a40028924d6e263f0ec480679677016637249a48da2856d70e4d384957240e9
P0DXX1	051466c79585f05b3471817866c4491f32a1764c62d1272a068da32460b2a42e
P0DXZ4	f9f6bb838b8db69cd333a75fd5806793bb235a7c2a47f6765836f3275cd7053f
P0DY41	5f6c60f4e11763012de54d08dc561c1593e6cde6b7381d34e48fff1fffcc8396
P16948	5ac9c4d0ffa497bb81a745cc5a11b55a5ffafd77bbdb3779b6b9082a64bb74ee
P19247	9b06646243f17408892916a183dac2101b1324113afc8f5e78bf823e16f71c74
P22244	7dc723093bc96e0525fb8b14a9191909a9a0a264da85891c947965db4917f08a
P23806	372d5475679c86aeee40940026a2c4472903362cad3fb61e433f5abd0bfe2ade
P33186	d367ec7df064aefc1949732287849bae0ae0b5d06a94c3d85fae8e7a109a196c
P39690	15f47d5aefce15ddac9affd64b40f5b9f4cd80e7090db30601d7a6edaf31b0b3
P54355	f7e940778cd5a0e236011a0cdd68505201ff41dd46ca522310081ca11ef37bb5
P69842	baa967c70ebe24705ace84faa7373d32d224368a633014a13c9a1015c2006baf
P83298	f8eeb2e5801b2bbd02f716b7d387d4012415cebf4f773af062f5b96254922468
P83323	fd417feb4f69c44496046ae907768dd5d4362bab97fade89e98811874c93414e
P84786	4b1a389f2375db7ab795cad9187f18278e8b49339bd04a7adef8edfc2fe3b450
P85006	4e98ff74a638a488a0142759dc5161102b36f03ab12d1c8dc096704733cf7f34
P85101	4b5d4151a7550593275335bb64821dd7d5201d12a68462a8f2eae92784f433a8
P86166	8f196da9bfbf3903c34509056031b3300fdcbd379642964327760f4082451b40
P86942	a76b20aae2d398293a913cbad35fdeb3541694a4764e1b953f1a7228ec1b1382
Q00531	83f84b06b54f0f48256ee45fe7e31a24c9431b87969785692da81ca3229fee36
Q04669	9d2f3fdb5fbc3215a71d25edb02d9582465eab5b848a37d099e6d04831e6b706
Q06B74	c4dc952bd09a3bcc409ef4554a0c912a26f19a52cc25dca1ec90fb67c83505b8
Q07338	d2932cf826f8ff8c76d46b31fe1a9f24e8fc4b99681b844881745cea9754cca7
Q2G1X0	eaa95436640c03b2431076c038e3d6927137f79cff63a88215f9d6ae489c743f
Q2XXP1	a424bc28cff4f6009afa5aa89e1795a83abae7c3e169b37bc37638c326f6f1ed
Q3C255	fd8e8d54bbff7a668ccc946c64d3559c47795981ea142f40e68bf7bb71f55cde
Q45744	9a175cedc4bc54b2398d5ec461cd8b031084309c685514826d707a1762c3ea0e
Q45755	85b09eef5d249eb5b143a1645b7082cad74f75bfac92855aed49a6fb37596b36
Q45758	0b62c1aad91f6fa00f7676671a335a49ca981277540ff36aafb3c18c1c3b7890
Q45UF1	69b97fcf9687ec7c5d5784a99cfbdb14e9b4e0ff873d7b6f86b5af8ded673753
Q4QXT9	0395c8838e3d00db467f45252f0bcedadfb77c4f4103cd100edd2c4f57bf5899
Q53I06	37f0b9dfa5b8347ead2a6be406b828f1f052bb478896f9f736cef2a78331b696
Q5F1N4	ea194c63f1a3996b48e03aba32fd41792c58835772719f7e812bbe9d53d5c64e
Q5QGZ2	cc16e9c80c4aaa9024f8bff999812f71b407b166e13a806d0dc0ca00a79e20f8
Q5WPU8	47f5e3418dcc7af0d14a0dc5ef60ac3d5908e42a30fa4e0faaf4f411f763b6b0
Q5WPZ4	45a80a072460fca87552b59789702d5ce1f133a873cd58feedd5529c9103e835
Q6GE13	030c532ccb09ab896d19139268d8f16152c61f71f548a23e2d1e1a90064889f1
Q6VPT6	f60ccfb3ef3b59cf36736d3ed3df4394dfe569e7e6959a624aed3dc1e9f90bee
Q70US9	1d5c99ac9ed126262b752ff466c0d46221351df00c363765293f492cfa1b0269
Q76CA2	cf1a85a3579fb6090788a96d444327ab551ae2c0f65208b3dd9026d76ec2d556
Q7M3V4	f3b1ce75372ac303148788e25bf181d384dbdc4831b71d6620f9c67d79e98cf4
Q7T3L1	d0b1e932749aa4cc3a319a5e6bbf7d74647538d62883bbdef0c746043b9d77bd
Q813X6	39a5f97aff7f4faa645418b702c37fabe5c9a1da13fc88f1c052ad7791d141a9
Q962V9	fcf966e7efe872215c1452f436f30b16bac85753be80e9c04a5bd50e12df1c65
Q964Q0	705d81a1f5d6092a78ab9577d04940fdb5d849a430bb694350af32ba53101bcd
Q9S597	317ead6ab5a43503d151e59d0b19758b2a8f8a88ec7518e9df9e6b55e878b5ad
Q9UB30	c3e39ea04d3f1301578e8610dd7532b4970248e486851f622f9cadc914221aa4
Q9X5C7	36e5e203b97e03bdbc51b179b0c2b271033f85d4662ebaeef3699ae75bc39b6d
Q9Y0X6	47cc78da078294572ef1110178a5e67fc0dfda9dec133c2e7abc31ba7c481f89
Q9ZIU5	66162aa3fa4efb23365082fcd4a63e0f692903e2aedce81cfd5f017fdf66b408
T1PQV6	826136a53c6f1e09f2623b50c0b9c4ddfb5840be30e2a3f64449b63ce9f02fda
U6BLN5	47cc703914ec2d36bb075d5c119b3927c9fe916b1ac93a6b51a6b2792c8e726b
