scenario,scenario_id,diagnostic_seed,target_n,tau,tau_index,rho,rho_index,selected_C_R2,K_t_full,K_t_stab,stability_support_indices_json,stability_signed_support_json,stability_positive_membership_json,stability_negative_membership_json,stability_membership_sha256,stability_n_per_class,stage_A_final_fit_seed,stage_B_fit_seed,stability_subsample_seed_identity_json,stability_fit_seed,dataset_seed,planted_sign_instability_idx_json,planted_coordinate_signs_json
S7,7,930001,100,0.447213595499958,1,,0,0.0001,0,0,[],[],"[51,50,77,72,98,8,58,9,24,1,99,18,74,67,49,41,37,20,75,46,62,87,22,52,13,91,79,59,70,56,19,10,54,17,93,73,14,60,43,26,6,48,76,94,31,39,84,71,96,61,38,32,92,29,81,64,97,36,0,35,57,33,83,53,21,78,90,25,69,30,68,15,45,63,95,47,7,28,2,3]","[194,129,146,116,148,133,134,191,137,176,128,117,164,140,149,106,153,108,127,193,178,132,181,166,135,101,189,144,157,126,120,190,121,102,183,156,109,168,114,150,171,175,186,110,141,136,170,130,100,187,174,199,160,172,113,195,154,173,142,165,192,143,138,163,131,196,188,185,105,147,162,145,125,151,124,103,104,159,107,161]",eff845cac0f720f6cd4afade9676da0774f33c288424b9d5879d1c4048ef7933,80,1325283957,162745383,"[930001,7,1,0,100,200,26]",2262845604,1674067987,[5],"{""5"":0}"
S7,7,930002,100,0.447213595499958,1,,0,0.0001,0,0,[],[],"[46,60,64,61,83,9,95,42,0,17,58,66,16,5,65,68,37,98,44,72,90,24,11,75,97,67,82,10,3,77,18,29,94,8,41,50,2,22,69,39,53,13,26,89,1,79,7,55,86,78,40,88,12,45,43,27,85,70,76,54,14,36,25,80,73,96,49,38,63,84,99,28,59,56,4,91,15,52,57,31]","[151,143,137,187,156,150,115,102,105,116,193,180,169,109,111,168,163,182,132,124,134,154,162,152,135,155,101,172,177,114,112,170,186,153,117,165,146,185,195,191,100,133,184,176,130,157,104,119,147,145,194,196,127,183,158,144,171,199,122,175,128,129,159,123,131,148,108,139,120,141,125,198,126,103,110,121,167,136,190,164]",123781556f11b4d9f4749d6914d3e980ec613cdb610478f24ab6f437c23e561c,80,2240224551,1196161803,"[930002,7,1,0,100,200,26]",117699468,1674067987,[5],"{""5"":0}"
S7,7,930003,100,0.447213595499958,1,,0,0.3,127,92,"[0,1,5,19,22,33,106,110,116,126,188,194,201,204,219,230,234,251,264,274,291,324,331,335,347,356,380,398,412,440,457,458,506,513,515,523,542,547,653,656,660,671,678,680,682,685,692,708,721,746,772,779,780,796,809,823,846,852,853,854,862,874,877,883,902,943,973,974,986,995,998,999,1006,1027,1028,1071,1096,1123,1128,1129,1130,1133,1143,1151,1200,1218,1226,1234,1253,1259,1265,1266]","[[0,1],[1,1],[5,1],[19,1],[22,1],[33,1],[106,-1],[110,1],[116,-1],[126,1],[188,1],[194,1],[201,1],[204,1],[219,1],[230,1],[234,1],[251,-1],[264,-1],[274,-1],[291,1],[324,1],[331,-1],[335,-1],[347,1],[356,1],[380,1],[398,1],[412,1],[440,1],[457,1],[458,1],[506,-1],[513,-1],[515,-1],[523,1],[542,-1],[547,-1],[653,-1],[656,1],[660,-1],[671,1],[678,-1],[680,-1],[682,-1],[685,-1],[692,1],[708,1],[721,1],[746,-1],[772,1],[779,-1],[780,-1],[796,1],[809,1],[823,-1],[846,1],[852,-1],[853,1],[854,-1],[862,1],[874,-1],[877,1],[883,-1],[902,-1],[943,-1],[973,-1],[974,1],[986,-1],[995,1],[998,-1],[999,1],[1006,-1],[1027,1],[1028,-1],[1071,-1],[1096,1],[1123,1],[1128,1],[1129,1],[1130,-1],[1133,-1],[1143,1],[1151,1],[1200,-1],[1218,1],[1226,-1],[1234,1],[1253,-1],[1259,-1],[1265,-1],[1266,-1]]","[80,87,43,81,62,28,23,63,94,76,75,14,68,8,17,12,44,70,92,35,73,56,55,84,98,6,1,13,50,16,7,89,25,64,79,52,74,42,39,26,60,85,36,65,40,93,61,78,95,97,46,67,96,71,20,47,54,51,91,4,33,58,30,3,90,5,22,29,15,49,21,86,19,18,32,9,34,69,83,45]","[102,190,149,167,162,151,145,113,194,168,174,121,180,173,123,182,172,150,155,185,143,108,109,166,127,148,100,110,164,107,101,128,181,160,130,159,134,117,178,153,186,138,126,106,132,122,119,171,125,197,152,158,140,157,187,192,184,183,129,124,177,161,193,139,141,133,111,195,115,188,105,170,144,198,165,135,103,116,176,175]",7643ed96058ee56cf74d53248e9cf9f7bb32741464f0c846fb2305d1fc998945,80,3569628863,3417987383,"[930003,7,1,0,100,200,26]",2536675199,1674067987,[5],"{""5"":1}"
S7,7,930004,100,0.447213595499958,1,,0,0.0001,0,0,[],[],"[78,77,90,17,22,8,42,63,38,99,15,16,40,68,53,89,32,4,21,3,39,33,29,37,81,96,97,28,79,50,41,70,7,24,66,94,93,59,54,30,35,73,60,86,61,67,65,14,26,23,83,52,48,27,62,47,19,12,98,69,56,49,1,43,55,9,95,18,82,2,92,74,57,10,31,0,64,51,45,71]","[143,134,119,116,107,145,194,152,155,124,138,161,166,115,123,156,111,159,163,162,170,197,172,109,185,113,117,164,140,193,199,114,178,160,105,120,154,146,108,187,195,180,144,191,147,103,158,168,174,106,122,121,181,135,177,153,196,102,149,198,150,183,151,179,128,171,125,130,101,131,192,129,118,186,167,188,148,100,139,182]",7c85c71c2fc536f7fbe3125c1d1b607ce0625a85ff43206fb9f47762693599b6,80,205533651,3199640373,"[930004,7,1,0,100,200,26]",742844925,1674067987,[5],"{""5"":0}"
S7,7,930005,100,0.447213595499958,1,,0,0.0001,0,0,[],[],"[6,35,15,91,68,79,74,5,19,22,51,53,48,92,98,59,1,8,25,9,80,16,30,29,14,21,42,63,11,88,24,26,3,70,96,87,85,75,57,38,18,95,7,39,73,28,61,36,71,0,94,40,44,52,10,37,43,20,47,31,27,69,34,32,99,84,67,90,23,56,50,77,76,97,81,46,33,55,2,65]","[171,179,196,115,112,189,123,198,160,175,103,154,190,185,108,105,107,152,195,181,120,118,170,102,199,111,187,157,126,167,156,193,100,131,133,136,139,191,176,144,158,162,161,197,177,184,173,153,116,188,124,194,169,172,138,125,142,132,140,186,151,113,134,135,130,192,122,155,114,163,143,119,110,149,101,128,159,121,165,164]",acd6319e5d05eb688ba880475c9526eb311cef407ca961e5e571ad628587a30c,80,2796113468,3502605134,"[930005,7,1,0,100,200,26]",490161300,1674067987,[5],"{""5"":0}"
S7,7,930006,100,0.447213595499958,1,,0,0.3,123,99,"[1,2,33,49,73,85,98,99,101,108,114,120,121,122,156,164,228,229,239,241,259,271,285,289,346,347,356,361,364,378,410,413,417,451,457,486,499,515,517,556,587,611,617,634,653,656,662,672,701,707,710,721,724,730,755,756,768,779,781,796,824,827,838,840,852,854,864,883,891,907,922,930,943,960,962,966,978,980,984,1024,1027,1040,1055,1066,1067,1078,1087,1129,1145,1146,1151,1154,1200,1205,1215,1218,1229,1259,1263]","[[1,1],[2,-1],[33,1],[49,-1],[73,1],[85,1],[98,-1],[99,-1],[101,1],[108,1],[114,1],[120,-1],[121,1],[122,1],[156,-1],[164,-1],[228,-1],[229,-1],[239,-1],[241,-1],[259,1],[271,1],[285,1],[289,-1],[346,1],[347,1],[356,1],[361,1],[364,1],[378,1],[410,1],[413,1],[417,-1],[451,1],[457,1],[486,-1],[499,1],[515,-1],[517,1],[556,-1],[587,1],[611,-1],[617,1],[634,1],[653,-1],[656,1],[662,-1],[672,-1],[701,1],[707,-1],[710,-1],[721,1],[724,-1],[730,1],[755,1],[756,-1],[768,1],[779,-1],[781,-1],[796,1],[824,-1],[827,-1],[838,1],[840,-1],[852,-1],[854,-1],[864,1],[883,-1],[891,-1],[907,1],[922,1],[930,-1],[943,-1],[960,1],[962,1],[966,-1],[978,-1],[980,-1],[984,1],[1024,-1],[1027,1],[1040,-1],[1055,-1],[1066,1],[1067,1],[1078,-1],[1087,-1],[1129,1],[1145,-1],[1146,1],[1151,1],[1154,-1],[1200,-1],[1205,-1],[1215,-1],[1218,1],[1229,-1],[1259,-1],[1263,1]]","[41,43,25,90,84,28,42,51,1,55,94,78,92,58,35,59,40,76,88,86,72,60,87,62,93,73,21,15,91,70,79,3,13,4,44,26,98,89,47,31,96,95,14,0,5,46,49,69,38,34,64,27,29,30,52,16,36,57,11,18,2,7,77,48,20,8,82,74,45,53,6,37,24,23,67,63,19,32,56,22]","[132,119,183,187,179,184,107,143,118,145,112,193,194,178,151,139,173,108,106,185,134,148,142,166,147,191,163,152,103,177,101,122,121,196,160,133,157,149,190,189,165,159,153,113,124,128,155,130,102,186,172,182,169,141,116,162,125,127,180,110,167,120,109,192,136,175,170,105,198,140,117,131,100,144,115,129,164,150,137,176]",4072a848b742972038341c0f1fc382eb720746eb358fecec7e11b2a62c01995e,80,2737645465,1536121685,"[930006,7,1,0,100,200,26]",3763846862,1674067987,[5],"{""5"":0}"
S7,7,930007,100,0.447213595499958,1,,0,0.0001,0,0,[],[],"[11,20,76,79,2,87,77,81,3,17,40,83,44,93,29,59,64,85,66,51,0,15,22,39,30,84,98,50,32,19,34,94,70,5,48,21,52,7,71,23,16,14,61,47,27,54,1,13,67,86,63,82,26,88,55,96,73,18,60,8,56,46,69,99,80,4,43,25,49,62,53,24,10,78,75,6,95,68,38,28]","[146,176,179,143,127,109,155,111,148,188,126,137,149,123,112,117,121,103,174,180,170,183,166,197,167,171,134,119,169,120,135,101,152,131,177,192,105,128,161,157,115,160,110,133,142,138,124,122,147,118,141,144,100,151,158,181,175,107,195,186,113,102,162,106,191,196,168,140,129,136,114,159,108,116,125,178,163,154,132,187]",9f81ac09c915776c6d13c7f1db818c2518ff4d2c0bb78c76df2c4e6087c3a09b,80,1485552163,915299506,"[930007,7,1,0,100,200,26]",351432009,1674067987,[5],"{""5"":0}"
S7,7,930008,100,0.447213595499958,1,,0,0.0001,0,0,[],[],"[10,86,71,32,13,69,92,38,50,7,24,1,39,26,74,3,4,79,99,44,20,19,41,35,96,52,85,27,34,77,23,94,59,46,82,73,40,30,57,58,80,28,90,12,65,22,87,2,91,54,51,66,36,62,83,9,88,25,15,67,16,53,84,63,29,60,68,97,11,17,45,98,47,70,89,18,72,14,43,31]","[150,190,176,101,162,148,151,104,116,146,191,122,189,159,142,161,188,187,100,180,110,174,132,125,155,181,171,103,192,134,128,175,183,197,109,199,135,157,112,126,118,194,133,143,164,140,170,173,105,141,129,130,154,124,153,113,166,123,111,137,114,185,119,156,136,138,108,179,147,144,106,184,121,102,163,196,131,158,186,117]",49b4161d46bfb99d666dac2cc341f094ea9bdcc29f1da23125bfd1da939ac3f1,80,1777758048,3433087280,"[930008,7,1,0,100,200,26]",2958164554,1674067987,[5],"{""5"":0}"
S7,7,930009,100,0.447213595499958,1,,0,0.0001,0,0,[],[],"[38,61,23,53,74,37,77,96,26,51,7,17,40,12,88,9,5,2,33,16,89,39,72,65,10,79,86,91,0,87,82,14,67,34,36,48,52,44,28,85,11,32,84,35,63,21,41,50,60,81,49,27,68,42,64,90,18,24,55,31,80,3,75,99,69,47,20,1,78,19,83,62,8,15,73,95,71,58,4,54]","[161,175,185,128,189,142,133,127,152,171,193,183,192,108,186,143,151,163,168,114,179,188,125,160,100,190,139,187,101,117,126,173,120,172,107,112,121,159,105,148,170,176,110,162,132,136,197,122,167,156,137,166,109,196,150,164,199,138,130,116,194,144,165,106,123,180,177,195,119,182,140,131,169,178,118,149,104,135,154,147]",4480c8558621587a52aedd2f17cd5ebfd32f7899ca30e76015403f5beedeee49,80,1357275381,2362014827,"[930009,7,1,0,100,200,26]",998595615,1674067987,[5],"{""5"":0}"
S7,7,930010,100,0.447213595499958,1,,0,0.1,62,39,"[5,25,86,121,122,139,141,164,186,188,234,271,293,334,417,418,459,466,494,584,692,760,764,779,830,890,902,919,922,955,962,977,1027,1128,1151,1224,1229,1263,1275]","[[5,-1],[25,1],[86,1],[121,1],[122,1],[139,-1],[141,1],[164,-1],[186,-1],[188,1],[234,1],[271,1],[293,1],[334,-1],[417,-1],[418,-1],[459,1],[466,-1],[494,-1],[584,-1],[692,1],[760,1],[764,1],[779,-1],[830,1],[890,-1],[902,-1],[919,-1],[922,1],[955,1],[962,1],[977,-1],[1027,1],[1128,1],[1151,1],[1224,1],[1229,-1],[1263,1],[1275,1]]","[95,12,98,70,66,81,26,73,84,88,31,55,69,60,9,42,58,14,92,46,25,23,3,0,85,76,30,44,33,41,63,48,19,34,57,38,24,96,28,67,86,97,11,54,22,6,49,61,68,1,43,53,91,77,99,8,40,36,52,72,51,94,29,15,21,64,16,37,83,62,74,45,65,18,17,39,93,20,82,2]","[170,104,143,171,160,102,107,117,150,148,159,191,176,164,106,113,190,105,172,116,182,103,123,151,101,145,138,198,173,184,158,109,156,174,185,114,167,177,122,128,169,194,157,153,141,127,111,124,186,119,181,165,137,189,152,100,140,118,161,175,193,132,166,121,197,183,131,154,110,136,135,126,147,179,139,188,112,199,196,125]",640a467b6f1b68464351abf2e56727b7f7005431860c5ba6c5c9c8430729e53d,80,4256554785,440053394,"[930010,7,1,0,100,200,26]",4291843792,1674067987,[5],"{""5"":-1}"
S7,7,930011,100,0.447213595499958,1,,0,0.0001,0,0,[],[],"[99,77,46,4,22,72,27,93,64,7,44,59,10,56,74,80,15,96,94,70,2,87,49,95,16,21,61,32,43,66,81,86,82,37,23,0,50,97,84,20,90,39,19,28,88,31,69,42,47,54,92,73,79,60,89,6,8,34,83,29,62,76,91,63,14,11,71,85,1,55,30,68,33,13,98,17,5,58,45,78]","[149,193,181,160,157,184,161,198,179,165,187,106,108,115,140,117,180,128,133,125,163,156,190,150,126,113,153,171,170,183,119,116,135,102,129,131,137,147,199,112,151,196,155,154,175,195,148,105,109,164,111,121,107,182,120,173,130,139,166,144,174,123,122,152,178,134,197,176,114,159,192,194,104,141,191,172,138,118,168,186]",64430443ec72e751b7a589c502f67415af5baa7c3e13487c4c9c78edab7c1786,80,1464612966,3287434787,"[930011,7,1,0,100,200,26]",3308943836,1674067987,[5],"{""5"":0}"
S7,7,930012,100,0.447213595499958,1,,0,0.0001,0,0,[],[],"[71,43,15,8,54,11,83,56,2,30,20,25,34,77,44,97,95,42,52,31,53,0,22,62,45,88,29,37,9,82,73,63,19,85,3,72,24,91,92,12,35,41,86,48,33,5,36,14,16,49,38,66,78,39,59,1,51,99,18,68,32,40,81,96,57,70,79,13,74,10,27,98,21,28,67,60,75,4,58,47]","[150,157,177,101,118,165,160,138,131,105,188,181,169,114,197,106,178,135,117,182,163,174,125,111,179,139,102,148,162,112,190,154,137,136,128,152,146,171,164,104,126,121,198,129,141,189,159,107,124,120,187,149,143,144,193,176,175,109,108,110,158,153,142,127,147,196,130,100,132,145,134,161,133,194,191,195,166,172,180,140]",10ec21906039c2b8f9e5015a75607bbdf1e45bea0a0d81b373b2c1b0b08f0464,80,273483391,3844945725,"[930012,7,1,0,100,200,26]",2135037530,1674067987,[5],"{""5"":0}"
S7,7,930013,100,0.447213595499958,1,,0,0.0001,0,0,[],[],"[10,41,76,5,66,19,6,55,31,8,42,4,12,53,87,75,63,7,26,98,44,17,59,32,54,61,97,46,81,9,89,27,64,56,33,2,60,67,57,11,77,28,14,51,47,86,73,25,85,78,1,82,65,18,38,35,92,30,48,80,29,23,68,72,21,39,20,40,37,0,13,34,74,45,96,50,93,88,43,22]","[116,147,161,120,134,182,162,189,173,118,127,130,114,133,178,115,158,179,119,102,190,140,165,181,193,167,191,123,171,106,156,154,188,126,169,143,199,151,180,107,164,145,132,175,108,157,150,109,192,142,196,135,137,170,122,155,149,146,110,141,186,111,194,131,144,195,129,187,159,177,148,176,112,153,121,197,104,163,166,152]",c71e374599a05c86cfebfb6c1133b8863b9aed327e1bef7a0c323487427428b8,80,1181378878,2500479790,"[930013,7,1,0,100,200,26]",1129808915,1674067987,[5],"{""5"":0}"
S7,7,930014,100,0.447213595499958,1,,0,0.0001,0,0,[],[],"[25,0,72,71,65,28,76,64,91,17,89,2,86,81,74,40,73,26,82,31,3,56,88,75,38,48,69,5,18,77,43,55,16,13,51,61,60,90,36,47,99,19,50,45,39,37,6,59,24,62,68,44,70,41,98,1,67,49,85,80,42,94,8,11,32,9,95,27,23,15,20,29,33,93,66,78,63,92,12,30]","[193,165,106,145,123,129,195,104,199,144,157,128,156,175,149,113,164,100,101,139,150,185,158,122,160,176,167,169,146,111,174,155,141,180,136,107,103,171,192,181,115,110,189,112,138,134,191,117,177,154,187,125,114,194,151,135,132,196,183,198,147,137,140,197,116,148,105,109,102,124,170,120,108,142,119,118,143,188,186,133]",b482aa502b497a632f0e8d60c048f8aeb9304f61110325c93fa531f715a45377,80,3994872865,2889103877,"[930014,7,1,0,100,200,26]",2985478284,1674067987,[5],"{""5"":0}"
S7,7,930015,100,0.447213595499958,1,,0,0.1,60,45,"[33,57,91,101,137,188,204,211,219,230,231,234,260,264,271,274,298,302,334,347,492,506,570,575,586,595,688,701,746,789,839,852,874,912,919,977,979,1096,1123,1131,1151,1157,1193,1232,1266]","[[33,1],[57,-1],[91,-1],[101,-1],[137,1],[188,1],[204,1],[211,1],[219,1],[230,1],[231,-1],[234,1],[260,1],[264,-1],[271,1],[274,-1],[298,1],[302,-1],[334,-1],[347,1],[492,1],[506,-1],[570,-1],[575,1],[586,1],[595,1],[688,1],[701,1],[746,-1],[789,1],[839,1],[852,-1],[874,-1],[912,1],[919,-1],[977,-1],[979,1],[1096,1],[1123,1],[1131,-1],[1151,1],[1157,1],[1193,1],[1232,1],[1266,-1]]","[94,51,0,95,50,98,23,12,3,36,52,43,1,27,14,86,41,17,88,20,59,97,82,81,6,91,76,75,49,10,42,70,54,37,33,32,9,13,99,24,65,71,26,93,11,80,18,61,63,47,45,64,79,74,55,30,46,83,60,53,16,44,58,38,25,34,89,72,68,8,35,22,69,77,73,56,40,5,84,78]","[111,150,175,130,127,190,109,123,197,195,129,172,102,170,182,183,146,194,174,177,181,115,133,131,100,189,155,160,122,108,118,107,114,128,105,113,180,136,152,163,138,185,117,176,188,192,126,171,134,169,179,142,165,145,191,193,139,119,173,121,144,157,101,103,140,199,184,151,198,112,124,110,164,135,167,149,132,147,186,137]",32839fe1389eeee8b7011b568ec1517297e8ecbe0232a8bf5277d7102cebda27,80,3133957716,3171884668,"[930015,7,1,0,100,200,26]",2118230362,1674067987,[5],"{""5"":0}"
S7,7,930016,100,0.447213595499958,1,,0,0.0001,0,0,[],[],"[31,18,89,9,96,69,12,97,77,16,79,20,27,84,6,71,8,13,81,93,83,55,33,1,30,58,36,85,65,34,52,15,38,7,37,39,82,53,43,88,68,54,2,92,73,11,61,41,5,94,72,48,70,25,64,95,86,29,74,80,17,66,21,78,56,75,51,49,87,4,99,98,26,76,45,10,90,0,3,62]","[121,176,172,127,118,120,124,159,155,101,150,187,104,109,185,152,163,107,142,173,117,198,138,194,149,108,189,168,113,141,111,123,190,129,165,169,100,119,144,192,160,162,167,179,112,146,181,128,188,186,105,122,164,182,161,175,178,183,154,136,116,135,174,130,115,193,147,106,156,145,191,131,125,137,140,184,133,177,166,110]",08df06a9578dbd673706fa8b88e08269546ef2f500b569ce6965ab75bf928aeb,80,3830270988,471306191,"[930016,7,1,0,100,200,26]",3133504133,1674067987,[5],"{""5"":0}"
S7,7,930017,100,0.447213595499958,1,,0,0.0001,0,0,[],[],"[39,80,36,21,82,75,45,57,70,74,51,86,41,94,27,58,42,81,28,3,43,35,50,61,64,93,90,25,56,83,92,62,79,13,68,60,65,32,34,23,22,19,40,9,55,96,73,33,59,78,37,14,97,46,66,1,71,76,44,2,88,69,52,26,17,67,8,12,72,49,4,54,77,29,0,89,84,10,98,20]","[196,128,114,137,186,152,108,180,131,100,156,146,147,149,191,116,162,112,109,122,110,101,135,192,182,121,170,124,103,174,106,160,161,123,176,166,171,172,190,133,144,151,117,155,118,105,125,154,167,119,104,181,102,115,164,185,126,134,127,169,158,184,188,139,148,111,107,132,141,193,199,142,183,173,157,194,130,197,113,177]",1805ad6b4aa7c507dc3ad891cfa76a56cf892897619961373b0dd82296489cb0,80,355558771,3029797474,"[930017,7,1,0,100,200,26]",1669995983,1674067987,[5],"{""5"":0}"
S7,7,930018,100,0.447213595499958,1,,0,0.1,64,43,"[2,5,54,86,131,141,153,219,247,274,334,361,395,417,459,523,547,659,672,675,689,779,806,816,826,838,852,984,987,1006,1012,1043,1071,1096,1128,1151,1155,1200,1206,1224,1232,1259,1270]","[[2,-1],[5,1],[54,-1],[86,1],[131,-1],[141,1],[153,1],[219,1],[247,1],[274,-1],[334,-1],[361,1],[395,1],[417,-1],[459,1],[523,1],[547,-1],[659,-1],[672,-1],[675,1],[689,-1],[779,-1],[806,-1],[816,-1],[826,1],[838,1],[852,-1],[984,1],[987,-1],[1006,-1],[1012,1],[1043,-1],[1071,-1],[1096,1],[1128,1],[1151,1],[1155,1],[1200,-1],[1206,-1],[1224,1],[1232,1],[1259,-1],[1270,-1]]","[5,16,37,54,55,90,79,49,7,48,98,20,8,94,70,0,2,39,95,91,10,30,83,77,43,40,14,74,86,51,64,99,63,27,4,93,84,72,69,65,53,18,60,44,32,75,36,29,12,59,28,1,47,11,46,34,9,45,87,56,80,67,25,57,66,26,38,31,6,23,85,42,35,62,21,58,19,81,50,33]","[134,145,103,160,189,142,191,178,140,150,184,152,169,144,146,171,170,176,114,154,182,104,179,190,159,158,183,148,121,181,119,129,117,185,126,163,167,187,124,133,123,153,162,139,164,131,106,116,105,138,102,197,173,120,132,196,115,168,198,130,143,113,122,141,188,125,161,177,165,137,112,157,174,110,101,192,136,180,118,147]",20412b73104ca28a321f00aef4cdf64768214811c7f33e8a0b5e541d1f8a7e65,80,1999177278,2602543592,"[930018,7,1,0,100,200,26]",2753810052,1674067987,[5],"{""5"":1}"
S7,7,930019,100,0.447213595499958,1,,0,0.0001,0,0,[],[],"[9,16,17,82,51,75,23,54,87,66,49,37,27,90,35,24,62,80,68,21,69,41,77,29,59,43,73,3,70,52,5,95,22,30,11,32,58,53,45,76,97,96,20,56,64,12,40,7,31,63,0,72,14,36,8,91,33,47,92,19,13,15,83,34,1,99,88,10,93,26,65,71,28,57,60,94,39,50,55,42]","[119,127,160,156,121,142,134,195,178,111,106,199,103,175,161,173,193,101,105,169,157,115,146,130,172,198,135,131,125,187,194,184,166,137,148,140,180,188,168,107,116,152,190,136,120,191,165,189,112,179,132,118,129,174,133,177,163,139,150,153,104,122,145,110,144,158,162,123,100,186,171,149,185,143,108,128,151,155,176,102]",0846b5eeb5600d12efedc50e3e57f7dc2b3f91f4c424737b1977a5d34f52e7b7,80,2278257651,3251664170,"[930019,7,1,0,100,200,26]",3999616567,1674067987,[5],"{""5"":0}"
S7,7,930020,100,0.447213595499958,1,,0,0.0001,0,0,[],[],"[78,69,5,18,40,41,84,74,91,9,0,59,53,75,8,99,2,49,34,45,95,83,27,63,3,80,11,88,1,67,93,90,65,82,54,28,57,30,72,36,26,13,31,76,55,47,98,19,70,10,20,68,12,16,51,56,14,6,52,71,73,81,58,60,48,89,46,96,97,79,29,32,66,21,23,17,25,86,15,38]","[113,199,196,147,124,190,115,103,135,170,129,157,130,164,197,122,162,165,185,194,139,125,191,132,187,167,195,136,137,158,128,180,174,193,109,112,146,179,100,143,106,154,131,172,166,149,104,168,152,144,141,192,111,119,134,176,151,175,181,127,183,140,120,121,108,171,159,118,123,101,153,189,182,173,163,138,133,160,169,156]",b8c1d75475de1c6f71254e2851304d00be2be2bebc3b6830479eeceaac4b0503,80,3258842139,602183750,"[930020,7,1,0,100,200,26]",23239695,1674067987,[5],"{""5"":0}"
S7,7,930021,100,0.447213595499958,1,,0,0.0001,0,0,[],[],"[39,7,27,71,83,10,91,63,62,96,22,49,23,50,98,70,13,92,40,3,81,48,97,82,60,90,1,73,8,85,30,84,32,57,77,25,78,11,69,68,64,42,37,80,9,59,76,45,12,15,18,35,54,72,29,88,67,79,56,44,93,34,31,66,86,61,65,36,0,19,47,99,53,20,52,16,33,14,55,75]","[162,138,126,171,152,117,122,130,187,128,156,103,195,192,196,121,176,183,133,144,102,142,147,149,125,164,112,108,124,154,197,170,107,186,194,119,123,120,166,181,191,146,115,129,143,155,104,178,169,141,132,137,167,106,199,113,105,173,161,172,148,118,159,110,100,145,153,109,174,114,134,185,198,180,175,177,131,188,168,193]",e0a078a0c8d5176be558fdbe6a5c6a64320dddc87bdacd795d85eadb8faabf2d,80,3696725021,1934488128,"[930021,7,1,0,100,200,26]",1674774686,1674067987,[5],"{""5"":0}"
S7,7,930022,100,0.447213595499958,1,,0,0.0001,0,0,[],[],"[65,11,91,62,7,0,98,39,82,14,44,99,83,78,53,80,10,24,5,57,21,67,32,94,66,61,70,33,15,4,51,86,23,95,81,72,79,9,93,45,64,26,85,58,55,6,88,77,60,54,89,90,36,8,71,37,97,87,47,75,50,2,35,34,42,16,43,68,76,74,25,41,96,28,52,49,63,17,46,19]","[195,144,135,169,180,125,100,122,129,196,128,141,109,137,106,121,159,136,164,108,151,168,114,139,112,119,174,165,172,163,188,116,104,110,194,146,154,187,150,138,115,120,103,143,175,140,147,148,177,193,107,191,127,156,160,199,118,123,101,149,192,183,132,170,134,166,181,142,157,161,171,167,102,133,130,178,153,124,185,190]",a52853d2377afacbac43c6ca7c243da19cb887f26c539912b8eda51d5cd64e47,80,2106853027,378257659,"[930022,7,1,0,100,200,26]",2865723671,1674067987,[5],"{""5"":0}"
S7,7,930023,100,0.447213595499958,1,,0,0.0001,0,0,[],[],"[9,31,90,2,56,40,10,46,93,48,87,73,12,17,34,38,96,76,49,36,66,51,75,95,50,4,78,21,54,45,70,27,64,19,30,42,68,26,0,94,16,55,83,82,89,44,13,99,98,62,59,81,72,24,92,20,88,79,77,65,52,22,80,14,32,18,85,86,84,5,43,69,29,15,57,91,97,6,3,1]","[188,136,148,172,147,100,187,130,150,180,198,196,190,158,167,179,128,111,194,101,146,107,183,169,161,116,185,143,115,106,141,142,134,140,120,170,151,163,191,110,108,176,178,123,195,197,102,129,192,119,181,199,184,109,189,159,168,117,155,103,138,122,152,132,175,125,133,171,144,154,193,153,121,162,177,145,149,173,186,160]",fe02247fe9690bf941887217cd6b5f2d9a3daac30c04d53f9b31c5895be7cbc8,80,2385831490,2523359364,"[930023,7,1,0,100,200,26]",91046182,1674067987,[5],"{""5"":0}"
S7,7,930024,100,0.447213595499958,1,,0,0.1,60,34,"[33,53,236,274,291,324,347,361,417,440,459,600,606,610,684,692,752,754,769,779,800,852,854,889,951,977,1020,1096,1116,1151,1155,1210,1224,1270]","[[33,1],[53,1],[236,-1],[274,-1],[291,1],[324,1],[347,1],[361,1],[417,-1],[440,1],[459,1],[600,1],[606,-1],[610,1],[684,1],[692,1],[752,-1],[754,-1],[769,1],[779,-1],[800,1],[852,-1],[854,-1],[889,1],[951,-1],[977,-1],[1020,1],[1096,1],[1116,1],[1151,1],[1155,1],[1210,-1],[1224,1],[1270,-1]]","[4,25,29,93,57,26,1,33,5,68,40,86,85,16,55,37,6,8,76,87,52,9,20,27,18,65,24,56,89,42,83,61,44,30,49,91,48,19,90,17,99,96,71,41,75,22,92,73,67,36,70,79,95,39,72,14,58,78,13,80,74,51,77,15,31,23,50,53,0,32,12,45,46,3,60,34,84,97,64,59]","[194,132,197,122,148,144,110,109,198,137,140,164,156,142,192,131,104,190,116,114,101,154,173,158,108,143,177,172,119,121,199,186,128,151,161,180,120,167,174,146,150,153,127,163,136,147,111,112,196,107,169,106,189,126,181,166,193,160,170,175,102,135,100,123,139,152,117,165,176,124,184,159,162,179,130,134,133,145,118,182]",5dd03583c98425645ee69debb59c0db6b8de1cabfba17b0789fe8753d974e664,80,4242334083,1452645818,"[930024,7,1,0,100,200,26]",3169435926,1674067987,[5],"{""5"":0}"
S7,7,930025,100,0.447213595499958,1,,0,0.0001,0,0,[],[],"[34,94,66,20,18,6,81,73,32,15,64,50,48,38,47,86,80,49,29,99,96,40,60,57,95,41,13,83,1,12,19,87,90,25,42,59,52,35,36,45,77,17,62,78,28,74,33,98,14,82,8,97,61,55,46,2,51,89,92,27,67,72,23,22,31,30,4,9,76,37,75,79,63,11,44,56,5,58,26,43]","[129,122,165,128,137,171,153,125,148,107,110,162,118,146,134,135,121,181,196,156,139,140,170,143,186,192,185,114,104,152,147,175,112,111,132,126,115,105,138,106,169,145,109,136,174,120,131,190,164,178,130,103,151,119,187,180,100,163,193,142,102,141,101,167,161,159,149,116,191,194,123,199,166,177,127,133,198,188,160,182]",dfd9f7e876ea66f50457d205463c50df5e110f97a6ae679202ce873180563879,80,4067914237,2747856740,"[930025,7,1,0,100,200,26]",2312574460,1674067987,[5],"{""5"":0}"
S7,7,930026,100,0.447213595499958,1,,0,0.0001,0,0,[],[],"[39,97,82,35,69,87,63,50,81,67,84,54,11,23,6,17,43,66,40,75,48,73,59,60,14,91,86,95,5,30,55,70,93,49,92,9,24,68,72,7,83,74,15,32,89,90,20,45,96,19,46,31,88,61,71,41,76,77,4,44,18,16,28,0,98,37,3,62,38,12,99,79,57,33,21,64,10,47,94,8]","[132,126,118,151,122,115,148,138,149,139,147,109,163,158,125,194,142,190,152,183,117,145,185,170,182,165,100,136,157,135,113,127,110,103,178,119,105,193,177,159,162,155,156,107,188,191,104,171,131,175,179,161,166,186,164,111,154,140,137,199,160,189,153,120,143,180,116,108,106,169,130,197,167,195,129,141,196,168,174,172]",54d16ab57bbfad742f590d235b4e208df6f28bbdc8e7829283dc8a0381a1b5da,80,2676271275,3911166968,"[930026,7,1,0,100,200,26]",3885190404,1674067987,[5],"{""5"":0}"
S7,7,930027,100,0.447213595499958,1,,0,0.0001,0,0,[],[],"[53,27,14,13,47,84,97,2,89,10,74,60,69,8,16,55,99,52,12,68,7,44,21,23,96,66,78,18,29,17,32,9,88,98,91,39,79,46,59,30,77,90,95,19,86,64,1,50,34,48,62,75,58,0,61,4,85,3,70,45,81,56,24,92,6,57,93,87,63,25,94,65,80,26,38,49,43,54,31,35]","[108,148,119,145,164,124,106,168,184,100,169,140,130,146,128,191,155,192,173,133,174,107,186,132,102,116,193,149,197,152,190,157,188,103,160,127,110,187,195,122,183,159,185,101,129,113,111,179,138,131,142,196,117,141,162,154,150,163,126,104,165,105,178,120,135,199,115,139,172,166,170,176,137,114,189,147,143,134,123,151]",26fe57a873829d07af83f3ddf84fb42543a2ed50af93619c949a10b9f0878060,80,3850400148,1822683592,"[930027,7,1,0,100,200,26]",3822357358,1674067987,[5],"{""5"":0}"
S7,7,930028,100,0.447213595499958,1,,0,0.0001,0,0,[],[],"[29,65,7,52,91,97,58,53,18,48,66,21,50,16,81,33,84,1,41,79,59,34,96,26,49,69,83,24,13,35,80,61,90,68,94,93,77,92,11,78,62,51,6,15,19,87,86,3,14,8,22,28,45,64,56,71,23,2,38,25,39,76,89,31,60,10,99,40,82,46,0,27,42,57,70,32,98,9,20,30]","[172,125,175,120,141,159,138,187,160,108,194,166,109,103,147,123,181,184,195,154,146,174,190,110,116,144,196,112,102,136,153,163,151,157,161,165,122,132,150,170,158,179,183,198,177,111,197,189,162,169,143,119,186,173,167,126,193,133,128,191,124,149,130,100,117,185,178,131,164,106,127,176,101,129,104,105,180,137,148,171]",c4375c18780a379a8bdd84fdc5a01629c646fca0288daf4733e8fdfe58bde169,80,689645067,3461015992,"[930028,7,1,0,100,200,26]",1033878085,1674067987,[5],"{""5"":0}"
S7,7,930029,100,0.447213595499958,1,,0,0.0001,0,0,[],[],"[77,84,85,40,44,41,82,91,95,5,93,64,51,14,75,68,35,17,9,86,69,53,54,21,79,83,12,13,37,65,92,73,19,57,3,7,22,78,25,99,10,60,61,90,32,89,81,0,88,2,58,96,31,39,15,76,55,87,97,42,71,94,70,6,4,62,66,16,46,11,74,26,38,24,72,56,45,34,29,48]","[196,130,180,164,142,141,137,182,152,115,100,118,179,116,143,112,113,120,157,177,156,198,174,178,161,168,111,132,149,138,126,150,122,184,181,170,136,140,104,186,162,190,191,139,148,129,151,175,153,108,185,159,158,183,173,105,171,117,197,131,195,127,124,199,187,189,144,109,123,160,119,135,121,188,169,101,155,110,172,193]",af83d1c0bfd96a5afc39eb351332864d35bc1d3567a47c762ce1f914b441d5fe,80,3498687619,396561706,"[930029,7,1,0,100,200,26]",716499845,1674067987,[5],"{""5"":0}"
S7,7,930030,100,0.447213595499958,1,,0,0.0001,0,0,[],[],"[38,33,17,52,66,18,60,97,11,31,19,57,93,32,39,26,1,43,81,59,22,54,78,34,82,36,9,70,86,61,62,24,95,53,13,46,65,75,73,84,5,96,85,41,7,40,27,79,87,28,56,20,83,14,76,67,92,8,21,64,58,99,47,3,63,16,4,89,71,77,30,37,80,10,74,2,15,0,12,94]","[104,173,122,199,177,153,157,142,148,194,160,188,149,186,156,105,123,145,147,143,155,196,189,138,112,168,100,129,167,169,150,124,132,184,120,176,174,192,140,127,130,125,195,152,119,113,197,135,111,115,146,181,185,179,183,182,141,162,198,172,137,163,103,126,190,114,108,106,159,134,118,117,187,178,109,191,144,164,133,128]",c2820478089b4788fbc4f9c360d948ebab180e0208e80e1461b17ca05d42db6e,80,1670361354,924597435,"[930030,7,1,0,100,200,26]",2571499186,1674067987,[5],"{""5"":0}"
S7,7,930031,100,0.447213595499958,1,,0,0.3,117,93,"[0,2,4,53,81,94,95,98,113,116,121,128,131,135,168,169,179,180,204,206,229,233,235,236,238,267,277,304,316,333,334,347,356,372,387,417,419,434,472,488,494,506,515,516,520,556,575,595,624,642,653,672,675,685,692,699,701,722,726,732,752,779,796,805,821,852,854,862,876,877,919,962,964,973,977,1051,1067,1093,1096,1128,1133,1200,1207,1223,1229,1246,1249,1250,1252,1258,1262,1270,1279]","[[0,1],[2,-1],[4,-1],[53,1],[81,1],[94,1],[95,-1],[98,-1],[113,1],[116,-1],[121,1],[128,1],[131,-1],[135,-1],[168,1],[169,-1],[179,-1],[180,1],[204,1],[206,1],[229,-1],[233,-1],[235,1],[236,-1],[238,-1],[267,-1],[277,1],[304,1],[316,-1],[333,-1],[334,-1],[347,1],[356,1],[372,1],[387,-1],[417,-1],[419,1],[434,-1],[472,-1],[488,1],[494,-1],[506,-1],[515,-1],[516,-1],[520,1],[556,-1],[575,1],[595,1],[624,-1],[642,-1],[653,-1],[672,-1],[675,1],[685,-1],[692,1],[699,1],[701,1],[722,-1],[726,1],[732,1],[752,-1],[779,-1],[796,1],[805,1],[821,1],[852,-1],[854,-1],[862,1],[876,-1],[877,1],[919,-1],[962,1],[964,-1],[973,-1],[977,-1],[1051,1],[1067,1],[1093,-1],[1096,1],[1128,1],[1133,-1],[1200,-1],[1207,1],[1223,1],[1229,-1],[1246,1],[1249,1],[1250,1],[1252,1],[1258,1],[1262,-1],[1270,-1],[1279,1]]","[10,91,1,4,92,63,82,86,15,53,49,36,76,25,5,81,16,29,19,2,77,42,9,47,30,57,90,72,32,52,97,59,38,61,79,87,60,99,13,14,7,39,44,64,88,55,93,11,20,68,12,94,22,31,21,45,26,73,78,28,37,83,66,41,17,34,6,84,89,71,23,51,8,46,27,33,50,80,70,98]","[188,134,190,181,117,132,109,101,196,155,158,126,156,108,142,148,165,192,170,138,125,110,152,171,157,193,118,149,136,159,187,175,185,198,140,139,172,100,161,143,146,129,103,194,184,144,178,105,166,114,168,150,122,173,130,112,160,135,102,141,197,191,153,182,119,104,133,147,164,199,169,179,121,113,176,127,183,195,154,186]",99343bdf9b9937469c1a8a78ce08cdaaeaa13711e3549da3fcc7e2476ac6ddde,80,1192259311,1858942892,"[930031,7,1,0,100,200,26]",1231203604,1674067987,[5],"{""5"":0}"
S7,7,930032,100,0.447213595499958,1,,0,0.0001,0,0,[],[],"[97,86,18,69,23,85,71,52,84,96,89,20,47,40,67,44,6,25,10,46,74,81,48,63,38,1,90,14,79,60,54,12,31,34,64,30,42,61,13,98,11,2,22,66,80,91,43,95,73,56,4,93,39,32,68,33,7,41,17,49,53,21,36,45,37,57,59,19,5,99,82,0,77,26,88,29,8,50,78,51]","[107,132,195,165,150,130,152,166,164,161,139,103,146,122,199,129,147,198,169,128,111,108,127,136,134,124,168,140,119,157,149,101,156,173,186,105,160,118,102,197,177,181,188,171,112,109,158,113,104,176,178,106,115,191,170,174,184,162,189,185,138,125,135,193,183,182,114,131,142,190,100,116,167,163,151,144,143,155,196,192]",a1e84ab0b79d6b067fcff08892b97d66ca0a164d9abc86b1c2651794471e95d5,80,3185955153,807910199,"[930032,7,1,0,100,200,26]",1788075954,1674067987,[5],"{""5"":0}"
S7,7,930033,100,0.447213595499958,1,,0,0.0001,0,0,[],[],"[38,55,57,94,89,40,61,47,58,26,16,91,65,93,1,98,10,70,90,49,66,29,68,54,6,63,23,17,51,5,64,3,50,19,27,96,0,52,60,33,76,8,39,37,56,4,18,11,84,86,97,30,9,99,88,82,78,62,22,31,83,36,42,87,67,41,75,25,85,77,45,73,53,13,79,46,20,44,92,2]","[126,141,187,179,148,121,157,106,184,158,169,178,101,137,161,186,123,145,172,149,193,132,171,185,130,116,110,196,150,174,194,112,118,134,109,160,152,140,151,173,124,100,154,120,131,135,129,181,199,168,119,114,188,113,111,175,190,167,176,107,164,195,127,165,102,147,115,125,180,103,182,128,105,104,117,144,122,108,177,170]",52c927ce8264d4288618e8de28b4e49d6893dd433cd1dec0bfe5bd86c9493a6d,80,1308799636,3421068517,"[930033,7,1,0,100,200,26]",1455642340,1674067987,[5],"{""5"":0}"
S7,7,930034,100,0.447213595499958,1,,0,0.0001,0,0,[],[],"[23,81,65,99,34,89,91,0,71,38,68,79,19,53,80,39,41,77,22,93,83,21,90,75,10,95,47,43,17,30,7,18,26,8,94,1,3,66,92,51,86,14,20,5,50,33,58,76,49,28,35,96,97,48,82,9,24,54,11,45,63,67,64,61,69,46,78,74,42,73,60,13,57,88,87,98,70,15,72,2]","[198,115,151,191,199,140,184,134,113,175,145,178,106,123,193,194,107,189,164,117,153,162,109,101,120,195,132,126,124,172,121,170,168,165,144,174,131,137,186,138,102,185,143,163,159,108,103,154,100,150,148,104,152,105,149,155,176,179,147,136,158,157,116,128,177,122,129,127,188,114,192,110,196,119,171,133,118,112,183,181]",617437e53ee763594a214a589db35a5478efb92f6cec22e42c8637a48b603a25,80,2962450776,1862813681,"[930034,7,1,0,100,200,26]",3661225539,1674067987,[5],"{""5"":0}"
S7,7,930035,100,0.447213595499958,1,,0,0.0001,0,0,[],[],"[54,30,93,21,66,67,17,16,1,69,41,20,31,91,8,77,18,35,27,34,57,44,38,87,12,23,33,82,22,80,3,83,61,95,60,37,72,6,94,81,9,45,48,63,79,96,73,97,10,28,50,32,71,7,15,88,86,51,76,78,36,84,58,49,68,89,5,0,98,75,55,24,59,62,90,74,70,14,53,13]","[189,193,187,136,160,135,197,155,198,140,196,120,122,150,127,126,104,107,143,176,188,190,108,115,113,162,161,148,195,112,128,164,172,121,185,159,100,199,166,178,117,110,180,169,171,105,191,123,101,177,130,170,168,109,144,125,163,165,137,118,114,192,134,145,124,156,167,157,146,111,173,132,181,194,129,141,147,133,174,103]",73a9511e247f18cab5dbd91029691e0a2b98d1e637aab2fa20aef5f6d24f8baa,80,2638427521,1321102570,"[930035,7,1,0,100,200,26]",684313293,1674067987,[5],"{""5"":0}"
S7,7,930036,100,0.447213595499958,1,,0,0.0001,0,0,[],[],"[25,32,81,42,82,66,36,53,39,31,41,12,6,49,69,96,45,48,54,76,23,24,1,87,18,74,75,62,59,90,20,79,7,93,55,94,50,44,10,68,26,84,30,63,86,38,52,5,46,60,37,27,47,88,58,34,4,78,28,85,89,92,40,72,19,83,65,16,35,43,91,14,73,80,11,77,57,29,2,17]","[140,186,112,132,100,117,183,147,148,103,167,184,128,105,115,190,102,192,122,110,154,174,198,195,150,135,165,120,126,157,114,121,178,118,158,152,156,123,124,131,196,144,171,142,143,187,160,159,155,136,180,161,113,104,130,107,151,194,176,175,138,116,101,137,139,181,189,146,141,191,170,111,127,106,163,169,162,168,199,134]",b8c64a463abec5a96d4673f1437941789a5010e45731cc916335b2e515b70d90,80,2725947205,3591274970,"[930036,7,1,0,100,200,26]",1483915782,1674067987,[5],"{""5"":0}"
S7,7,930037,100,0.447213595499958,1,,0,0.0001,0,0,[],[],"[92,74,58,8,40,44,23,66,24,16,99,15,42,56,57,46,71,36,75,97,13,53,41,34,69,64,29,0,98,73,54,91,59,55,39,45,35,60,50,67,61,30,32,52,51,9,25,47,93,96,17,65,28,37,19,12,27,6,86,11,26,78,5,10,68,43,22,20,89,77,90,84,72,1,21,7,83,18,76,63]","[118,131,144,183,161,151,171,110,130,166,102,186,141,169,123,194,187,173,117,152,154,132,156,124,163,157,122,103,104,178,195,109,140,167,177,148,149,180,199,105,139,164,175,113,146,136,147,174,179,112,142,155,165,145,160,189,108,170,159,134,119,107,127,128,190,197,114,184,121,101,153,191,192,150,182,193,176,137,115,135]",b8c3bf7cbc3a2d675edb20870c9772ff639a31dc80f3f828cee27aa854669858,80,3168698793,4262507779,"[930037,7,1,0,100,200,26]",3689663680,1674067987,[5],"{""5"":0}"
S7,7,930038,100,0.447213595499958,1,,0,0.0001,0,0,[],[],"[25,27,30,26,90,85,34,31,15,51,67,73,99,94,69,45,70,82,44,8,93,11,75,21,32,53,57,10,7,35,36,3,95,89,39,17,46,9,60,0,23,78,62,6,65,43,24,22,2,29,33,18,20,74,80,79,61,40,77,91,86,19,63,71,28,38,98,87,68,47,64,50,5,14,13,96,55,52,59,54]","[112,141,106,167,180,114,171,175,133,100,134,137,147,157,186,153,116,111,199,165,182,139,130,155,150,105,159,110,154,169,161,184,187,151,145,168,196,156,148,166,128,195,177,178,124,143,117,103,118,183,108,158,193,173,107,122,113,181,149,125,123,126,174,179,129,138,190,101,115,194,192,172,132,102,109,197,176,164,163,189]",04a035b394f86ea616a207630f83f8dce53bcfcb04172bb2be39e02f456956a9,80,2483422909,1640601933,"[930038,7,1,0,100,200,26]",635101326,1674067987,[5],"{""5"":0}"
S7,7,930039,100,0.447213595499958,1,,0,0.1,66,37,"[0,12,39,49,98,126,141,164,204,224,271,274,285,299,317,324,356,506,672,754,768,838,850,951,955,974,977,1006,1017,1075,1076,1123,1128,1151,1215,1259,1266]","[[0,1],[12,1],[39,-1],[49,-1],[98,-1],[126,1],[141,1],[164,-1],[204,1],[224,-1],[271,1],[274,-1],[285,1],[299,-1],[317,1],[324,1],[356,1],[506,-1],[672,-1],[754,-1],[768,1],[838,1],[850,1],[951,-1],[955,1],[974,1],[977,-1],[1006,-1],[1017,-1],[1075,1],[1076,1],[1123,1],[1128,1],[1151,1],[1215,-1],[1259,-1],[1266,-1]]","[30,50,91,4,83,56,92,22,37,93,36,9,85,1,70,33,40,98,90,59,31,32,16,46,54,55,89,81,75,95,2,65,47,25,74,80,23,78,24,62,99,20,43,38,61,6,42,7,35,41,13,64,21,49,8,69,82,15,73,96,76,57,12,19,60,58,10,18,14,72,94,84,5,67,39,11,71,28,45,26]","[104,193,196,146,156,115,105,189,132,190,159,149,114,122,166,131,165,152,136,126,111,121,184,199,145,107,191,110,148,141,124,135,181,117,163,120,170,118,158,179,101,169,194,150,129,185,168,108,100,186,178,112,173,157,103,183,139,180,134,151,119,171,138,167,174,176,123,144,133,197,198,137,128,142,109,153,106,125,140,116]",d029417eeecc2e43ab22d0e60e664cf712fe961c28923e4f394bddb7bea6441f,80,2016146140,3359925040,"[930039,7,1,0,100,200,26]",446928391,1674067987,[5],"{""5"":0}"
S7,7,930040,100,0.447213595499958,1,,0,0.0001,0,0,[],[],"[44,24,28,89,15,19,84,62,5,35,83,56,77,21,79,2,37,64,69,53,46,1,65,92,72,18,76,96,71,73,86,66,38,61,97,41,34,67,80,82,7,45,48,81,88,27,85,26,99,17,8,11,57,13,90,87,60,33,31,51,52,55,94,16,42,49,3,14,91,63,20,4,75,40,0,6,10,74,43,78]","[154,141,194,101,153,118,107,143,146,127,168,148,122,115,111,134,120,151,174,156,190,124,149,189,131,160,199,175,195,173,104,150,100,117,163,172,145,184,129,139,116,165,126,178,158,106,197,187,133,161,166,180,198,181,110,191,130,102,159,169,113,193,162,109,171,135,157,177,182,185,155,114,123,103,105,183,132,142,152,108]",8fe4e0f4cffeadd70abd2e47242106261b5d6f0352243c81d9c4a5f547089b6a,80,2184882930,434691243,"[930040,7,1,0,100,200,26]",991686464,1674067987,[5],"{""5"":0}"
S7,7,930041,100,0.447213595499958,1,,0,0.1,67,41,"[39,44,54,70,201,219,247,257,260,264,271,321,334,347,408,493,494,510,542,619,634,734,744,772,774,835,839,852,854,864,918,922,942,955,980,1005,1024,1085,1133,1157,1163]","[[39,-1],[44,1],[54,-1],[70,1],[201,1],[219,1],[247,1],[257,-1],[260,1],[264,-1],[271,1],[321,1],[334,-1],[347,1],[408,-1],[493,1],[494,-1],[510,-1],[542,-1],[619,-1],[634,1],[734,-1],[744,1],[772,1],[774,-1],[835,-1],[839,1],[852,-1],[854,-1],[864,1],[918,-1],[922,1],[942,-1],[955,1],[980,-1],[1005,1],[1024,-1],[1085,-1],[1133,-1],[1157,1],[1163,-1]]","[32,68,66,76,5,0,24,58,82,30,86,57,93,80,17,12,70,56,3,18,69,83,65,67,55,63,50,10,26,85,73,78,42,48,25,40,60,62,23,99,29,44,39,61,45,91,54,49,2,64,71,11,79,95,96,41,35,90,88,21,81,27,94,53,9,8,1,46,33,31,77,74,16,84,13,36,51,92,75,97]","[137,158,197,169,115,124,136,181,191,139,187,193,151,146,148,177,190,163,176,123,175,156,144,159,108,160,172,107,194,110,116,167,179,199,188,168,149,102,166,101,105,178,128,125,111,174,182,141,162,157,129,114,100,122,152,106,184,127,112,121,134,195,173,131,183,154,170,153,185,109,126,196,171,130,113,189,132,103,155,198]",b91c30685f78acf740bbf7cc15fe21c0c0b1542f462065c8141a1eeb909fa175,80,3031253230,2263372655,"[930041,7,1,0,100,200,26]",1940396575,1674067987,[5],"{""5"":0}"
S7,7,930042,100,0.447213595499958,1,,0,0.1,58,35,"[16,120,121,208,219,230,256,356,357,361,408,417,454,570,606,692,701,724,729,764,768,779,783,803,814,840,909,977,1024,1128,1129,1151,1155,1232,1266]","[[16,-1],[120,-1],[121,1],[208,1],[219,1],[230,1],[256,1],[356,1],[357,-1],[361,1],[408,-1],[417,-1],[454,-1],[570,-1],[606,-1],[692,1],[701,1],[724,-1],[729,-1],[764,1],[768,1],[779,-1],[783,1],[803,-1],[814,1],[840,-1],[909,-1],[977,-1],[1024,-1],[1128,1],[1129,1],[1151,1],[1155,1],[1232,1],[1266,-1]]","[43,63,9,62,61,68,52,92,55,37,11,25,90,77,16,99,22,28,96,39,79,5,98,75,53,6,76,42,84,49,45,24,88,10,29,64,89,57,30,27,86,4,7,40,31,1,32,69,67,46,41,12,35,74,50,80,0,70,26,13,59,58,34,19,78,65,54,73,36,66,83,51,44,48,94,91,17,2,8,14]","[105,163,160,189,143,128,150,195,193,199,168,134,121,177,140,141,145,144,158,129,120,165,133,183,155,111,181,159,142,100,118,179,171,153,172,119,132,178,162,112,173,146,149,109,147,190,136,157,156,170,184,106,196,164,116,198,174,139,135,180,108,161,127,107,197,122,152,191,114,151,176,126,148,137,130,187,103,166,194,113]",262a651f3ab98c7e78ee2c3c4b32617b97b42d299f6fd1fee8fc4adc4ebd134a,80,692726628,365796499,"[930042,7,1,0,100,200,26]",2016645012,1674067987,[5],"{""5"":0}"
S7,7,930043,100,0.447213595499958,1,,0,0.0001,0,0,[],[],"[77,95,4,48,23,21,8,64,6,13,47,94,57,93,87,32,22,60,71,27,18,62,78,30,25,50,51,16,82,86,52,35,9,7,43,10,49,20,88,44,85,53,61,45,65,41,24,73,91,29,74,83,19,96,97,69,38,59,31,12,67,56,81,46,40,3,14,17,79,15,58,11,1,33,2,34,90,80,42,55]","[142,169,103,101,145,182,180,166,112,128,191,111,120,181,131,137,150,126,139,174,187,118,189,100,115,136,159,151,188,170,134,175,158,177,138,119,192,125,123,147,116,113,152,108,140,199,194,163,168,165,167,197,109,129,156,114,178,144,104,124,183,143,146,154,179,105,176,130,155,185,135,198,171,127,157,196,186,195,102,122]",37830c333430202d14882e4c1a83476309654ab485eb0faed1c7a07d4accf803,80,3486420382,1670419876,"[930043,7,1,0,100,200,26]",476019499,1674067987,[5],"{""5"":0}"
S7,7,930044,100,0.447213595499958,1,,0,0.0001,0,0,[],[],"[17,15,5,80,65,64,49,62,61,30,55,23,10,48,28,88,92,74,8,60,22,89,25,59,16,6,85,78,84,43,56,4,70,96,82,12,50,72,67,35,36,86,32,63,83,79,95,90,9,98,97,87,77,44,33,38,58,73,34,57,40,21,69,45,20,7,39,14,53,51,81,54,91,26,11,41,0,18,47,3]","[119,140,125,162,132,176,102,170,157,105,110,109,118,136,106,186,177,134,141,104,130,155,156,179,149,143,166,126,107,159,152,165,163,175,150,129,160,184,197,139,135,115,138,113,191,161,164,180,144,189,127,112,154,133,137,178,168,124,195,100,193,172,183,142,190,194,123,182,196,114,128,171,146,173,187,116,117,103,198,121]",c6c0b136c72a0a8444e863a3e19ec1ecefe69e2464db5d6429afac4df27d9927,80,4252533427,29070234,"[930044,7,1,0,100,200,26]",3968576034,1674067987,[5],"{""5"":0}"
S7,7,930045,100,0.447213595499958,1,,0,0.0001,0,0,[],[],"[90,85,53,83,77,35,15,8,86,23,97,61,95,43,41,98,65,81,48,51,57,9,26,55,56,7,1,5,79,52,84,28,72,73,20,82,60,42,11,58,87,30,94,21,0,19,49,76,46,38,68,91,40,31,69,99,70,92,93,33,75,45,34,80,62,47,67,17,54,37,59,88,2,63,71,3,6,4,89,50]","[124,174,179,193,115,106,116,161,150,195,109,113,167,130,154,175,142,183,157,110,166,170,140,146,194,117,169,196,132,107,123,152,162,160,137,127,199,100,189,156,197,103,119,182,155,188,186,139,181,158,136,128,171,102,122,145,141,164,133,168,104,172,190,191,131,187,153,144,114,112,134,163,180,178,138,129,151,125,147,184]",eba3ccaa43ebdfd9ce43702059cc67962bbff148074cf2ee7c4a269042d296ce,80,2745564794,1064135826,"[930045,7,1,0,100,200,26]",1359910721,1674067987,[5],"{""5"":0}"
S7,7,930046,100,0.447213595499958,1,,0,0.0001,0,0,[],[],"[80,82,11,53,76,41,28,56,85,38,72,49,58,31,70,66,48,62,57,96,64,50,74,1,14,5,37,8,6,18,67,69,59,33,17,94,87,44,61,27,54,75,42,91,0,15,24,30,13,99,20,83,95,23,43,90,19,65,79,63,46,2,97,7,51,45,29,25,22,68,21,93,81,10,12,32,3,98,36,26]","[148,170,123,132,144,109,181,149,124,151,162,102,177,166,156,146,174,159,198,134,195,153,160,107,115,141,147,152,120,140,130,165,126,180,111,190,189,176,112,185,194,114,157,105,143,110,104,187,119,188,154,175,171,164,199,191,131,186,169,136,142,101,161,196,139,129,100,197,116,145,172,155,184,117,167,121,192,128,179,113]",e78950dd1e8db80a1bb0755f3a65737f976f6558f30e27ff3aacb60ce67ea073,80,4183799573,1323145415,"[930046,7,1,0,100,200,26]",2314178178,1674067987,[5],"{""5"":0}"
S7,7,930047,100,0.447213595499958,1,,0,0.0001,0,0,[],[],"[81,17,77,56,88,78,29,79,16,62,38,45,32,19,68,14,87,26,52,50,91,58,7,86,80,63,20,28,84,71,24,5,25,31,95,70,57,39,99,40,2,36,67,49,90,42,8,35,59,73,65,54,89,97,12,61,75,48,51,55,15,83,82,6,98,72,27,69,18,47,66,9,94,53,41,85,76,4,23,74]","[135,140,197,106,176,107,114,172,108,199,162,151,150,144,161,182,178,152,198,158,175,184,188,169,139,145,119,195,191,137,122,186,173,103,166,101,113,153,134,121,147,194,129,164,146,111,109,149,123,142,174,148,168,183,133,187,179,190,141,105,130,126,143,120,102,118,181,170,100,132,156,192,189,131,193,177,185,110,116,167]",92c42b911866e183e98f4201be99c5d640ae5b03c5401318ea28ab3ece2c239f,80,147724447,1635451253,"[930047,7,1,0,100,200,26]",632935399,1674067987,[5],"{""5"":0}"
S7,7,930048,100,0.447213595499958,1,,0,0.0001,0,0,[],[],"[97,96,73,76,94,19,90,39,22,1,42,92,54,98,49,95,89,13,30,83,35,81,29,18,59,91,53,27,87,17,55,72,86,48,33,67,62,69,2,34,20,77,79,50,74,28,24,25,7,82,3,31,11,6,21,99,26,78,8,16,45,61,5,64,51,70,4,68,85,58,15,23,38,46,71,44,80,93,41,0]","[122,121,106,127,150,135,120,134,196,191,199,172,149,178,109,124,179,129,153,130,160,123,146,139,115,117,193,138,111,192,176,177,141,182,171,156,158,103,144,136,187,170,119,198,108,165,173,101,190,166,116,181,110,163,180,107,128,132,102,175,174,140,104,185,125,142,100,159,105,114,183,189,157,197,155,188,112,154,118,133]",861ac9043dfe37be0444b5b706f9cc8443b2fffbeda7020fbd21b6e93311a1ee,80,3592208338,1757452583,"[930048,7,1,0,100,200,26]",916774771,1674067987,[5],"{""5"":0}"
S7,7,930049,100,0.447213595499958,1,,0,0.1,62,36,"[1,4,33,57,86,141,163,164,219,290,319,360,361,399,423,487,502,523,570,635,705,729,768,779,806,856,874,943,974,986,999,1024,1027,1096,1190,1258]","[[1,1],[4,-1],[33,1],[57,-1],[86,1],[141,1],[163,1],[164,-1],[219,1],[290,1],[319,-1],[360,1],[361,1],[399,-1],[423,-1],[487,-1],[502,1],[523,1],[570,-1],[635,1],[705,-1],[729,-1],[768,1],[779,-1],[806,-1],[856,-1],[874,-1],[943,-1],[974,1],[986,-1],[999,1],[1024,-1],[1027,1],[1096,1],[1190,-1],[1258,1]]","[14,56,51,32,54,7,77,21,88,15,74,50,3,91,58,8,98,99,39,29,23,69,96,85,75,12,78,63,89,42,70,45,80,36,13,10,38,61,82,47,9,92,94,65,76,37,1,0,48,22,30,4,28,5,40,34,44,18,19,17,71,35,64,97,43,52,72,33,81,11,41,90,62,2,49,93,31,59,84,20]","[154,142,185,147,148,121,198,115,164,149,157,105,137,112,118,141,152,114,186,193,104,155,199,166,183,116,163,177,162,197,172,101,102,196,151,173,150,143,107,140,176,169,178,131,139,153,123,158,187,180,179,100,132,182,113,110,120,146,138,156,189,194,103,145,128,161,130,106,167,127,117,111,188,133,108,136,129,191,195,124]",f499700532a9781fe8ebfedc764b3d4713a565bede592925daef085eab54b949,80,4098043080,3517827534,"[930049,7,1,0,100,200,26]",2351088201,1674067987,[5],"{""5"":0}"
S7,7,930050,100,0.447213595499958,1,,0,0.1,62,53,"[1,5,25,38,53,64,100,126,211,230,234,260,274,317,334,361,407,417,442,458,524,542,595,607,657,672,675,692,705,720,734,754,772,774,796,798,838,839,852,854,883,888,903,918,974,1006,1017,1075,1128,1206,1229,1259,1266]","[[1,1],[5,-1],[25,1],[38,-1],[53,1],[64,-1],[100,-1],[126,1],[211,1],[230,1],[234,1],[260,1],[274,-1],[317,1],[334,-1],[361,1],[407,1],[417,-1],[442,1],[458,1],[524,-1],[542,-1],[595,1],[607,-1],[657,-1],[672,-1],[675,1],[692,1],[705,-1],[720,-1],[734,-1],[754,-1],[772,1],[774,-1],[796,1],[798,1],[838,1],[839,1],[852,-1],[854,-1],[883,-1],[888,1],[903,1],[918,-1],[974,1],[1006,-1],[1017,-1],[1075,1],[1128,1],[1206,-1],[1229,-1],[1259,-1],[1266,-1]]","[0,48,82,7,34,72,37,80,18,20,41,3,16,13,8,11,87,10,69,57,65,9,35,99,98,79,30,92,28,59,4,61,23,88,17,75,22,74,95,5,38,6,71,66,36,85,21,83,58,94,73,24,39,55,50,91,43,62,1,14,40,47,67,56,68,60,42,77,84,44,25,31,49,46,96,29,76,12,81,15]","[148,154,147,199,100,105,178,189,115,176,190,191,166,127,139,192,114,169,187,156,149,137,184,186,123,144,161,145,111,181,142,106,179,110,143,108,195,102,163,155,116,113,117,167,157,126,124,158,118,153,171,104,140,150,133,170,173,103,177,131,168,120,193,107,183,101,129,128,152,182,174,188,175,135,180,136,196,164,130,138]",726635de88e62e50bbe618a55eebe0771782f97baad25a0f2ed395ac30b24a53,80,2897029511,1052793126,"[930050,7,1,0,100,200,26]",3369044969,1674067987,[5],"{""5"":-1}"
S7,7,930051,100,0.447213595499958,1,,0,0.1,60,41,"[4,27,92,114,131,164,188,250,265,274,298,442,521,538,547,548,652,672,692,708,721,729,744,764,824,838,850,854,856,879,919,955,977,986,1006,1014,1061,1071,1200,1214,1230]","[[4,-1],[27,1],[92,1],[114,1],[131,-1],[164,-1],[188,1],[250,1],[265,1],[274,-1],[298,1],[442,1],[521,-1],[538,1],[547,-1],[548,-1],[652,-1],[672,-1],[692,1],[708,1],[721,1],[729,-1],[744,1],[764,1],[824,-1],[838,1],[850,1],[854,-1],[856,-1],[879,1],[919,-1],[955,1],[977,-1],[986,-1],[1006,-1],[1014,1],[1061,1],[1071,-1],[1200,-1],[1214,-1],[1230,1]]","[83,25,26,66,0,4,32,62,29,36,49,15,24,21,90,17,92,40,33,41,3,67,57,78,11,46,7,10,59,27,13,84,91,77,99,34,42,52,86,58,79,51,30,23,69,12,76,22,64,96,87,74,68,50,39,9,80,94,97,63,5,8,55,14,43,72,98,85,6,95,20,45,31,75,37,28,54,73,88,65]","[114,162,132,181,118,158,134,170,160,169,175,179,138,122,115,189,198,197,192,113,194,106,120,152,159,151,174,128,111,168,177,199,172,195,166,141,173,178,131,116,125,135,157,164,182,191,180,146,183,196,121,176,129,145,186,143,144,171,156,155,112,165,188,102,127,193,149,163,109,119,105,100,104,167,133,185,110,139,142,103]",f363c9bd478dd95cf25027e1a9835b2a4fc0738ed8439253e8072b391b86edcf,80,818691975,8974616,"[930051,7,1,0,100,200,26]",594935021,1674067987,[5],"{""5"":0}"
S7,7,930052,100,0.447213595499958,1,,0,0.3,132,91,"[1,5,15,33,38,85,110,121,141,165,187,204,207,235,236,239,270,289,302,317,324,347,349,361,408,410,443,447,451,453,454,460,480,500,507,517,530,533,595,606,671,672,675,685,724,730,732,756,759,773,774,779,792,797,822,835,838,852,864,888,907,922,943,962,978,980,984,998,1014,1033,1053,1075,1079,1080,1082,1088,1096,1104,1128,1151,1192,1198,1200,1207,1218,1223,1227,1235,1262,1265,1266]","[[1,1],[5,-1],[15,-1],[33,1],[38,-1],[85,1],[110,1],[121,1],[141,1],[165,1],[187,-1],[204,1],[207,-1],[235,1],[236,-1],[239,-1],[270,1],[289,-1],[302,-1],[317,1],[324,1],[347,1],[349,-1],[361,1],[408,-1],[410,1],[443,-1],[447,1],[451,1],[453,-1],[454,-1],[460,1],[480,1],[500,1],[507,-1],[517,1],[530,1],[533,-1],[595,1],[606,-1],[671,1],[672,-1],[675,1],[685,-1],[724,-1],[730,1],[732,1],[756,-1],[759,-1],[773,1],[774,-1],[779,-1],[792,-1],[797,1],[822,-1],[835,-1],[838,1],[852,-1],[864,1],[888,1],[907,1],[922,1],[943,-1],[962,1],[978,-1],[980,-1],[984,1],[998,-1],[1014,1],[1033,-1],[1053,1],[1075,1],[1079,1],[1080,-1],[1082,-1],[1088,1],[1096,1],[1104,1],[1128,1],[1151,1],[1192,1],[1198,1],[1200,-1],[1207,1],[1218,1],[1223,1],[1227,1],[1235,-1],[1262,-1],[1265,-1],[1266,-1]]","[90,39,46,14,11,44,96,43,93,35,86,51,22,66,53,9,25,3,36,75,98,31,60,69,88,71,83,28,26,16,42,33,45,41,13,87,85,15,73,30,34,0,40,95,81,21,56,50,47,77,67,52,24,32,70,84,10,92,62,49,20,37,38,7,97,78,64,17,79,6,68,1,18,57,63,94,12,54,58,8]","[183,127,167,144,190,194,120,118,166,165,136,197,150,180,152,173,140,102,128,105,122,154,119,117,109,177,160,156,185,164,115,129,121,178,103,161,184,189,104,175,108,153,169,176,146,131,106,138,162,155,113,171,195,100,101,192,199,148,112,110,142,198,141,188,181,116,158,114,174,179,151,143,163,157,193,147,134,107,187,132]",4333ccc77a1550aa0eeaf9e758e4cf3006dbf8a7d753cf486cfc8a248d14684b,80,1102063465,686861808,"[930052,7,1,0,100,200,26]",849816543,1674067987,[5],"{""5"":-1}"
S7,7,930053,100,0.447213595499958,1,,0,0.0001,0,0,[],[],"[43,12,41,58,33,13,66,1,35,59,95,32,76,79,99,9,38,84,39,90,80,68,4,6,50,28,53,60,3,83,34,24,61,42,56,0,36,64,45,25,65,69,57,94,55,20,22,18,19,48,86,97,71,89,49,96,72,77,75,16,8,52,44,5,51,91,23,47,88,37,67,17,46,15,78,14,93,10,29,73]","[125,158,185,148,154,115,101,135,139,133,113,188,155,167,187,193,173,194,197,177,192,198,160,180,147,138,183,134,190,127,103,102,104,109,136,172,191,174,163,128,137,159,124,164,126,119,182,140,170,169,100,129,152,179,131,141,162,157,132,150,117,144,146,184,151,166,114,122,175,105,123,186,171,118,143,168,111,108,106,195]",e4c9056187bb4f7bd10d9c2eed403d043e2091b2aa0d7c39b5680bc38dd89dbd,80,4027654591,1116700437,"[930053,7,1,0,100,200,26]",892622518,1674067987,[5],"{""5"":0}"
S7,7,930054,100,0.447213595499958,1,,0,0.1,57,49,"[0,4,48,86,163,169,188,204,226,234,236,254,264,274,317,347,361,454,492,587,601,675,682,724,747,759,771,779,790,817,826,834,850,864,877,907,909,917,955,1002,1063,1096,1129,1146,1151,1190,1224,1232,1252]","[[0,1],[4,-1],[48,-1],[86,1],[163,1],[169,-1],[188,1],[204,1],[226,-1],[234,1],[236,-1],[254,-1],[264,-1],[274,-1],[317,1],[347,1],[361,1],[454,-1],[492,1],[587,1],[601,-1],[675,1],[682,-1],[724,-1],[747,1],[759,-1],[771,-1],[779,-1],[790,1],[817,1],[826,1],[834,1],[850,1],[864,1],[877,1],[907,1],[909,-1],[917,-1],[955,1],[1002,-1],[1063,1],[1096,1],[1129,1],[1146,1],[1151,1],[1190,-1],[1224,1],[1232,1],[1252,1]]","[18,59,4,78,75,25,62,76,47,72,79,13,65,54,58,93,10,14,26,11,68,98,55,1,74,7,3,50,37,43,38,34,77,15,49,56,22,89,45,70,40,46,57,92,41,9,73,24,82,44,69,90,88,64,61,23,51,20,2,83,5,95,66,0,99,52,42,53,6,91,84,28,35,86,17,19,71,27,96,67]","[135,174,111,160,121,196,146,119,142,186,191,166,139,190,172,165,184,193,168,120,140,175,131,159,101,188,199,163,192,132,177,114,133,108,179,129,126,153,138,162,128,100,110,195,156,197,173,169,161,144,145,149,143,170,112,107,102,136,189,125,122,124,180,157,123,103,117,109,130,178,106,116,150,183,151,118,113,158,171,134]",71582195c3734bdc9af0647dac802b507ddbd5f7ef8e24a050afe4f01c031778,80,3233915229,1092765100,"[930054,7,1,0,100,200,26]",1246406013,1674067987,[5],"{""5"":0}"
S7,7,930055,100,0.447213595499958,1,,0,0.1,63,43,"[5,68,73,86,94,98,144,156,180,188,204,239,259,271,321,453,492,555,566,570,586,587,605,607,675,721,744,752,760,779,790,891,901,922,955,1087,1096,1097,1128,1129,1131,1200,1228]","[[5,1],[68,1],[73,1],[86,1],[94,1],[98,-1],[144,-1],[156,-1],[180,1],[188,1],[204,1],[239,-1],[259,1],[271,1],[321,1],[453,-1],[492,1],[555,-1],[566,-1],[570,-1],[586,1],[587,1],[605,-1],[607,-1],[675,1],[721,1],[744,1],[752,-1],[760,1],[779,-1],[790,1],[891,-1],[901,1],[922,1],[955,1],[1087,-1],[1096,1],[1097,-1],[1128,1],[1129,1],[1131,-1],[1200,-1],[1228,1]]","[1,90,88,32,10,94,98,60,30,7,83,15,21,97,36,52,39,77,12,55,2,99,89,40,48,27,74,61,54,47,18,13,64,65,17,69,63,23,57,72,31,66,43,53,46,45,76,68,82,3,58,73,80,34,22,56,70,59,44,95,0,92,20,11,93,35,28,24,16,5,86,71,50,19,38,85,91,67,96,51]","[120,158,180,145,192,190,188,113,117,185,106,150,155,143,141,177,116,178,162,135,167,165,144,140,187,111,195,138,196,131,142,172,169,130,170,125,157,136,110,127,115,149,101,122,161,147,176,124,146,193,166,105,163,100,189,181,139,118,191,121,128,168,152,183,160,134,103,107,132,175,198,137,119,109,199,154,151,174,164,179]",28da394fea7992ffaf5d2759cd9a797895fe857755d050ac9c01f3259b7f8f7e,80,3686986724,1573005072,"[930055,7,1,0,100,200,26]",1513282307,1674067987,[5],"{""5"":1}"
S7,7,930056,100,0.447213595499958,1,,0,0.0001,0,0,[],[],"[50,82,53,56,93,89,44,12,72,68,95,49,30,42,80,29,3,73,87,59,81,55,27,7,4,28,69,54,34,92,51,14,31,62,13,91,40,5,9,47,94,43,0,25,6,88,66,96,24,52,65,76,21,36,32,17,38,46,83,16,60,35,26,10,48,99,2,58,97,90,64,45,84,63,70,79,86,78,39,11]","[140,173,197,107,185,105,178,123,121,192,143,128,137,129,175,127,195,171,160,103,174,176,188,158,180,118,146,186,156,102,196,110,133,144,148,151,170,169,182,159,132,162,155,153,145,119,152,191,139,194,122,189,117,177,187,198,111,131,108,150,142,126,165,136,138,135,163,172,161,164,125,114,193,106,141,149,115,190,113,120]",ba790d0e511d57c7f2eeb82479402ad6e272b7e891d6e3e06df577253eddd656,80,55197359,3252618422,"[930056,7,1,0,100,200,26]",3980146141,1674067987,[5],"{""5"":0}"
S7,7,930057,100,0.447213595499958,1,,0,0.0001,0,0,[],[],"[29,50,45,26,30,24,13,41,88,9,65,40,36,34,71,33,32,28,5,91,56,51,96,6,69,93,7,94,81,27,73,21,20,8,87,43,4,62,19,52,2,95,76,55,31,35,66,64,90,83,70,97,79,54,89,92,82,25,49,22,58,15,99,38,75,72,61,98,18,53,57,86,80,68,16,63,59,84,67,14]","[138,122,125,127,123,149,190,111,107,174,124,180,119,186,139,179,187,101,146,161,100,144,183,185,167,118,193,184,157,181,154,132,108,189,192,164,191,140,128,133,155,172,168,113,156,126,115,129,136,114,198,120,106,196,110,117,176,153,147,170,177,145,166,103,141,151,102,135,158,173,105,150,152,175,121,159,143,162,165,109]",3aed565599dc4b81128a58b1d44e04274291cf847e069161866e243884f6e7b3,80,1844431470,825086268,"[930057,7,1,0,100,200,26]",4236953795,1674067987,[5],"{""5"":0}"
S7,7,930058,100,0.447213595499958,1,,0,0.0001,0,0,[],[],"[87,15,4,21,2,81,82,37,50,26,34,6,65,13,46,40,31,57,1,83,47,98,67,97,11,42,60,8,61,19,52,41,28,38,29,32,51,96,23,35,43,63,20,73,44,12,39,25,0,95,36,99,88,78,89,69,18,66,53,16,74,92,94,3,5,49,77,27,56,58,90,85,76,71,59,9,33,10,55,70]","[150,195,132,162,121,161,174,133,190,169,144,196,129,118,148,125,146,102,130,178,158,188,124,106,170,192,115,116,194,199,123,103,137,135,179,109,164,153,176,155,191,183,197,166,163,110,185,157,128,182,168,193,104,142,175,165,159,141,171,181,167,120,160,112,111,139,101,127,113,173,119,189,122,100,184,145,140,152,105,187]",5f8f87b492d3fe89f0c8507c90c984536da587ee617429742b684d8b7ed2471f,80,3808938425,2980433009,"[930058,7,1,0,100,200,26]",4288866582,1674067987,[5],"{""5"":0}"
S7,7,930059,100,0.447213595499958,1,,0,0.0001,0,0,[],[],"[92,41,93,23,27,43,85,64,94,1,53,33,46,61,38,65,57,13,22,42,17,9,0,44,32,28,74,55,36,84,96,15,87,89,47,90,77,60,25,86,6,97,56,50,70,45,88,66,82,81,75,52,18,49,20,4,76,16,59,10,67,7,83,68,51,98,48,37,14,62,79,95,34,31,26,72,19,99,2,11]","[173,198,110,127,105,163,137,112,114,197,179,187,131,135,158,125,134,161,132,118,148,191,146,143,188,156,109,107,154,139,151,193,178,149,170,104,159,144,142,190,165,108,120,150,169,199,121,168,157,176,111,115,128,117,171,116,194,162,124,167,152,103,113,155,136,182,129,102,119,185,100,181,141,177,122,153,196,147,189,145]",80b6c2773851a9dd7c258dc28fa05405c0cd29197ccae76df76edced0adb530e,80,814698899,3847861114,"[930059,7,1,0,100,200,26]",772652943,1674067987,[5],"{""5"":0}"
S7,7,930060,100,0.447213595499958,1,,0,0.1,62,48,"[4,56,81,114,128,139,164,188,232,274,277,319,321,361,371,380,392,423,440,453,480,542,705,729,744,772,779,814,834,852,854,909,917,919,969,1006,1017,1024,1075,1096,1104,1128,1151,1224,1239,1244,1259,1266]","[[4,-1],[56,-1],[81,1],[114,1],[128,1],[139,-1],[164,-1],[188,1],[232,1],[274,-1],[277,1],[319,-1],[321,1],[361,1],[371,1],[380,1],[392,1],[423,-1],[440,1],[453,-1],[480,1],[542,-1],[705,-1],[729,-1],[744,1],[772,1],[779,-1],[814,1],[834,1],[852,-1],[854,-1],[909,-1],[917,-1],[919,-1],[969,1],[1006,-1],[1017,-1],[1024,-1],[1075,1],[1096,1],[1104,1],[1128,1],[1151,1],[1224,1],[1239,-1],[1244,-1],[1259,-1],[1266,-1]]","[29,91,0,43,39,96,80,67,92,61,8,19,24,77,2,35,31,89,6,18,44,57,48,62,12,36,68,66,76,45,11,34,15,82,51,30,86,58,3,55,65,23,41,81,99,28,22,52,59,85,16,47,25,1,87,54,75,27,90,46,72,5,64,88,21,42,53,50,63,38,70,7,94,37,78,26,60,20,10,17]","[167,164,156,157,189,178,154,183,136,118,170,127,182,196,169,198,172,124,197,185,131,158,160,193,184,100,112,147,106,114,163,179,161,143,177,132,187,181,113,190,126,135,144,153,111,105,130,168,123,137,174,128,119,141,115,117,166,129,104,142,148,107,150,171,120,149,109,110,146,175,116,101,195,176,103,108,165,162,186,140]",c70839c4e0493bc4eb6b972fd205d026145ada8b43d22d1b3da917cd6ef09db3,80,3032153115,2751023311,"[930060,7,1,0,100,200,26]",4257711057,1674067987,[5],"{""5"":0}"
S7,7,930061,100,0.447213595499958,1,,0,0.0001,0,0,[],[],"[2,12,28,13,47,26,94,69,39,85,83,63,17,50,32,51,18,36,64,35,66,4,27,49,72,6,54,58,0,52,91,31,81,9,97,76,70,34,40,90,10,89,60,48,82,41,93,1,62,68,65,23,59,78,88,79,67,24,75,95,71,87,99,53,92,19,33,44,16,20,29,80,42,15,8,14,30,3,45,25]","[102,113,179,173,142,144,148,149,152,197,137,156,186,187,166,190,175,183,138,112,180,165,150,192,100,129,140,151,147,167,122,162,159,170,168,182,199,108,104,146,196,160,176,125,114,135,131,193,164,126,157,189,177,117,111,184,103,171,133,155,191,163,107,161,158,128,181,134,101,139,143,169,119,194,110,130,109,178,115,105]",513ac4240144e388dd389986aac4b2f65b6d3b31b74e2283297492d8015b932f,80,4246341684,4150606963,"[930061,7,1,0,100,200,26]",1083886437,1674067987,[5],"{""5"":0}"
S7,7,930062,100,0.447213595499958,1,,0,0.0001,0,0,[],[],"[31,72,81,35,93,51,53,18,70,75,12,64,28,46,22,91,38,83,34,41,0,27,7,71,79,15,13,9,47,26,8,99,10,54,87,57,59,16,85,97,29,94,88,95,50,43,52,61,96,11,67,45,25,42,36,77,86,80,30,56,44,49,20,37,58,40,32,73,6,63,66,78,62,14,17,89,21,69,24,1]","[117,122,155,145,197,144,192,169,183,175,159,113,198,100,136,178,147,123,149,105,160,156,126,176,107,164,191,134,185,179,163,180,109,142,165,170,158,146,199,115,190,162,120,102,101,167,194,108,138,112,173,153,121,148,166,174,124,143,119,151,116,184,157,189,172,154,150,188,127,131,111,139,182,141,187,125,161,133,195,132]",afc20c98d9d69d3ab451bab5bfffc0e9072566db255ada19d6ba6ce3012fcfcc,80,1800254689,1136539304,"[930062,7,1,0,100,200,26]",1018659409,1674067987,[5],"{""5"":0}"
S7,7,930063,100,0.447213595499958,1,,0,0.0001,0,0,[],[],"[33,42,7,50,46,90,51,78,58,54,53,36,71,59,65,88,52,63,97,13,93,79,87,56,21,17,10,48,75,43,57,82,28,15,39,16,76,98,40,94,6,1,74,69,66,32,81,19,0,80,72,23,27,45,31,62,84,29,60,25,95,68,83,38,4,37,77,73,18,49,5,99,11,47,2,70,14,61,26,85]","[117,118,175,143,100,188,197,180,191,190,186,170,169,108,168,177,102,114,107,149,146,112,152,142,181,145,106,150,179,137,130,196,126,138,148,132,192,198,166,131,195,187,110,199,160,153,173,154,129,109,133,115,151,124,139,176,156,127,136,172,140,165,104,116,123,182,194,147,193,183,162,155,122,164,121,163,134,178,105,125]",165a1a360b4c5aba2fdd31bb84d1dcb1ebadf5cc35538b258d87f07c305ed2a7,80,2722313347,1180691869,"[930063,7,1,0,100,200,26]",524936424,1674067987,[5],"{""5"":0}"
S7,7,930064,100,0.447213595499958,1,,0,0.1,59,41,"[0,5,30,70,110,131,157,234,247,260,274,277,285,417,488,547,548,685,701,717,730,779,808,838,852,856,922,999,1028,1071,1083,1087,1116,1127,1128,1206,1232,1234,1249,1259,1270]","[[0,1],[5,1],[30,1],[70,1],[110,1],[131,-1],[157,-1],[234,1],[247,1],[260,1],[274,-1],[277,1],[285,1],[417,-1],[488,1],[547,-1],[548,-1],[685,-1],[701,1],[717,-1],[730,1],[779,-1],[808,-1],[838,1],[852,-1],[856,-1],[922,1],[999,1],[1028,1],[1071,-1],[1083,-1],[1087,-1],[1116,1],[1127,1],[1128,1],[1206,-1],[1232,1],[1234,1],[1249,1],[1259,-1],[1270,-1]]","[93,82,9,30,38,15,63,95,0,23,94,85,62,27,66,11,91,73,32,87,7,58,56,40,52,74,54,69,99,46,41,83,22,72,39,97,36,79,81,44,49,75,26,1,48,10,67,51,8,50,84,64,89,55,25,18,61,76,37,14,71,80,35,77,59,92,70,34,60,6,47,19,21,57,96,29,33,45,78,17]","[115,131,175,157,167,198,155,184,196,145,116,123,144,110,193,122,104,112,154,166,149,161,180,120,190,186,136,124,127,181,108,121,170,117,156,179,132,163,171,100,152,151,106,162,103,187,128,173,150,143,134,169,142,119,183,165,178,174,141,189,194,147,160,158,113,114,135,197,109,164,130,148,139,159,118,192,177,176,125,195]",9a6c69cea4abc3d462e39b2b5f6978c5ad5d65f856b0877833e4931ce560460d,80,2629615739,2959112428,"[930064,7,1,0,100,200,26]",2196088889,1674067987,[5],"{""5"":1}"
S7,7,930065,100,0.447213595499958,1,,0,0.0001,0,0,[],[],"[64,80,42,47,94,93,58,13,68,21,29,2,65,82,70,41,7,38,8,26,1,81,35,11,27,3,53,22,97,16,49,10,44,19,50,79,69,52,12,18,20,98,43,66,55,63,39,37,45,5,95,46,6,9,14,48,73,33,76,54,32,78,74,88,71,25,84,40,34,57,96,51,90,0,83,92,28,89,72,15]","[182,136,116,193,163,186,169,123,106,191,149,128,138,103,190,196,102,122,131,144,129,198,113,114,161,152,100,120,115,142,162,126,156,153,158,171,127,125,181,121,180,199,130,176,184,177,187,170,194,140,175,155,148,101,105,168,188,150,189,197,143,147,109,166,164,110,173,154,172,192,112,195,179,160,111,151,174,165,141,133]",588378a6a45fab6f572512b4ca164b9c56f818403405806b87157431f881b87a,80,3154727398,2053142197,"[930065,7,1,0,100,200,26]",3886904264,1674067987,[5],"{""5"":0}"
S7,7,930066,100,0.447213595499958,1,,0,0.0001,0,0,[],[],"[56,46,71,13,68,54,96,29,20,47,4,77,62,50,33,48,40,28,70,95,27,76,64,63,6,43,2,44,97,91,69,17,5,89,19,24,52,93,65,31,41,55,14,35,59,90,81,37,61,85,78,12,16,88,11,9,53,26,32,18,36,34,22,60,23,21,42,82,38,49,73,67,15,80,83,10,51,1,66,0]","[135,185,102,157,144,189,168,122,136,151,154,114,150,112,161,148,174,139,126,131,125,172,186,169,152,104,127,191,159,116,120,110,180,101,197,167,175,145,106,115,196,146,182,153,190,183,123,140,109,130,107,195,199,128,117,149,198,105,111,188,177,133,108,192,193,179,187,141,165,113,162,119,129,184,121,142,118,155,176,173]",78551b6bbc1ee5c20a7c3f5fb605a4bb7276832b8605a9455ff97685c851e438,80,1738284495,566680165,"[930066,7,1,0,100,200,26]",1658472625,1674067987,[5],"{""5"":0}"
S7,7,930067,100,0.447213595499958,1,,0,0.0001,0,0,[],[],"[88,38,66,24,55,20,76,68,35,99,59,91,8,80,12,43,13,54,45,96,6,2,11,32,4,19,47,69,93,87,75,83,73,85,60,48,29,21,22,14,37,34,63,17,36,44,5,92,30,95,51,9,78,27,98,82,89,57,28,62,1,40,72,42,16,61,7,49,71,70,33,94,58,53,97,90,86,67,23,74]","[146,147,163,167,119,157,187,118,113,123,171,153,110,135,124,159,170,136,139,131,191,130,114,149,120,148,105,132,178,112,175,168,174,184,133,143,183,162,161,145,150,172,155,194,111,198,154,115,102,152,117,185,156,186,160,106,121,141,129,126,195,190,137,134,169,128,107,109,116,122,177,127,182,142,176,197,181,165,125,166]",529e659b9a51df8f121724f5fae4e43a751473011cc5c9a26053d12335f16f35,80,51647740,2501289700,"[930067,7,1,0,100,200,26]",3325958180,1674067987,[5],"{""5"":0}"
S7,7,930068,100,0.447213595499958,1,,0,0.0001,0,0,[],[],"[31,59,5,95,72,83,86,32,70,48,12,78,16,73,94,15,61,63,53,81,96,74,37,3,28,14,76,44,40,47,22,90,69,88,71,93,99,91,89,55,7,49,97,65,4,26,58,60,17,36,23,85,34,67,77,29,84,30,46,13,50,6,79,62,57,35,64,27,75,0,24,21,80,33,38,68,10,20,39,8]","[104,124,133,166,180,131,195,107,102,194,190,154,142,106,111,161,134,177,186,167,196,109,179,191,156,127,192,174,100,140,123,169,164,146,121,151,147,184,185,105,181,188,157,112,148,155,122,176,110,115,152,138,145,141,160,197,198,135,158,153,183,137,108,118,187,120,136,175,132,125,116,150,170,143,103,199,162,149,139,163]",625498e5a33ff008f734133a566f6032ed07d447de1d3746d97194d4b0e726d9,80,2318003814,2630294202,"[930068,7,1,0,100,200,26]",854949032,1674067987,[5],"{""5"":0}"
S7,7,930069,100,0.447213595499958,1,,0,0.0001,0,0,[],[],"[94,49,92,67,64,8,97,12,25,29,76,22,13,1,15,10,30,84,42,21,37,71,83,50,93,58,0,20,54,19,14,27,38,61,24,52,28,35,23,89,79,63,88,34,6,59,11,80,73,95,36,66,56,77,90,16,3,81,82,4,2,91,75,70,18,96,78,40,85,32,44,72,53,7,39,48,26,62,57,17]","[116,148,196,119,197,121,194,123,102,174,187,186,195,106,142,150,173,171,157,152,184,114,117,140,127,178,151,199,163,131,164,100,169,189,107,113,109,181,146,166,103,108,143,115,133,128,139,125,180,130,104,168,136,149,141,160,170,137,158,177,182,122,111,191,165,172,135,145,134,162,193,156,129,183,112,147,185,118,105,175]",5ebed8457a96361359c823f3b69fd1b1dc3f5b8c5c44a6db2414e24ae89636af,80,3473111498,3083489362,"[930069,7,1,0,100,200,26]",3205839621,1674067987,[5],"{""5"":0}"
S7,7,930070,100,0.447213595499958,1,,0,0.0001,0,0,[],[],"[55,47,29,64,86,14,41,56,94,83,24,23,49,66,20,0,12,80,90,97,71,58,43,30,5,75,74,34,69,54,17,87,72,16,8,51,93,35,76,18,88,96,52,11,22,73,98,95,36,44,63,4,9,81,48,57,77,46,10,21,91,62,26,65,19,1,79,25,50,67,13,33,40,78,89,61,60,15,27,70]","[112,107,192,172,148,149,108,122,111,144,146,127,159,176,121,147,186,116,140,165,143,199,180,137,169,167,170,161,194,160,177,114,182,164,136,151,171,178,117,152,142,138,120,193,155,134,125,110,153,139,157,154,124,105,198,133,190,150,187,104,126,129,123,162,197,179,119,183,103,109,100,173,132,135,189,195,188,101,181,130]",5c4603351e84089ba64771ffa3840429b5191c351c641b7b1a73f529a6a74525,80,1799365164,192058390,"[930070,7,1,0,100,200,26]",3544708467,1674067987,[5],"{""5"":0}"
S7,7,930071,100,0.447213595499958,1,,0,0.0001,0,0,[],[],"[5,4,94,90,72,60,11,22,91,21,13,97,61,54,42,39,68,96,29,36,46,31,44,32,12,47,57,2,41,69,85,9,37,55,52,83,98,28,75,40,16,95,73,26,58,43,64,63,70,92,20,19,76,25,89,14,66,7,82,65,17,87,51,93,45,8,67,48,23,27,79,81,77,30,15,1,86,71,18,74]","[158,143,175,133,155,125,147,180,104,101,129,177,167,173,149,160,121,120,188,144,132,114,116,113,157,119,189,186,184,191,131,165,163,166,171,148,161,122,139,117,196,190,174,118,134,110,199,127,197,112,187,126,164,183,137,194,103,172,105,140,150,142,154,138,159,124,179,130,128,141,102,182,181,153,106,109,192,151,135,178]",4079f5bb9e4e4f8f48be79b886e369a6bf4852d9f1029dd5f3098bb8d88c0cea,80,2749899840,1755284137,"[930071,7,1,0,100,200,26]",2999009991,1674067987,[5],"{""5"":0}"
S7,7,930072,100,0.447213595499958,1,,0,0.0001,0,0,[],[],"[48,39,67,5,95,66,58,7,22,43,0,70,96,51,98,74,8,93,41,99,21,46,78,6,50,10,49,73,56,37,34,85,28,60,71,97,45,33,87,20,82,27,18,23,29,47,2,75,13,91,40,14,59,11,92,84,62,32,36,68,54,86,35,38,4,16,89,3,69,30,77,17,25,24,80,81,79,83,61,31]","[192,148,173,163,158,120,130,154,117,132,133,186,184,111,108,142,125,178,104,199,167,151,176,101,170,119,147,188,149,168,157,160,144,137,126,143,145,123,169,103,185,124,141,193,106,105,134,118,122,191,196,162,182,187,171,102,128,109,121,140,114,138,156,136,129,165,175,150,198,131,112,164,100,179,116,152,194,110,183,190]",1c4107eb4ee6b0c55b9a1c54f01416c8d92e969382c1979c1e23a9bc540ccc33,80,1394233396,2489998058,"[930072,7,1,0,100,200,26]",3895137235,1674067987,[5],"{""5"":0}"
S7,7,930073,100,0.447213595499958,1,,0,0.0001,0,0,[],[],"[56,40,85,65,54,10,43,71,57,27,36,99,64,55,79,35,80,70,75,17,23,0,2,53,89,95,78,5,26,33,13,49,62,60,63,14,58,9,87,21,16,72,88,84,96,90,19,66,38,51,97,18,76,37,81,12,74,15,1,20,92,48,7,46,91,44,25,11,68,67,24,39,41,61,8,86,34,47,42,3]","[134,121,172,120,136,184,103,106,132,148,165,157,102,158,101,104,143,176,133,116,140,179,162,100,180,182,161,117,153,163,115,188,112,123,151,108,160,127,150,187,149,110,155,198,190,169,189,113,186,193,177,145,109,168,171,129,185,166,152,197,137,142,124,107,130,131,122,181,128,173,135,154,146,125,111,194,183,118,174,170]",907bfe109e55c29b7326212dc0f08e399a78e1c424f30f3a0dd775a4bb11d270,80,1814254788,998227842,"[930073,7,1,0,100,200,26]",1202096827,1674067987,[5],"{""5"":0}"
S7,7,930074,100,0.447213595499958,1,,0,0.0001,0,0,[],[],"[67,95,94,21,83,37,71,18,91,61,9,28,82,97,81,80,56,20,77,78,89,66,2,17,24,54,6,96,1,26,15,50,4,25,33,65,42,29,51,47,22,45,58,76,5,19,14,64,30,84,40,35,99,23,53,60,41,92,16,86,52,0,88,7,27,11,68,43,36,59,10,3,79,13,73,93,87,12,44,31]","[195,118,146,117,131,123,136,141,135,133,158,192,175,190,130,187,174,103,108,160,138,128,143,179,137,188,162,166,151,186,168,154,164,113,112,102,145,144,126,173,159,132,180,106,198,152,147,153,114,155,182,148,149,104,157,191,124,172,193,170,184,196,183,165,105,115,167,163,121,181,127,116,110,150,194,161,142,140,171,177]",546f480b2d3d8a13ba1d5e3a755ec2e77dda221df307f02b22af3e552ccf6401,80,1923905153,125563893,"[930074,7,1,0,100,200,26]",4049432842,1674067987,[5],"{""5"":0}"
S7,7,930075,100,0.447213595499958,1,,0,0.0001,0,0,[],[],"[67,90,96,63,86,37,20,57,84,68,74,32,99,59,73,22,11,56,47,61,91,33,27,85,9,83,70,14,72,77,16,39,1,15,89,78,64,53,44,82,7,93,5,41,54,10,62,29,38,3,79,31,66,12,76,2,40,6,13,69,4,87,98,52,19,60,46,34,95,45,42,36,30,81,94,24,28,26,97,58]","[108,123,188,175,100,134,142,135,174,133,145,167,148,130,114,117,189,165,125,101,146,187,109,151,190,172,173,159,122,166,158,192,182,184,186,137,102,138,111,169,164,185,119,127,161,128,116,195,153,143,162,196,152,183,107,176,120,193,124,191,140,178,118,112,106,198,170,103,157,147,163,154,181,110,113,121,126,160,171,144]",8150ad10201afa68df0e31e6f598c65888a23ace13e656232c1301f3b1384cd1,80,1007368391,3812389241,"[930075,7,1,0,100,200,26]",2561735717,1674067987,[5],"{""5"":0}"
S7,7,930076,100,0.447213595499958,1,,0,0.0001,0,0,[],[],"[95,91,27,9,92,86,16,42,56,76,28,53,63,15,59,8,71,24,1,88,45,87,30,75,96,2,0,68,97,85,90,64,74,4,50,18,67,12,10,58,61,98,11,60,19,49,62,34,5,80,31,51,40,21,78,93,43,73,99,66,25,82,17,70,6,13,57,14,35,41,29,79,84,94,46,65,69,83,44,48]","[127,174,165,185,129,171,124,183,146,108,198,109,182,121,111,105,135,190,150,119,151,144,133,140,175,112,137,188,176,177,101,187,153,199,181,103,148,167,100,117,142,193,116,163,107,149,114,197,184,156,160,102,139,192,104,172,147,195,132,106,194,136,120,138,164,131,110,159,134,113,118,130,169,168,128,122,143,125,170,157]",cac740e7eeb58f79dfdcf643fb736d70c903095618836087f69ebaea65b013bc,80,17942062,4020204670,"[930076,7,1,0,100,200,26]",1059071374,1674067987,[5],"{""5"":0}"
S7,7,930077,100,0.447213595499958,1,,0,0.0001,0,0,[],[],"[41,65,1,94,98,27,2,69,86,76,53,75,51,0,81,99,8,77,85,13,14,16,55,60,67,91,39,58,74,26,84,83,61,44,64,36,89,42,3,80,68,6,70,79,17,15,59,19,48,97,18,95,43,56,24,31,52,4,82,28,34,5,54,30,10,72,93,23,40,33,9,47,32,21,37,11,88,7,46,92]","[101,110,158,186,182,167,132,135,183,197,175,178,112,136,147,193,195,118,159,181,160,106,141,162,130,150,116,180,173,157,172,100,108,156,187,177,107,119,161,189,109,123,194,198,185,104,144,142,191,171,165,103,140,164,174,146,102,117,124,149,113,114,192,188,131,138,166,111,148,151,127,190,134,168,120,143,199,153,126,128]",aaec546d4793524ebb2524ac70e70f792e7f3a5ce4d14ab5422600bfffcb4676,80,1685805544,1938095214,"[930077,7,1,0,100,200,26]",1508429322,1674067987,[5],"{""5"":0}"
S7,7,930078,100,0.447213595499958,1,,0,0.3,113,95,"[0,10,30,53,54,58,98,116,139,158,164,195,203,204,229,270,271,274,279,311,347,361,367,392,410,417,418,423,440,445,458,459,473,498,499,502,506,515,533,537,542,570,588,600,608,618,667,677,694,705,724,727,734,740,756,759,764,781,796,806,816,819,826,852,857,875,877,878,895,896,902,922,955,968,977,978,1009,1017,1024,1053,1091,1102,1123,1128,1129,1155,1193,1215,1223,1224,1229,1251,1252,1270,1275]","[[0,1],[10,1],[30,1],[53,1],[54,-1],[58,-1],[98,-1],[116,-1],[139,-1],[158,-1],[164,-1],[195,1],[203,1],[204,1],[229,-1],[270,1],[271,1],[274,-1],[279,-1],[311,1],[347,1],[361,1],[367,1],[392,1],[410,1],[417,-1],[418,-1],[423,-1],[440,1],[445,-1],[458,1],[459,1],[473,-1],[498,1],[499,1],[502,1],[506,-1],[515,-1],[533,-1],[537,1],[542,-1],[570,-1],[588,-1],[600,1],[608,1],[618,1],[667,-1],[677,-1],[694,-1],[705,-1],[724,-1],[727,1],[734,-1],[740,1],[756,-1],[759,-1],[764,1],[781,-1],[796,1],[806,-1],[816,-1],[819,-1],[826,1],[852,-1],[857,-1],[875,1],[877,1],[878,-1],[895,1],[896,-1],[902,-1],[922,1],[955,1],[968,-1],[977,-1],[978,-1],[1009,-1],[1017,-1],[1024,-1],[1053,1],[1091,-1],[1102,-1],[1123,1],[1128,1],[1129,1],[1155,1],[1193,1],[1215,-1],[1223,1],[1224,1],[1229,-1],[1251,-1],[1252,1],[1270,-1],[1275,1]]","[4,39,11,90,93,24,97,27,77,10,71,88,30,3,60,76,44,23,28,75,52,33,57,2,35,5,86,17,1,40,85,78,56,48,50,63,31,49,74,84,46,82,0,89,62,37,99,47,61,98,67,55,21,34,43,12,80,18,54,45,41,66,95,7,6,42,53,91,25,65,68,70,73,51,8,20,14,29,83,22]","[166,116,123,164,118,154,126,119,165,192,175,197,140,152,115,173,150,129,108,184,199,180,127,190,147,196,102,138,188,101,181,161,174,130,120,128,159,148,172,137,112,178,182,171,143,136,162,179,144,160,132,139,153,185,107,167,106,114,168,194,141,177,135,133,121,104,100,111,105,134,189,163,103,145,149,110,198,113,109,122]",63057e488d97ed906b4a2a0e8d4da1daa9ef9f89d8ffbb262087561041365597,80,1540292401,1907501631,"[930078,7,1,0,100,200,26]",1561205811,1674067987,[5],"{""5"":0}"
S7,7,930079,100,0.447213595499958,1,,0,0.1,60,45,"[1,4,5,7,44,54,68,164,204,212,234,395,418,473,531,570,587,636,675,688,692,717,729,768,774,779,796,797,838,852,881,907,909,917,919,1017,1027,1075,1083,1093,1128,1130,1228,1229,1239]","[[1,1],[4,-1],[5,1],[7,1],[44,1],[54,-1],[68,1],[164,-1],[204,1],[212,1],[234,1],[395,1],[418,-1],[473,-1],[531,-1],[570,-1],[587,1],[636,1],[675,1],[688,1],[692,1],[717,-1],[729,-1],[768,1],[774,-1],[779,-1],[796,1],[797,1],[838,1],[852,-1],[881,-1],[907,1],[909,-1],[917,-1],[919,-1],[1017,-1],[1027,1],[1075,1],[1083,-1],[1093,-1],[1128,1],[1130,-1],[1228,-1],[1229,-1],[1239,-1]]","[65,15,72,90,32,53,93,23,88,75,66,30,45,19,38,76,55,48,33,21,43,1,50,85,47,9,67,51,83,77,37,11,17,58,39,2,73,80,89,41,97,71,22,91,87,64,27,63,3,69,4,86,81,36,95,82,56,61,0,34,24,7,92,70,5,94,74,42,96,62,12,35,14,40,59,29,52,8,98,46]","[125,171,152,100,104,191,142,180,199,175,181,139,198,170,115,127,105,113,134,145,120,146,184,158,132,103,188,143,162,186,195,157,106,118,176,151,160,133,163,159,112,129,166,147,140,154,119,135,153,137,167,107,169,102,117,114,123,179,193,172,149,178,136,174,116,177,111,128,182,161,141,108,187,126,197,185,101,168,155,164]",f8ae3ad8a10e94a0784db1f0f191fdecfe15d63631c5dcc947ca59e34aa944d2,80,2809230397,2867062323,"[930079,7,1,0,100,200,26]",1743239775,1674067987,[5],"{""5"":1}"
S7,7,930080,100,0.447213595499958,1,,0,0.1,60,33,"[5,10,33,34,48,81,277,325,331,454,606,692,705,723,732,779,790,796,838,852,854,922,943,957,979,1069,1075,1093,1123,1128,1141,1146,1200]","[[5,1],[10,1],[33,1],[34,1],[48,-1],[81,1],[277,1],[325,-1],[331,-1],[454,-1],[606,-1],[692,1],[705,-1],[723,-1],[732,1],[779,-1],[790,1],[796,1],[838,1],[852,-1],[854,-1],[922,1],[943,-1],[957,1],[979,1],[1069,1],[1075,1],[1093,-1],[1123,1],[1128,1],[1141,1],[1146,1],[1200,-1]]","[7,82,90,44,97,50,23,31,76,96,47,86,77,40,69,28,79,38,19,94,49,15,37,22,51,12,25,98,13,21,14,43,92,1,48,71,27,5,58,11,66,85,18,46,75,57,52,0,81,80,99,89,60,33,36,42,74,59,2,95,24,32,87,35,26,78,55,84,56,34,16,3,53,17,63,39,62,54,93,4]","[114,124,163,136,107,122,193,173,199,141,175,142,157,154,156,197,115,130,148,125,108,153,146,174,140,170,133,168,185,184,159,105,137,117,161,198,172,119,127,150,131,155,169,180,102,176,152,116,147,151,106,110,188,160,139,145,121,120,100,187,164,109,135,128,149,118,144,183,166,129,171,123,113,111,190,177,158,103,181,134]",99513ec4c2cadf2494c9813d381ddee8d625542afa079af959bea8d3b5dea437,80,2653118436,2433012759,"[930080,7,1,0,100,200,26]",4179211593,1674067987,[5],"{""5"":1}"
S7,7,930081,100,0.447213595499958,1,,0,0.0001,0,0,[],[],"[15,83,27,60,73,86,62,89,48,92,24,7,66,9,46,67,56,71,69,88,64,42,28,33,76,45,29,75,10,4,30,51,99,38,39,19,21,14,18,82,41,93,6,1,72,85,84,95,5,77,8,74,26,22,50,63,80,59,47,96,37,23,20,17,16,53,44,11,12,81,94,2,43,49,58,25,36,32,68,78]","[139,108,100,134,102,185,181,118,132,111,125,137,162,163,169,195,149,107,115,197,194,189,130,140,136,186,151,145,167,158,155,128,138,101,172,188,147,192,179,104,127,159,144,171,150,187,180,153,133,178,164,146,175,170,103,176,196,123,120,119,114,160,199,143,193,165,166,177,124,109,105,121,157,117,161,198,184,191,135,173]",20d31c8c073eb71a02ab50deaa8d0eb02afcfd44620d8f7badbf3ecef8ff37ad,80,2357661712,2621977148,"[930081,7,1,0,100,200,26]",1673240863,1674067987,[5],"{""5"":0}"
S7,7,930082,100,0.447213595499958,1,,0,0.1,59,43,"[4,5,10,11,30,141,233,274,310,377,392,397,458,459,499,547,595,606,759,764,768,814,816,838,857,889,891,979,1053,1063,1093,1116,1128,1146,1193,1197,1200,1227,1249,1251,1259,1266,1270]","[[4,-1],[5,-1],[10,1],[11,1],[30,1],[141,1],[233,-1],[274,-1],[310,-1],[377,-1],[392,1],[397,1],[458,1],[459,1],[499,1],[547,-1],[595,1],[606,-1],[759,-1],[764,1],[768,1],[814,1],[816,-1],[838,1],[857,-1],[889,1],[891,-1],[979,1],[1053,1],[1063,1],[1093,-1],[1116,1],[1128,1],[1146,1],[1193,1],[1197,-1],[1200,-1],[1227,1],[1249,1],[1251,-1],[1259,-1],[1266,-1],[1270,-1]]","[33,78,67,17,80,54,60,8,24,94,13,98,48,65,19,36,7,88,46,21,85,86,63,26,42,68,93,44,35,75,71,62,89,59,5,25,0,28,73,61,14,6,22,9,52,34,92,18,30,47,40,87,72,39,2,16,56,53,38,4,96,41,64,81,20,10,95,99,82,27,83,50,23,11,70,15,32,29,84,12]","[142,150,184,179,113,170,144,119,186,197,174,128,141,173,171,107,123,160,109,195,136,192,154,130,185,199,175,176,106,104,153,189,145,159,131,137,178,177,172,102,100,143,120,140,138,169,167,118,147,182,112,139,148,164,162,135,158,161,101,193,127,149,115,168,196,125,180,129,133,121,166,117,156,110,188,163,122,198,108,190]",8f94161d30ec572031f0f22ce543196ac46769207ca736b03da83a65f7a04231,80,3054546438,286562937,"[930082,7,1,0,100,200,26]",3589397020,1674067987,[5],"{""5"":-1}"
S7,7,930083,100,0.447213595499958,1,,0,0.0001,0,0,[],[],"[75,86,18,88,47,70,45,51,54,29,26,93,67,76,58,92,62,91,20,65,42,23,2,10,6,74,50,13,81,5,82,34,1,85,33,66,21,60,69,30,56,12,35,17,49,32,95,15,83,84,59,22,28,78,80,19,43,61,36,38,11,46,39,48,97,72,87,96,44,0,71,14,41,53,24,3,90,64,9,8]","[140,107,127,102,173,192,195,194,138,165,157,178,141,199,129,197,164,136,118,132,163,186,117,105,121,151,133,185,148,126,154,180,160,108,176,114,159,144,106,156,130,169,149,193,120,181,172,158,122,161,145,101,143,142,177,188,174,146,115,166,183,150,179,187,123,131,190,170,139,119,153,182,162,111,196,137,167,103,109,198]",f6707cbd4bd5ea5fa9ccb1e8f373d8b8416d8d370dadfcd2376135ae8405a00f,80,898224890,379726247,"[930083,7,1,0,100,200,26]",129216774,1674067987,[5],"{""5"":0}"
S7,7,930084,100,0.447213595499958,1,,0,0.0001,0,0,[],[],"[56,63,82,87,37,78,79,6,34,98,77,9,54,39,66,57,94,68,26,90,84,32,5,46,3,73,51,55,31,12,8,59,29,41,24,22,97,35,72,49,76,81,2,92,80,25,64,58,65,75,43,86,23,1,42,33,0,18,36,20,70,85,74,60,88,95,61,40,30,53,15,45,21,28,52,99,69,71,17,11]","[125,141,132,170,155,110,194,157,127,106,154,188,105,112,102,123,191,196,177,142,165,144,159,168,181,199,156,164,119,190,100,115,128,150,139,169,161,107,171,160,179,158,166,174,187,129,140,134,184,198,197,148,173,136,186,131,121,183,109,153,149,122,117,146,163,104,108,103,118,124,151,185,152,145,113,137,116,143,120,162]",5a1fee100604804a7f2880ac1da9baa6c05359d36071a73766115c8b18c55df6,80,3205779625,3623155324,"[930084,7,1,0,100,200,26]",2085620985,1674067987,[5],"{""5"":0}"
S7,7,930085,100,0.447213595499958,1,,0,0.0001,0,0,[],[],"[66,73,24,78,22,52,34,49,97,36,85,81,79,60,53,16,61,37,29,30,95,93,98,64,39,59,20,33,82,18,63,5,13,48,28,41,47,99,80,32,17,23,76,77,96,45,25,4,72,88,58,21,12,68,55,92,91,75,69,94,46,83,7,14,90,2,6,43,86,0,31,27,54,87,67,65,51,57,26,74]","[158,166,176,162,139,104,143,103,173,144,155,147,149,183,179,192,108,109,151,171,195,146,129,159,126,174,196,133,123,175,118,115,132,106,190,157,137,169,177,120,187,193,181,191,185,186,128,168,124,172,163,112,198,148,164,130,125,182,199,165,114,122,142,170,101,110,140,152,111,116,117,131,134,141,135,161,189,160,119,145]",450de7945fa77c94e42c6c163ed2fff195efaeda55b0d2b17dde7e8a98201da6,80,1842898869,3900677353,"[930085,7,1,0,100,200,26]",63311497,1674067987,[5],"{""5"":0}"
S7,7,930086,100,0.447213595499958,1,,0,0.0001,0,0,[],[],"[94,78,81,75,70,83,71,13,42,52,64,5,15,55,37,62,96,72,97,7,39,98,2,0,50,43,79,66,56,54,28,35,63,69,49,20,31,65,9,10,86,18,73,30,88,99,23,24,95,60,48,58,38,22,41,27,68,6,90,36,32,44,1,19,59,40,16,51,11,26,67,29,21,61,84,74,87,85,25,8]","[111,105,182,199,139,180,171,195,127,101,190,148,185,193,170,175,104,158,164,122,162,142,189,161,128,118,125,103,165,117,160,100,152,174,178,115,184,153,147,107,121,198,134,187,179,197,144,173,154,188,108,126,135,120,146,151,119,112,113,192,163,191,106,109,150,143,176,183,131,133,124,169,181,138,114,140,177,196,129,166]",85b66eff403bebc054919f5188dd5322c33d8a582685e00e86147553704b7fad,80,2559734787,3362341314,"[930086,7,1,0,100,200,26]",3523639714,1674067987,[5],"{""5"":0}"
S7,7,930087,100,0.447213595499958,1,,0,0.0001,0,0,[],[],"[23,90,34,25,42,59,19,3,88,14,97,10,16,73,8,55,65,32,28,20,35,17,76,68,63,89,69,7,92,15,38,85,67,44,82,60,79,81,31,33,64,26,43,1,91,29,51,99,40,72,96,50,41,46,84,83,4,61,94,78,45,36,49,30,47,53,86,66,56,80,57,18,62,24,39,87,58,22,70,37]","[190,121,139,118,168,149,119,120,103,176,124,164,159,198,151,100,130,136,131,192,116,172,186,135,167,171,183,161,140,126,108,123,111,110,178,187,114,173,184,196,180,162,156,129,157,137,169,134,112,125,174,179,177,170,117,142,144,107,194,189,191,104,138,163,141,182,101,155,127,150,106,146,109,160,181,148,128,113,132,133]",a3fb958007ba17e973dd06909e682fa3c7aea0af0f710ce9d2428b48deab4430,80,2501310398,3739959736,"[930087,7,1,0,100,200,26]",1919470012,1674067987,[5],"{""5"":0}"
S7,7,930088,100,0.447213595499958,1,,0,0.0001,0,0,[],[],"[10,90,92,48,59,70,13,12,95,75,74,0,54,30,99,87,58,89,22,39,83,43,1,73,5,23,38,56,76,80,4,94,40,25,55,97,20,2,49,32,62,16,68,63,14,93,31,46,11,18,17,19,9,91,45,28,69,26,81,60,77,42,67,51,53,88,37,96,24,61,50,84,64,7,41,34,47,3,65,78]","[134,120,123,152,191,165,159,172,160,130,115,149,103,168,163,187,180,175,192,112,150,164,186,137,181,113,108,136,142,110,190,116,184,128,177,147,197,144,114,198,162,133,132,117,155,100,105,170,167,118,138,139,188,185,119,126,161,157,171,169,121,196,179,195,178,199,158,141,153,151,174,193,122,101,106,104,135,156,131,102]",280672e546879683ee7c9efdc0c43b31e615a5872abbe36cc4df047ec6bb61f4,80,502368109,1546015731,"[930088,7,1,0,100,200,26]",738418214,1674067987,[5],"{""5"":0}"
S7,7,930089,100,0.447213595499958,1,,0,0.1,61,45,"[0,86,116,141,164,229,230,234,274,294,358,361,417,442,447,454,459,499,556,582,610,654,675,724,746,754,759,772,803,819,852,874,883,972,977,1006,1017,1055,1071,1123,1128,1131,1146,1172,1252]","[[0,1],[86,1],[116,-1],[141,1],[164,-1],[229,-1],[230,1],[234,1],[274,-1],[294,-1],[358,1],[361,1],[417,-1],[442,1],[447,1],[454,-1],[459,1],[499,1],[556,-1],[582,-1],[610,1],[654,1],[675,1],[724,-1],[746,-1],[754,-1],[759,-1],[772,1],[803,-1],[819,-1],[852,-1],[874,-1],[883,-1],[972,-1],[977,-1],[1006,-1],[1017,-1],[1055,-1],[1071,-1],[1123,1],[1128,1],[1131,-1],[1146,1],[1172,-1],[1252,1]]","[23,18,96,52,12,33,70,86,37,54,76,60,5,0,67,3,11,61,7,78,35,98,24,74,2,97,91,44,64,8,87,95,38,79,72,36,40,65,94,16,22,53,27,28,6,25,1,49,19,58,21,84,63,45,4,93,48,82,66,9,32,10,55,15,51,81,80,50,34,89,30,71,92,62,42,73,57,47,99,75]","[104,165,187,133,140,184,145,121,141,124,111,110,107,129,183,147,116,158,150,108,142,155,174,152,172,120,171,161,126,114,118,163,151,134,127,113,128,149,179,144,153,100,125,109,123,101,148,139,119,160,143,166,157,117,191,138,164,131,188,169,178,192,194,132,105,185,180,156,167,177,162,190,196,198,135,122,181,115,112,137]",2d727f48b58c1b88b383b3ed5387b1adf89c62428bb70ef3168d2c89a647ebf1,80,2626792944,1241709694,"[930089,7,1,0,100,200,26]",998341005,1674067987,[5],"{""5"":0}"
S7,7,930090,100,0.447213595499958,1,,0,0.0001,0,0,[],[],"[41,13,66,88,16,63,86,95,99,87,15,33,58,70,81,98,65,30,55,6,3,0,35,1,61,50,51,97,75,22,56,53,60,74,91,37,10,67,21,43,29,31,93,28,36,78,27,68,8,77,54,45,40,92,84,39,34,69,17,82,85,83,26,32,23,49,94,79,57,25,11,64,20,59,44,71,9,76,12,72]","[111,112,142,129,124,136,107,101,110,180,182,148,171,176,165,192,145,120,160,198,106,184,104,118,168,121,151,197,132,188,186,135,105,170,154,161,143,113,178,147,117,139,159,114,175,199,146,163,183,179,174,100,144,102,195,103,133,127,119,162,152,140,141,169,134,149,138,167,185,177,126,116,123,137,189,196,193,172,187,108]",4c736726d1b793c6e5d04c8a7a5bd0491c6845a02c46e654f03792f4fa8e735e,80,516667128,1508161285,"[930090,7,1,0,100,200,26]",3753300310,1674067987,[5],"{""5"":0}"
S7,7,930091,100,0.447213595499958,1,,0,0.0001,0,0,[],[],"[85,40,53,25,90,98,30,61,95,35,24,70,12,48,99,71,68,4,63,65,19,38,45,82,22,6,56,33,47,55,97,50,86,21,0,74,76,60,27,20,46,54,89,83,36,32,26,28,64,96,92,11,93,80,52,15,3,72,94,7,84,88,81,62,51,43,41,9,17,10,79,42,31,91,34,29,39,59,87,18]","[183,119,117,139,131,123,149,102,171,170,126,147,141,109,103,190,193,164,112,138,196,113,146,152,101,195,163,159,161,137,181,166,189,175,165,180,162,128,186,114,184,127,160,187,140,143,172,132,108,179,136,107,168,144,122,198,169,115,134,104,182,158,118,145,157,174,130,142,125,151,105,106,191,177,150,156,154,197,173,100]",c3337ce2c77fe700ba45cc02a0ad5548116677c6469f35ec96364838b310011b,80,2406116562,410667755,"[930091,7,1,0,100,200,26]",622405616,1674067987,[5],"{""5"":0}"
S7,7,930092,100,0.447213595499958,1,,0,0.0001,0,0,[],[],"[20,53,87,46,80,96,50,48,37,7,94,83,71,59,1,70,76,51,54,2,91,10,23,15,65,52,43,72,45,63,21,74,97,78,35,6,88,18,56,89,16,28,34,27,17,90,29,49,77,19,81,3,44,73,67,47,61,30,84,12,31,25,33,42,69,99,38,95,5,8,32,24,57,75,82,86,62,60,26,55]","[196,164,198,120,127,125,168,115,156,103,182,172,197,142,162,167,179,140,117,157,107,178,132,193,150,169,175,152,158,166,111,121,101,116,153,174,136,141,123,144,148,133,110,106,119,159,135,139,192,195,113,105,118,155,181,131,186,190,189,163,160,112,185,102,108,191,161,143,128,151,146,173,122,145,134,137,176,104,100,114]",1ef68d2114e750f7a22bef344bb9bc041cff97f1b0d435149c7a94458f982c46,80,1815328581,2014377631,"[930092,7,1,0,100,200,26]",3349565257,1674067987,[5],"{""5"":0}"
S7,7,930093,100,0.447213595499958,1,,0,0.0001,0,0,[],[],"[23,85,45,52,40,75,83,80,94,87,39,2,3,36,66,13,88,57,49,98,35,46,86,55,89,11,26,20,37,44,54,77,95,96,72,1,69,42,68,76,61,21,99,53,32,90,74,63,93,7,58,81,22,16,5,65,97,28,67,15,92,19,10,79,84,4,56,24,6,43,91,30,8,9,78,25,82,70,29,59]","[186,160,123,195,135,187,112,129,190,161,157,194,124,134,177,113,116,125,192,171,155,150,188,108,146,105,169,168,127,158,106,114,140,183,179,142,147,199,132,185,121,196,152,130,165,173,154,128,162,180,184,156,163,111,137,149,170,143,148,141,133,120,139,136,145,159,109,191,104,181,115,182,164,198,103,101,189,107,174,102]",9630cbeef04f9ea6427298aa4d244a246dac4abd2cd51c59f0412f36775ec536,80,115359395,983669338,"[930093,7,1,0,100,200,26]",2960970607,1674067987,[5],"{""5"":0}"
S7,7,930094,100,0.447213595499958,1,,0,0.0001,0,0,[],[],"[27,19,76,81,85,97,96,21,44,64,3,54,77,45,51,79,86,18,48,16,8,59,22,73,36,23,49,90,14,56,10,38,1,69,89,62,57,82,63,6,7,37,20,95,92,94,98,50,25,32,11,52,12,68,53,74,61,84,60,78,65,58,71,24,83,67,47,2,99,31,66,33,93,91,35,80,55,17,46,41]","[144,191,188,164,156,120,160,100,151,145,182,178,166,177,171,181,124,187,179,150,170,198,154,110,109,137,162,130,184,165,195,158,135,126,117,139,168,107,131,118,196,163,128,138,167,127,194,199,152,197,190,140,104,146,121,115,193,172,189,122,123,176,101,132,129,102,106,186,103,141,147,133,134,155,149,114,111,113,174,159]",d6df3a8ac583a174f9401cb1dabb82f941e683996b9d7db006add570228b6751,80,3669697380,3749884919,"[930094,7,1,0,100,200,26]",2298892515,1674067987,[5],"{""5"":0}"
S7,7,930095,100,0.447213595499958,1,,0,0.0001,0,0,[],[],"[94,54,30,20,16,23,4,29,84,71,8,10,7,55,90,24,65,60,51,61,86,5,27,15,69,77,67,28,80,89,41,22,18,87,2,19,91,47,82,39,33,42,57,95,0,99,78,79,97,45,37,73,36,43,17,50,72,96,32,85,63,64,58,9,12,98,3,35,53,26,40,76,75,25,88,62,59,68,92,44]","[175,183,156,141,152,168,106,178,161,140,136,100,144,189,114,160,180,163,173,103,101,192,145,109,148,185,108,162,129,105,198,127,155,195,177,117,154,126,171,143,121,125,176,158,179,118,113,190,196,133,139,104,174,132,166,107,172,124,151,128,120,167,164,146,157,193,130,110,194,111,147,115,138,135,182,184,181,137,150,142]",714f0bf4110ad8b9cc5856c332fd0d47626f81258b2f54bf401d47d9e77cb4b1,80,1306096576,3921062188,"[930095,7,1,0,100,200,26]",587711605,1674067987,[5],"{""5"":0}"
S7,7,930096,100,0.447213595499958,1,,0,0.0001,0,0,[],[],"[13,27,21,15,12,38,73,50,23,54,71,82,6,0,78,56,53,20,22,87,79,84,52,48,77,92,37,97,2,24,95,91,36,49,88,68,75,89,44,85,66,10,64,83,74,28,11,14,45,70,98,76,40,90,94,7,59,43,47,19,4,41,80,16,96,35,29,69,65,51,93,81,61,86,3,46,34,17,1,62]","[123,106,193,131,141,184,111,117,187,113,128,103,153,139,130,189,166,156,145,173,129,163,149,122,183,104,143,176,121,159,136,186,175,178,155,160,170,195,174,198,192,146,169,164,125,102,120,162,168,157,112,171,177,191,118,199,182,137,119,109,194,147,196,197,124,138,114,151,185,188,116,150,152,158,167,105,179,127,135,180]",450f67adb6e3e03a5b4ab55541b248a14fb856cabaa381f5a66df69e18b146c1,80,316842613,2740769375,"[930096,7,1,0,100,200,26]",2572988999,1674067987,[5],"{""5"":0}"
S7,7,930097,100,0.447213595499958,1,,0,0.0001,0,0,[],[],"[77,93,8,12,25,19,95,33,92,61,42,1,2,9,27,76,37,53,18,72,71,29,48,90,14,55,7,41,50,63,46,13,68,35,5,24,70,84,69,85,16,38,20,75,54,30,43,56,81,73,59,58,17,3,28,80,99,65,67,79,94,91,11,57,21,83,32,4,60,39,15,40,86,22,6,82,44,10,45,66]","[137,160,121,157,102,105,117,180,147,133,183,115,158,119,197,148,128,107,176,141,186,127,136,114,156,179,195,152,191,123,111,130,162,153,143,109,175,168,196,155,113,164,165,187,138,178,154,170,129,151,199,104,118,149,100,171,124,142,172,150,139,161,174,145,167,131,135,122,188,182,190,163,173,110,116,140,146,192,185,193]",dce0fcb291a35b67f3e7886638dbe43c646ce1f0eaafdb7a3885e9e1b3ce54c7,80,1725098855,3008598319,"[930097,7,1,0,100,200,26]",169668912,1674067987,[5],"{""5"":0}"
S7,7,930098,100,0.447213595499958,1,,0,0.0001,0,0,[],[],"[87,3,88,11,27,77,93,67,82,39,6,13,43,12,85,54,46,42,51,71,47,70,16,24,0,49,48,22,76,38,30,35,52,19,63,32,15,31,45,5,89,9,25,29,44,17,18,97,84,37,80,65,69,10,40,57,73,33,59,66,74,62,96,78,2,60,20,50,61,53,14,8,1,68,91,86,26,94,4,72]","[193,192,169,164,140,142,185,184,131,152,141,146,154,158,124,104,170,148,156,101,135,150,179,145,108,165,191,126,197,103,128,137,162,181,183,194,134,186,167,190,180,151,127,174,188,163,196,175,149,102,176,136,129,114,195,100,116,187,157,111,125,155,159,161,133,143,198,107,199,109,110,118,144,153,168,120,121,123,160,172]",ddca426b74d5fd51d6b2a7a2d5a46ec39973361035dd9c8667acf31fda617740,80,1397832796,4242460585,"[930098,7,1,0,100,200,26]",183259179,1674067987,[5],"{""5"":0}"
S7,7,930099,100,0.447213595499958,1,,0,0.0001,0,0,[],[],"[59,36,61,97,12,87,43,3,5,62,28,66,65,89,78,70,48,15,41,60,32,1,29,94,82,21,22,85,63,74,80,42,39,50,71,33,26,19,84,86,27,58,8,91,34,35,31,11,98,56,25,37,69,79,53,81,20,90,17,30,45,77,83,0,18,92,93,13,4,7,68,75,49,67,6,46,72,44,76,54]","[107,128,137,169,152,174,197,199,124,100,183,168,111,198,120,167,188,196,148,126,144,118,134,149,195,129,121,113,181,150,140,151,184,191,182,175,103,165,119,123,192,180,176,193,117,143,102,161,171,164,166,162,155,108,114,133,146,189,112,139,177,194,138,154,159,104,158,178,101,105,142,110,131,153,179,122,173,157,136,185]",658b020fe35a60dcd07c1de6f9d74988c0843d434e38f3022b00c1b6c377a7fa,80,3974805307,3390841853,"[930099,7,1,0,100,200,26]",1739546573,1674067987,[5],"{""5"":0}"
S7,7,930100,100,0.447213595499958,1,,0,0.0001,0,0,[],[],"[84,66,86,2,35,46,76,5,95,54,33,78,97,79,19,28,14,81,80,18,90,83,99,27,68,8,70,49,96,25,15,3,4,82,61,73,75,59,77,0,67,29,13,12,52,51,58,65,34,92,40,24,72,10,53,56,38,21,62,89,37,31,74,69,50,43,11,45,93,88,39,55,64,1,32,36,42,26,22,16]","[133,108,172,184,191,173,161,166,152,125,147,143,148,100,111,155,182,151,122,105,101,189,136,165,141,150,195,145,129,159,175,171,120,164,116,102,153,139,187,180,158,109,156,119,194,126,168,112,121,193,144,199,188,137,177,183,127,110,192,154,157,149,174,167,176,146,163,135,181,114,140,134,179,160,117,142,196,170,103,169]",d0ca6e37807a4ee2c525c561774ea038e3e645208537a174d20a91a685af50a7,80,2457493224,98621422,"[930100,7,1,0,100,200,26]",437308494,1674067987,[5],"{""5"":0}"
