class_name	identifier	frozen_length	retrieved_length	sequence_sha256	uniprot_release	uniprot_release_date	uniprot_fasta_header
positive	P85006	28	28	4650bfdfac229fc19979dd57ed6b1fa5218085f0a4d5d309f4fee58867395ec9	2026_02	10-June-2026	>sp|P85006|VMXP_PROSR 50 kDa venom protease (Fragment) OS=Proatheris superciliaris OX=110218 PE=1 SV=1
positive	C0HKY3	11	11	f65300feaff7a35c46454c395e85d1dd045b9f3372fe1c4f0f85972ea670140c	2026_02	10-June-2026	>sp|C0HKY3|CT10B_CONAO Conotoxin ar5b OS=Conus araneosus OX=101286 PE=1 SV=1
positive	P0DM45	23	23	18a0598205e9e2e3652c2f1b5fd86a9989aff9d4e4b706d7f0955e350b380427	2026_02	10-June-2026	>sp|P0DM45|CXPA_CONCF Conotoxin as25a OS=Conus cancellatus OX=289020 PE=1 SV=1
positive	P69842	13	13	0ae112647ebefc900bfdc19f0d35a5dd9af5018ce37053e027767cf63978e0fa	2026_02	10-June-2026	>sp|P69842|GRA1_POGPU Grammistin Pp 1 OS=Pogonoperca punctata OX=160738 PE=1 SV=1
positive	B3A0N1	15	15	3cffce640318bd9627ded0466daaae5918a936f679e33b645a52216d35165254	2026_02	10-June-2026	>sp|B3A0N1|VPA_BOTAT Venom prothrombin activator (Fragment) OS=Bothrops atrox OX=8725 PE=1 SV=1
positive	P0DQZ0	7	7	51c34daa88241f94f23d8c4a0b367595f4f59aaa52c9354713b7e6138ec69d4c	2026_02	10-June-2026	>sp|P0DQZ0|CX1A_CONML A-conotoxin cyclic Mila OS=Conus miliaris OX=97181 PE=1 SV=1
positive	P86942	11	11	3a4aa86506d5dde40e1ac8f906ad130d45e4dab84395f1ee139735b16a63ecf7	2026_02	10-June-2026	>sp|P86942|CUGA_CONPB Conotoxin pc16a OS=Conus pictus OX=1042615 PE=1 SV=1
positive	P83323	18	18	b10c850b926821f8fb8c2a8cf852329e770336ff199ee0c25f3232b5efded2ab	2026_02	10-June-2026	>sp|P83323|RIP_SIRGR Ribosome-inactivating protein momorgrosvin (Fragment) OS=Siraitia grosvenorii OX=190515 PE=1 SV=1
positive	B3EWU8	9	9	c15c57427f99b5e172a9e467449492a56b10a6bdd33c73204b03bc36769542cb	2026_02	10-June-2026	>sp|B3EWU8|TXS1G_CUPSA Short cationic peptide-1g OS=Cupiennius salei OX=6928 PE=1 SV=1
positive	P0C255	44	44	c44703c9e0e24b642bb3f165a7db6636bdbfb674e72808a61d61f99e635bccb5	2026_02	10-June-2026	>sp|P0C255|I2BB_CONFI Conotoxin Fi11.11 (Fragment) OS=Conus figulinus OX=101301 PE=2 SV=1
positive	A0A0A0VBR5	71	71	05a9b2293c2b5c826026280157e38195339af3add746c876fa87c8e42c559cdc	2026_02	10-June-2026	>sp|A0A0A0VBR5|U31H_SCYTH U3-scytotoxin-Sth1h OS=Scytodes thoracica OX=1112478 PE=1 SV=1
positive	P86166	34	34	60a0ef11ebb9877967644283a74813946a4f2c6ef07f13c42f08d2d28db17c6a	2026_02	10-June-2026	>sp|P86166|VPL9A_POLAB Turripeptide Pal9a OS=Polystira albida OX=394106 PE=1 SV=1
positive	P0DL61	64	64	24f4f48e550c82765aafa45544f4db2b46adc68fb20fdefcd90abf58c9707b91	2026_02	10-June-2026	>sp|P0DL61|SCR_ANEVI Small cysteine-rich protein (Fragment) OS=Anemonia viridis OX=51769 PE=2 SV=1
positive	A0A6G9KHD3	37	37	9e77708efda5602b986ac99224e6cfb1d48c9a6bb330b60e62398dc99d45b059	2026_02	10-June-2026	>sp|A0A6G9KHD3|TX12A_MANRB U12-myrmicitoxin-Mri1a OS=Manica rubida OX=219785 PE=1 SV=1
positive	D2Y3T1	65	65	930ed5da88f4cf69c3d3f4e9216ef5a291523ce52d2851a75f2060524189c39d	2026_02	10-June-2026	>sp|D2Y3T1|CUGA_CONCL Conotoxin Cal16.1 OS=Californiconus californicus OX=1736779 PE=1 SV=1
positive	P0DJC0	34	34	f09bc144482d5be3e60fd30d60c7b9abf583de1e664d2881a301c8218ebd4df5	2026_02	10-June-2026	>sp|P0DJC0|U6D_CONCL Conotoxin Cl6d OS=Californiconus californicus OX=1736779 PE=1 SV=1
positive	B2CS62	35	35	c61fff9a9311742711b480bcf8ec6dd007b640a27c6c00f580a044c7253c469b	2026_02	10-June-2026	>sp|B2CS62|CTFA_CONCB Conotoxin Ca15a (Fragment) OS=Conus caracteristicus OX=89440 PE=1 SV=2
positive	P0C2K3	36	36	3a0dfc34796b309a58164ab121ba90b025d4819f2ccd9e01352f655e4700edb8	2026_02	10-June-2026	>sp|P0C2K3|BX17_LOXGA Dermonecrotic toxin LgSicTox-beta-LOXN1/LOXN7 (Fragment) OS=Loxosceles gaucho OX=58216 PE=1 SV=1
positive	A0A6M3Z541	53	53	20f460a8c60abbeea93cb09e3ea1076c34c37f98fab2cc89ff748fa09c9c9aef	2026_02	10-June-2026	>sp|A0A6M3Z541|TX13A_TETBN U13-myrmicitoxin-Tb1a OS=Tetramorium bicarinatum OX=219812 PE=1 SV=1
positive	P0DQI9	57	57	457952d7b5bce80224aa1574db69557783f1c249755f058e012a8d2d6a911159	2026_02	10-June-2026	>sp|P0DQI9|ASI2A_MACAT U-Asilidin(1)-Mar2a OS=Machimus arthriticus OX=1936065 PE=1 SV=1
positive	A0A068B409	40	40	ebe3f0649b3e6441e06518b79b3f941db7f73baefe2538679baa299d92c0b3cd	2026_02	10-June-2026	>sp|A0A068B409|CAEG_CONBE Conotoxin Bt14.16 (Fragment) OS=Conus betulinus OX=89764 PE=1 SV=1
positive	C0HLZ4	50	50	8465f3d4ba0cf73ed4a72b7caba3b44b0c300bafd629ede446e3b9aa715974f3	2026_02	10-June-2026	>sp|C0HLZ4|LYOPH_LYOSH Ribosome-inactivating protein lyophyllin (Fragment) OS=Lyophyllum shimeji OX=47721 PE=1 SV=1
positive	D9U2B3	54	54	c178a9cad3a566f2a9f003e0f42a174f94ee1d253c1ee44001652931cf33d5dc	2026_02	10-June-2026	>sp|D9U2B3|KTXI_LYCMC Putative neurotoxin-I (Fragment) OS=Lychas mucronatus OX=172552 PE=2 SV=1
positive	P0DSL3	40	40	bd4619e0a3ae5eb4f7c473488d7147e4de5aae319f8e07e0939e6793e2c011c8	2026_02	10-June-2026	>sp|P0DSL3|TX1B_ECTBR U1-ectatotoxin-Eb1b OS=Ectatomma brunneum OX=369127 PE=1 SV=1
positive	P0DQF1	70	70	e0782fe3ed70350e3f2530b53d79328eecd25f5656e10ab5ed2bc38956365995	2026_02	10-June-2026	>sp|P0DQF1|TXK1A_SCOMO U-scoloptoxin(20)-Sm1a OS=Scolopendra morsitans OX=943129 PE=3 SV=1
positive	P0DPW2	60	60	b01f351d3fbd89c376b4c86cc4045fc8ecaed628159e68ce0922a7ffc512dd8a	2026_02	10-June-2026	>sp|P0DPW2|UX31A_THELO U-scutigerotoxin(03)-Tl1a (Fragment) OS=Thereuopoda longicornis OX=353555 PE=2 SV=1
positive	P0C1T7	71	71	f65c3429f939d2fc0fb807857ae96abd61dc972448b9042e6358d9f3c17eff16	2026_02	10-June-2026	>sp|P0C1T7|AX7A_TERSU Augerpeptide-s7a (Fragment) OS=Terebra subulata OX=89435 PE=1 SV=1
positive	P0DXZ4	52	52	febf838426da6bb734b5d56a20705da046ab6a539ff1329f83803593f6436c86	2026_02	10-June-2026	>sp|P0DXZ4|TX1A_XYLAR Xylotoxin(1)-Xa1a OS=Xylocopa aruana OX=135674 PE=1 SV=1
positive	C0HLG4	68	68	548caccc1d4b021fdc80f38c477a04ed0d7119b2c633f14ffb070c2affe2e909	2026_02	10-June-2026	>sp|C0HLG4|KKX1U_UROMN Wasabi receptor toxin OS=Urodacus manicatus OX=1330407 PE=1 SV=1
positive	P0DQB3	61	61	65347218730e358b1a930fb8ec02a51c9c823901977c6bca4151217be00ae64a	2026_02	10-June-2026	>sp|P0DQB3|TXE1A_SCOMO U-scoloptoxin(14)-Sm1a OS=Scolopendra morsitans OX=943129 PE=3 SV=1
positive	P0C832	37	37	ac20e1be1c613ca3b1df1d3b9890a091b3d41a053b00ee125c16be24b069353f	2026_02	10-June-2026	>sp|P0C832|O167_CONST Omega-conotoxin-like S6.7 (Fragment) OS=Conus striatus OX=6493 PE=2 SV=1
positive	P0DKP3	104	104	02969068ec4355d6c3fe349d6b74be2ddb081c494c1b85ecb2e48b68a264f697	2026_02	10-June-2026	>sp|P0DKP3|TU55_IOTCI Turripeptide OL55-like OS=Iotyrris cingulifera OX=553733 PE=2 SV=1
positive	A0A976XK90	140	140	da134f7b8ad58c0dc6460240016a7747001eb4c4826b930e7bea37630afe4068	2026_02	10-June-2026	>sp|A0A976XK90|NAV2A_DENEC Beta/delta-urticatoxin-De2a OS=Dendrocnide excelsa OX=647263 PE=2 SV=1
positive	Q5WPZ4	115	115	a1530c401127117a7c428133ddb3e4dd87101085348f94ba31814f6d1caebc67	2026_02	10-June-2026	>sp|Q5WPZ4|SALO_LUTLO Salivary anti-complement protein OS=Lutzomyia longipalpis OX=7200 PE=1 SV=1
positive	C5H8E7	98	98	9d2f364e546b4b02beadad29fc6ff4e849b2d77ea6ccaa077ea376e8aa30b1a0	2026_02	10-June-2026	>sp|C5H8E7|TICK1_RHIAP R.appendiculatus Kunitz/BPTI-like protein OS=Rhipicephalus appendiculatus OX=34631 PE=1 SV=1
positive	B6DD38	87	87	2418a1fcec27a982d63322fa7ca6ac7575bf66aaf0e831e7a2b87e2925db1d25	2026_02	10-June-2026	>sp|B6DD38|TXE05_LYCSI U14-lycotoxin-Ls1a OS=Lycosa singoriensis OX=434756 PE=2 SV=1
positive	D2CFI7	123	123	adfd3d2e4d3331e81a16c625e61c2a0a97b2f2368f4a17f853b1600a370994c5	2026_02	10-June-2026	>sp|D2CFI7|LA1_OLIMR Venom peptide MmKTx1 OS=Olivierus martensii OX=34649 PE=2 SV=1
positive	P0DPG6	77	77	d6b31f8291afe75ddcf971d7b252f7e621f7a87f50aa1294646dd617e06ad13e	2026_02	10-June-2026	>sp|P0DPG6|CB28_CONMR Conotoxin Mr8.2 OS=Conus marmoreus OX=42752 PE=1 SV=1
positive	H2CYP1	101	101	dfcb3062182e268685fb0f343bf1568345163d2fac8280c957b25f54c887b683	2026_02	10-June-2026	>sp|H2CYP1|LA1_PANCV Venom peptide Pc OS=Pandinus cavimanus OX=217261 PE=2 SV=1
positive	D6C4J8	78	78	f9a28286124583126c3a86df461f2ccb2b09409cfe25c744c683f6dfad650bd2	2026_02	10-June-2026	>sp|D6C4J8|CUE9_CONCL Conotoxin Cl14.9 OS=Californiconus californicus OX=1736779 PE=3 SV=1
positive	D2KKB4	143	143	3a6cf618fb06e1f356dfc4c6c64aaadf1eb3eb84933445b87ba13d257539f1c4	2026_02	10-June-2026	>sp|D2KKB4|TOXPH_AMAPH Cytotoxic L-amino-acid oxidase (Fragment) OS=Amanita phalloides OX=67723 PE=1 SV=1
positive	P0C1X4	85	85	71450c890d0cb31ed41f3715c58909581aaf0777b1d96a3c26a116874932b317	2026_02	10-June-2026	>sp|P0C1X4|TUXA_POLAB Turripeptide PaIAa (Fragment) OS=Polystira albida OX=394106 PE=1 SV=1
positive	A0A3G5BIC2	80	80	f4cf1b0044727451e59327c165cbe8cf514ea853993018c0f8956ed573ab8460	2026_02	10-June-2026	>sp|A0A3G5BIC2|AS1C_DOLGE U-Asilidin(1)-Dg12 OS=Dolopus genitalis OX=2488630 PE=1 SV=1
positive	P0DQE7	107	107	a56b7e3c44e5ceaed0aa41ee2ffac405ee06a742f73488400968a0c995c8ca1e	2026_02	10-June-2026	>sp|P0DQE7|TXI1A_ETHRU U-scoloptoxin(18)-Er1a OS=Ethmostigmus rubripes OX=62613 PE=3 SV=1
positive	D3JWK2	94	94	2197d79fec9ab80624932f280b54ed71c3d8678a8d3766cee98f66f50fe13720	2026_02	10-June-2026	>sp|D3JWK2|CUMA_CONCL Conotoxin Cal22a OS=Californiconus californicus OX=1736779 PE=3 SV=1
positive	P0DQG1	120	120	06db2face8e492e0feeb05856314345c374c7db3ecef75916a91384b3086b2f7	2026_02	10-June-2026	>sp|P0DQG1|TXP1A_ETHRU U-scoloptoxin(25)-Er1a OS=Ethmostigmus rubripes OX=62613 PE=2 SV=1
positive	B1P1J4	134	134	9c75721f6ffb7646003b95c3aabfc23947c19973af0394d94797d100107615ca	2026_02	10-June-2026	>sp|B1P1J4|JZT73_CHIGU U35-theraphotoxin-Cg1a OS=Chilobrachys guangxiensis OX=278060 PE=2 SV=1
positive	A0A835CKX4	85	85	f5a65be5467fe05ce381957248fc7b3a3f198a16dea6d58f4d3807eb5ad02bf6	2026_02	10-June-2026	>sp|A0A835CKX4|TXVN1_APHGI Insecticidal toxin Vn1 OS=Aphidius gifuensis OX=684658 GN=HCN44_007678 PE=2 SV=1
positive	Q3C255	83	83	61f6a9fda6a3a2e5091de4f98acade3002058213c859fb81770fd2351dc66038	2026_02	10-June-2026	>sp|Q3C255|ACR2A_ACTEQ U-actitoxin-Aeq6b OS=Actinia equina OX=6106 PE=1 SV=1
positive	P0DQG5	119	119	bb114d4ba8b105a0f9ec72bc829eb30f2bb1d80e93f143242d3a9593eee8f789	2026_02	10-June-2026	>sp|P0DQG5|TXGBA_ETHRU U-scoloptoxin(16)-Er11a OS=Ethmostigmus rubripes OX=62613 PE=3 SV=1
positive	I6S3A9	114	114	8b9d1b8bac0994e034d4cc2afc2dc9d06f58b5b068323acdd9ee7c0b5b16b845	2026_02	10-June-2026	>sp|I6S3A9|PNX78_SCOMU Putative neurotoxin 7 OS=Scolopendra mutilans OX=2836329 PE=3 SV=1
positive	A7RMN1	84	84	e031b0c2787ab8750ce841818718c878c22247a2456f5e80fed1a3e998b1d092	2026_02	10-June-2026	>sp|A7RMN1|KV51_NEMVE Toxin NvePTx1 OS=Nematostella vectensis OX=45351 GN=v1g239401 PE=1 SV=2
positive	P0DN65	97	97	1f6bf7364cb63c37f3f3dc8e970a864b1e5add8aaa709a1350fa8be3f07116f5	2026_02	10-June-2026	>sp|P0DN65|TM5_TERAN Teretoxin Tan22.5 OS=Terebra anilis OX=553697 PE=3 SV=1
positive	P0DPY2	96	96	86f162e5b98b236b0cc8f6034386658f07edb3bb281086fb8364bcbcaa930380	2026_02	10-June-2026	>sp|P0DPY2|TX61A_SCOMO U-scoloptoxin(06)-Sm1a OS=Scolopendra morsitans OX=943129 PE=3 SV=1
positive	A0A1D0C0W1	132	132	74304543ba846352b60007c00c68333e38c0d621403494629eb240ebdf1ed705	2026_02	10-June-2026	>sp|A0A1D0C0W1|TA1A_HADIN U10-hexatoxin-Hi1a OS=Hadronyche infensa OX=153481 PE=2 SV=1
positive	P0DPE6	83	83	8fe225d53fcc61a89924f75f5d6be0ac7225864ee3d1164c01223896bf4a5f27	2026_02	10-June-2026	>sp|P0DPE6|CJTL8_EPIJA Toxin CjTL8 OS=Epiactis japonica OX=58804 PE=3 SV=1
positive	Q5F1N4	78	78	7c8be1f248ffc0b4b9ae6e8a2925be54c1e256b73c40cb360eab14ad8b54781d	2026_02	10-June-2026	>sp|Q5F1N4|KS4_OLIMR Toxin BmTxKS4 OS=Olivierus martensii OX=34649 PE=3 SV=1
positive	Q53I06	95	95	573c0432fb2217445832ff649e6f10d07c2c672cb91b4c22ac020d26cb76e4b3	2026_02	10-June-2026	>sp|Q53I06|DEFPL_PSENR Fungal defensin plectasin OS=Pseudoplectania nigrella OX=96584 GN=DEF PE=1 SV=1
positive	P0DY41	88	88	f916020ff03b46bb03588da42ab54b9617eaeb11cefa6a52db45112f11f3f2d5	2026_02	10-June-2026	>sp|P0DY41|KTX1_CALPY KTx type I OS=Calliactis polypus OX=656064 GN=c32422_g1_i1 PE=1 SV=1
positive	A0A1Q1NL17	101	101	039d7d372a7a6d36c37cee893fed5281f024017365586b6b5e9462271132a1cd	2026_02	10-June-2026	>sp|A0A1Q1NL17|HA11_HYAAI Kunitz-type anticoagulant protein HA11 OS=Hyalomma asiaticum OX=266040 GN=HA11 PE=2 SV=1
positive	F6KSY2	222	222	ab3a7d57b2637b382d0f2f8066ab1505a67dd79d2c936b535e80e565090890bb	2026_02	10-June-2026	>sp|F6KSY2|SP23_IXOSC Salivary anticoagulant protein P23 OS=Ixodes scapularis OX=6945 PE=1 SV=1
positive	Q04669	171	171	c9a8e735056b2d9ebc02fe106b6529ddb23680ff20851237d67875896346c85e	2026_02	10-June-2026	>sp|Q04669|MOUB_ORNMO Moubatin OS=Ornithodoros moubata OX=6938 PE=1 SV=1
positive	A7SXG9	313	313	c67f6918ba2d963cf9a24b423055a591da0c19a6051bfad0ee46c5490d756be7	2026_02	10-June-2026	>sp|A7SXG9|NEP8_NEMVE Nematocyst expressed protein 8 OS=Nematostella vectensis OX=45351 GN=v1g219037 PE=1 SV=2
positive	T1PQV6	461	461	050e1ad471317b1d951ba5892a35e0c38e8328778ba25853b5e5d8831be1d185	2026_02	10-June-2026	>sp|T1PQV6|JTX2B_CHIFL Toxin CfTX-B OS=Chironex fleckeri OX=45396 PE=1 SV=1
positive	P54355	405	405	5d4bd07029e99a1898c843ff849f3eca5b10300822dc396990e27733fda0a08d	2026_02	10-June-2026	>sp|P54355|ENTM_BACFG Fragilysin OS=Bacteroides fragilis OX=817 GN=btfP PE=1 SV=2
positive	Q9X5C7	234	234	4c1d843cfbf7e6058bdf6d8225fa9b6a4d12b060657871ee14fe8691bdf31fb2	2026_02	10-June-2026	>sp|Q9X5C7|SPEG_STRP1 Exotoxin type G OS=Streptococcus pyogenes serotype M1 OX=301447 GN=speG PE=3 SV=1
positive	A7RJ12	355	355	1ccf4e5701cd473864ad44e0d06d2cda3576b08a38fa2b95fc4afe16857ecf37	2026_02	10-June-2026	>sp|A7RJ12|NEP3_NEMVE Nematocyst expressed protein 3 OS=Nematostella vectensis OX=45351 GN=v1g238654 PE=1 SV=1
positive	Q5WPU8	301	301	2304bd1c1e42b35afc8d2664442243f2c257bc5d4923c52354e9942a817e5600	2026_02	10-June-2026	>sp|Q5WPU8|LUFX_LUTLO Lufaxin OS=Lutzomyia longipalpis OX=7200 PE=1 SV=1
positive	A0A1S4HE90	354	354	3206a26702acae5695675b33f7e346abea0bf4944f126450df4b1b79e387291c	2026_02	10-June-2026	>sp|A0A1S4HE90|D7L3_ANOGA Long form salivary protein D7L3 OS=Anopheles gambiae OX=7165 GN=7DL3 PE=3 SV=1
positive	A0A023VZR2	206	206	779ee10784cfb50896487facd040d029e43c3c23bb95138b50ea8588faec21eb	2026_02	10-June-2026	>sp|A0A023VZR2|TX81A_CORWE U-scoloptoxin(08)-Cw1a OS=Cormocephalus westwoodi OX=1096223 PE=1 SV=1
positive	E3PQQ8	207	207	0bda885de481ecf29af16cc93276d2a21177f8d8127ef9720abe39d2a06825d8	2026_02	10-June-2026	>sp|E3PQQ8|CCAP_CONVL ConoCAP OS=Conus villepinii OX=257347 GN=conoCAP PE=1 SV=1
positive	B5AJT2	431	431	13caf71243569b82ec230466c9f32c1159ae0c3a8925aee51ccfdc1fdf7c93a7	2026_02	10-June-2026	>sp|B5AJT2|VMP01_EULPE Venom metalloproteinase 1 OS=Eulophus pennicornis OX=108749 PE=2 SV=1
positive	P06886	234	234	4f9c9fe6fa826ce4b2d6f9cf80de1410c0230d171860a713e6285731a5f2f621	2026_02	10-June-2026	>sp|P06886|TSST_STAAU Toxic shock syndrome toxin-1 OS=Staphylococcus aureus OX=1280 GN=tst PE=1 SV=1
positive	O18424	300	300	16dfda4bd42a54145d2e00f15577d2d1e33d64bc8020241c3a0cd1ee96873ad6	2026_02	10-June-2026	>sp|O18424|TXLR1_EISFE Lysenin-related protein 1 OS=Eisenia fetida OX=6396 PE=1 SV=1
positive	Q45UF1	213	213	fea339efcd82864a4612b9b8be1a8c6f9e6d4bea1d4bda4973563159fab42ad9	2026_02	10-June-2026	>sp|Q45UF1|NSP4_ROTJ1 Non-structural glycoprotein 4 OS=Rotavirus X (strain RVX/Human/China/NADRV-J19/1997/GXP[X]) OX=335103 PE=3 SV=1
positive	P0DXX1	310	310	762364a55619850533adb77d6887a242b804a3ccb06c6831da30f7c577b3c14d	2026_02	10-June-2026	>sp|P0DXX1|TXU8F_MEGOP U-megalopygitoxin(8)-Mo15 OS=Megalopyge opercularis OX=1113279 PE=1 SV=1
positive	P09807	249	249	b2cd0ff62da3138bf7b3fe6ae40dcd91836afef27e7da6c2fa55165fd59eb382	2026_02	10-June-2026	>sp|P09807|KTXG_KLULA Killer toxin subunit gamma OS=Kluyveromyces lactis (strain ATCC 8585 / CBS 2359 / DSM 70799 / NBRC 1267 / NRRL Y-1140 / WM37) OX=284590 PE=1 SV=1
positive	Q9UB30	165	165	4461d0861b02f41464ed7b290952a08348f63ee1842108729403c852cdda9980	2026_02	10-June-2026	>sp|Q9UB30|D7R1_ANOGA Short form salivary protein D7R1 OS=Anopheles gambiae OX=7165 GN=D7r1 PE=2 SV=1
positive	Q813X6	545	545	8204f13f8394e0ebdc975902b4d00014dac8be2983fff49ca616809d04eb7de2	2026_02	10-June-2026	>sp|Q813X6|TOX1_BACCR Toxin BC_0920 OS=Bacillus cereus (strain ATCC 14579 / DSM 31 / CCUG 7414 / JCM 2152 / NBRC 15305 / NCIMB 9373 / NCTC 2599 / NRRL B-3711) OX=226900 GN=BC_0920 PE=1 SV=1
positive	Q5QGZ2	219	219	f52d50a09387c847b47532e877add6abd09ac1e08f42f57a96c245351ab9229a	2026_02	10-June-2026	>sp|Q5QGZ2|NSP4_ROTGA Non-structural glycoprotein 4 OS=Rotavirus B (isolate RVB/Human/China/ADRV/1982) OX=10942 PE=3 SV=1
positive	Q9ZIU5	750	750	8f4d7bba3fb8b22fd9d2e3296df3dafb618d777e3ad1e65f94c7f206cb23c6d3	2026_02	10-June-2026	>sp|Q9ZIU5|C11BB_BACTV Pesticidal crystal protein Cry11Bb OS=Bacillus thuringiensis subsp. medellin OX=79672 GN=cry11Bb PE=2 SV=1
positive	Q00531	560	560	bf63d419083f310b2de0cd5747cdaf60f860e8485827afcbfdc57f4658a52c97	2026_02	10-June-2026	>sp|Q00531|JI60_HORVU 60 kDa jasmonate-induced protein OS=Hordeum vulgare OX=4513 PE=2 SV=1
positive	Q45755	803	803	ba582d8433d815c4915365e3d9d489be04ed6ac2fdd633aae861757bb939632c	2026_02	10-June-2026	>sp|Q45755|C13AA_BACTU Pesticidal crystal protein Cry13Aa OS=Bacillus thuringiensis OX=1428 GN=cry13Aa PE=2 SV=1
positive	C0HMD5	162	162	176d137f9b95ed39dc4ca7008d883b7b2534a36cbd9abcd0c7597be80a96df14	2026_02	10-June-2026	>sp|C0HMD5|HAEM_HAELO Haemaphysalin OS=Haemaphysalis longicornis OX=44386 PE=1 SV=1
positive	P19247	471	471	244b7c79a1f0bff94e1f702a1609bccb63fce79a67ffd6f6177efb134e149e87	2026_02	10-June-2026	>sp|P19247|VVHA_VIBVU Cytolysin OS=Vibrio vulnificus (strain CMCP6) OX=216895 GN=vvhA PE=1 SV=2
positive	A0A5C1ZXT8	178	178	cde27bc9656c17a9a73e2dd860646ad6ddb6e8c80bc34a31b29a4a075765698b	2026_02	10-June-2026	>sp|A0A5C1ZXT8|COP2_CONPU Conodipine-P2 OS=Conus purpurascens OX=41690 PE=1 SV=1
positive	Q7M3V4	152	152	73538400564fca59ac499cff846f6f6ce93d9ad3dbd60cb675e51257d2954189	2026_02	10-June-2026	>sp|Q7M3V4|PAO1_VESOR Orientotoxin-1 OS=Vespa orientalis OX=7447 PE=1 SV=1
positive	P22244	281	281	76c15a8a621eafbe27aaef2d4b3f6e719bcefb2e7315ec9c4edc27bf3a5aaed7	2026_02	10-June-2026	>sp|P22244|RIP1_HORVU Protein synthesis inhibitor I OS=Hordeum vulgare OX=4513 GN=RIP30 PE=1 SV=2
positive	P0DPZ8	239	239	b42543bc84b41a3e218169921ec7483344f2183e1892a44f8a4619b986b9dd90	2026_02	10-June-2026	>sp|P0DPZ8|TXB3A_SCOMO U-scoloptoxin(11)-Sm3a OS=Scolopendra morsitans OX=943129 PE=2 SV=1
positive	P09545	741	741	fa4dedf692a4abc712047574cb2f84f28f33e55d9088fdd080d39c553e435020	2026_02	10-June-2026	>sp|P09545|HLYA_VIBCH Hemolysin OS=Vibrio cholerae serotype O1 (strain ATCC 39315 / El Tor Inaba N16961) OX=243277 GN=hlyA PE=1 SV=2
positive	A0A6B9KZ90	628	628	65aa09e94fdf0fab53786d606b4b0fcbab8f0a9e9656d645e83ff71e58317b85	2026_02	10-June-2026	>sp|A0A6B9KZ90|RED1_PLARH Venom redulysin 1 OS=Platymeris rhadamanthus OX=1134088 PE=1 SV=1
positive	P39690	708	708	a349adfda037f4d635e2c4dd048fd3b20d6d83c2ef98a203c50a71ddf61cac17	2026_02	10-June-2026	>sp|P39690|KHS1_YEASX Killer toxin KHS OS=Saccharomyces cerevisiae OX=4932 GN=KHS1 PE=1 SV=1
positive	P01546	316	316	a0eb9a31c896804ca5bdffaafcb5a03e6b80351b471719aa7f916e247b8fa885	2026_02	10-June-2026	>sp|P01546|M11P_SCVM1 M1-1 protoxin OS=Saccharomyces cerevisiae killer virus M1 OX=12450 PE=2 SV=1
positive	D4QD81	156	156	b49da4c85afbae35dc43277360770712180ee44911013a8d16fcb6c5a4bf35a3	2026_02	10-June-2026	>sp|D4QD81|LONG_HAELO Longistatin OS=Haemaphysalis longicornis OX=44386 GN=A01M12 PE=1 SV=1
positive	Q06B74	397	397	e021aefbb8e3ab69173a0d90e07877ccd8842c4b80c087aa9465ac58282f95fb	2026_02	10-June-2026	>sp|Q06B74|IRS2_IXORI Iripin-2 OS=Ixodes ricinus OX=34613 PE=1 SV=2
positive	P84786	257	257	073f4929e56c7cb93ff0f7d7e28d1fa47f4f95821e7723e5ab0b907d5888649f	2026_02	10-June-2026	>sp|P84786|RIP_DRIMA Ribosome-inactivating protein charybdin OS=Drimia maritima OX=82070 PE=1 SV=1
positive	P0DJE4	202	202	b7135fd236953eb2609b5c159887c093716d1bad67d93ec910c571d08d583cff	2026_02	10-June-2026	>sp|P0DJE4|LATA_LATMA Alpha-latrotoxin-Lm1a (Fragment) OS=Latrodectus mactans OX=6924 PE=1 SV=1
positive	Q45758	395	395	ae93ceb1ff012477eb74ffa1001fc7dd36197e6994cf1ff3e966042c0c3f4ed0	2026_02	10-June-2026	>sp|Q45758|CR6BA_BACTU Pesticidal crystal protein Cry6Ba (Fragment) OS=Bacillus thuringiensis OX=1428 GN=cry6Ba PE=1 SV=1
positive	Q2G1X0	319	319	99f870698f76c4d934d59c8c5cfb99a2107ac5b6856f9a0d573028e6b515d74d	2026_02	10-June-2026	>sp|Q2G1X0|HLA_STAA8 Alpha-hemolysin OS=Staphylococcus aureus (strain NCTC 8325 / PS 47) OX=93061 GN=hly PE=1 SV=1
positive	P16948	219	219	7aba714a60e78c7d45417c095f57bbd5511ce08986ad5904523eb426e9fec2ec	2026_02	10-June-2026	>sp|P16948|KP6T_UMV6 KP6 killer toxin OS=Ustilago maydis P6 virus OX=11010 PE=1 SV=1
positive	A7L036	462	462	fd2554de6ce5900182ff20691f5d7d4a62ebb31cda823727887a666f9976ef84	2026_02	10-June-2026	>sp|A7L036|JTX12_CHIFL Toxin CfTX-2 OS=Chironex fleckeri OX=45396 PE=1 SV=1
positive	P09332	277	277	11641bbc25a7eeea01fe5e0bec5cb3d9004078592907aa8dfbbe85d939925232	2026_02	10-June-2026	>sp|P09332|ETB_STAAU Exfoliative toxin B OS=Staphylococcus aureus OX=1280 GN=etb PE=1 SV=1
positive	Q9Y0X6	200	200	3686a5d5ac5f2aa297922ee79a5f4ddd0a6427635d76aa11dce389852c6aab44	2026_02	10-June-2026	>sp|Q9Y0X6|YA_OLIMR BmK-YA precursor OS=Olivierus martensii OX=34649 PE=1 SV=2
positive	E2E4F7	185	185	f5c11821e03735b5f47f998f2b3c181d8f49adf7f0fe32656e19470ad7951143	2026_02	10-June-2026	>sp|E2E4F7|CLTX_CARWR Celestoxin OS=Caribicus warreni OX=865857 PE=2 SV=1
positive	M1JMQ7	254	254	65c1106a7e6eef847dd650eb721cdafb6064c88a080e7e34591fff145425122b	2026_02	10-June-2026	>sp|M1JMQ7|D7LC_PHLPP Long form salivary protein D7LC OS=Phlebotomus papatasi OX=29031 GN=D7LC PE=2 SV=1
positive	D1MWE7	196	196	ede7d521e92a1f2cfea7821402f838af223839de49670ad2a14e2d9d7d571718	2026_02	10-June-2026	>sp|D1MWE7|TD60_TRIDM Dimiconin OS=Triatoma dimidiata OX=72491 PE=2 SV=1
positive	P83298	242	242	b90dacb113cf98b2608be358d83d9923bd8688e4d301e374aaae5459650339db	2026_02	10-June-2026	>sp|P83298|FIBC_LUMRU Fibrinolytic enzyme, isozyme C OS=Lumbricus rubellus OX=35632 PE=1 SV=1
positive	Q07338	289	289	34630f5218da2b7e94a3abe5c9e1858236cba4ad534beeef1442edb9a3b628f0	2026_02	10-June-2026	>sp|Q07338|TXPH_PYETR Toxin tox21A OS=Pyemotes tritici OX=6950 PE=2 SV=1
positive	Q962V9	198	198	50f9ba7b9d2994ec404f7e34b0280fcaa532f128ac2f904bc80f6b4cf2eb8496	2026_02	10-June-2026	>sp|Q962V9|HPI_ANCCA Hookworm platelet inhibitor 1 OS=Ancylostoma caninum OX=29170 GN=ANCCAN_03259 PE=1 SV=2
positive	Q6VPT6	257	257	9fbcd355ea25220929cd8fb89e3fe75fb199ef2527e68dc37e4419fe5c8428a6	2026_02	10-June-2026	>sp|Q6VPT6|IPSI1_SARSC Complement inhibitor S-I1 OS=Sarcoptes scabiei OX=52283 PE=1 SV=1
positive	C1IBY2	255	255	1a65bd5aae4b5ffb9d8a72a25f18829b63cedb7dbf045ccf60026a0e763adcc1	2026_02	10-June-2026	>sp|C1IBY2|INH1_TABYA Tabinhibitin 1 OS=Tabanus yao OX=485572 PE=1 SV=1
positive	P85101	234	234	6be285703bdd83dff2f2ba305d7b60f549a9a3200f6fbca90f8010ab6f46188b	2026_02	10-June-2026	>sp|P85101|RIPLY_SILCH Ribosome-inactivating protein lychnin OS=Silene chalcedonica OX=39855 PE=1 SV=1
positive	P33186	316	316	372d8de800bdd9d68513ef76b449b338f25bd7ead9614c305b7978f4fc239e81	2026_02	10-June-2026	>sp|P33186|RIPG_SURMU Ribosome-inactivating protein gelonin OS=Suregada multiflora OX=3979 GN=GEL PE=1 SV=2
positive	P0DJ43	169	169	0f228ee7905f86816dc682373654dbab131a36d8b86b512d73b296e1d1fb0260	2026_02	10-June-2026	>sp|P0DJ43|VM3_MICIK Zinc metalloproteinase-disintegrin-like mikarin (Fragment) OS=Micropechis ikaheca OX=66188 PE=1 SV=1
positive	P0DQA3	219	219	fec88fedca1886f842654451392145644c350bd27b31940664267ac239c42bc7	2026_02	10-June-2026	>sp|P0DQA3|TXB1A_SCODE Kappa-scoloptoxin(11)-Ss1a OS=Scolopendra dehaani OX=2609776 PE=1 SV=1
positive	A8YPR6	308	308	b43dbfb83a3e8a649441ca018b6a6e35da559edbde6178050ccf8ff6ad13a522	2026_02	10-June-2026	>sp|A8YPR6|SVMI_ECHOC Snake venom metalloprotease inhibitor 02D01 OS=Echis ocellatus OX=99586 PE=1 SV=2
positive	A0A8B6XDS4	203	203	f2fa6909d24c3cd2c4818fcf65c23930a2ba979467c8c5d7d21ba3846a62eb14	2026_02	10-June-2026	>sp|A0A8B6XDS4|ACTL2_HYDVU Hydra actinoporin-like toxin 2 OS=Hydra vulgaris OX=6087 PE=2 SV=1
positive	B5U2W0	360	360	bcdfc96bb2060eb137255c80926710e2b24f6a321348b1178d14446844156e3d	2026_02	10-June-2026	>sp|B5U2W0|VSP_BOMIG Venom serine protease Bi-VSP OS=Bombus ignitus OX=130704 PE=1 SV=1
positive	Q6GE13	315	315	2546b75876586c89c02c170a80c3bf78ddda04410761069daee79f112f11479f	2026_02	10-June-2026	>sp|Q6GE13|HLGC_STAAR Gamma-hemolysin component C OS=Staphylococcus aureus (strain MRSA252) OX=282458 GN=hlgC PE=3 SV=1
positive	Q76CA2	275	275	4b8cf4ed4b553ce797c3d400f1ae66928c425d3cb55469ed61ae7258f06dc782	2026_02	10-June-2026	>sp|Q76CA2|ACTP2_MONPT Echotoxin-2 OS=Monoplex parthenopeus OX=230564 PE=1 SV=2
positive	P01552	266	266	d8bfec6fc942ed699776a631422de0eb895853d5b7e23b9f9f14fe5af9d983d2	2026_02	10-June-2026	>sp|P01552|ETXB_STAAU Enterotoxin type B OS=Staphylococcus aureus OX=1280 GN=entB PE=1 SV=1
positive	Q7T3L1	294	294	c62f55bf56962fc48a5a144dd76c8f088a5b9bbf35658447a622b3ef80ffddbc	2026_02	10-June-2026	>sp|Q7T3L1|BRK1A_BOMMX Kininogen-1a OS=Bombina maxima OX=161274 PE=1 SV=1
positive	O87906	675	675	f3d987fae75696a465cc9adcfd81b940f3f6db43533ab2ddb756d8eb42c424eb	2026_02	10-June-2026	>sp|O87906|C25AA_BACTJ Pesticidal crystal protein Cry25Aa OS=Bacillus thuringiensis subsp. jegathesan OX=56955 GN=cry25Aa PE=2 SV=1
positive	C1IBY0	248	248	ae8cba3800912a09aee5f5e93d15093722cb3d1528ac6348074ce302726deafb	2026_02	10-June-2026	>sp|C1IBY0|SER_TABYA Tabserin OS=Tabanus yao OX=485572 PE=2 SV=1
positive	Q964Q0	165	165	da815af51196eaf34b7d59995e7fdac9d08b6afdbfd5a13adedc5d5d1026e12e	2026_02	10-June-2026	>sp|Q964Q0|IXOSP_IXOSC Ixolaris OS=Ixodes scapularis OX=6945 PE=1 SV=1
positive	A0A834R821	498	498	71cefcaa53fce8dfd7b6202d44ea5fc95b92ba08aa5af5ff3a126450c7dcf537	2026_02	10-June-2026	>sp|A0A834R821|SMSB4_SARSC Serpin SMSB4 OS=Sarcoptes scabiei OX=52283 GN=SSS_2327 PE=1 SV=1
positive	Q9S597	826	826	614d19a0aa622217f9ae9495b368322763d11ca75cdb35bedf44d0df3f00bc3c	2026_02	10-June-2026	>sp|Q9S597|C27AA_BACUH Pesticidal crystal protein Cry27Aa OS=Bacillus thuringiensis subsp. higo OX=132266 GN=cry27Aa PE=2 SV=1
positive	P0DPZ6	229	229	01b008508db4791451d3f93c4901f2a7d4dd0718906c8bbd22448d73648e8d0d	2026_02	10-June-2026	>sp|P0DPZ6|TXB2A_SCOAL U-scoloptoxin(11)-Sa2a OS=Scolopendra alternans OX=1329349 PE=2 SV=1
positive	Q4QXT9	483	483	663fd402e90ca825455c859a58a8af1c2750e8781aee77364f3df97b33bbf3ec	2026_02	10-June-2026	>sp|Q4QXT9|FA10_TROCA Coagulation factor X OS=Tropidechis carinatus OX=100989 GN=F10 PE=2 SV=1
positive	Q2XXP1	242	242	8a4385dec72293971b4ede808e49ad62991cbc806e268e9d46fc698fdfff5c29	2026_02	10-June-2026	>sp|Q2XXP1|CRVPB_VARVA Cysteine-rich venom protein VAR11 OS=Varanus varius OX=8559 PE=2 SV=1
positive	P23806	152	152	14b5d2afe512569abbba127dbd82a1ec38fb905fa03250765eb72e94e7d83d22	2026_02	10-June-2026	>sp|P23806|SL9A_PROFL Snaclec coagulation factor IX/factor X-binding protein subunit A OS=Protobothrops flavoviridis OX=88087 PE=1 SV=2
positive	B0X6Z1	313	313	d96f6ffd48cf836c971e03131e011033cfdb41513ac54aeab147cb0937d93461	2026_02	10-June-2026	>sp|B0X6Z1|D7L2_CULQU Long form salivary protein D7L2 OS=Culex quinquefasciatus OX=7176 GN=D7L2 PE=1 SV=1
positive	P0CH47	337	337	5369fb3880da787abe9a386a06a6a892ce55d463d910b594269687c3bfc9bde8	2026_02	10-June-2026	>sp|P0CH47|PA1_VESMG Probable phospholipase A1 magnifin OS=Vespa magnifica OX=202807 PE=1 SV=1
positive	Q70US9	523	523	2ef0e09fd54183013d190206f1a300572b4f2e1c0f10f24ecad09932f30219c2	2026_02	10-June-2026	>sp|Q70US9|VOLK_ADEVO Volkensin (Fragment) OS=Adenia volkensii OX=219186 GN=volk38 PE=1 SV=1
positive	G3CJS0	182	182	ac23d58de2fbcf8069870ff58c75190ad831bccd2e6254f3d10e574ccf90763e	2026_02	10-June-2026	>sp|G3CJS0|DPTL_DIPMA Dipetalodipin OS=Dipetalogaster maximus OX=72496 PE=1 SV=1
positive	U6BLN5	393	393	fa0c37b024396737d5ab115c9d0e0b1e4cf2031b9e7a08d0de3ddd233998ab72	2026_02	10-June-2026	>sp|U6BLN5|VMP_OLIMR Venom metalloproteinase BumaMPs1 OS=Olivierus martensii OX=34649 PE=2 SV=1
positive	Q45744	649	649	2791d963cac7105b75445fd43fc92c10fdb95162701c6b86e36bb8c9cc974a01	2026_02	10-June-2026	>sp|Q45744|CR3CA_BACTK Pesticidal crystal protein Cry3Ca OS=Bacillus thuringiensis subsp. kurstaki OX=29339 GN=cry3Ca PE=2 SV=1
positive	I6VXS1	195	195	c365eb2a5871afebef078e009f5fa1cc9fdf80863fbf0360a55af5807042f949	2026_02	10-June-2026	>sp|I6VXS1|KUN2_RHIHE Anticoagulant protein rhipilin-2 OS=Rhipicephalus haemaphysaloides OX=237073 PE=2 SV=1
positive	P0DKQ8	248	248	3bdd8b72d13bdd9602c35a4f3c8c86f3338221646efc8f976b5a25799e82aec9	2026_02	10-June-2026	>sp|P0DKQ8|ACTP_CONCN Conoporin-Cn1 OS=Conus consors OX=101297 PE=1 SV=1
negative	P18108	29	29	200b4667021c70e35676a1132b0b8da4d9ce50f171b2adb72ce6c80b9f7b02ab	2026_02	10-June-2026	>sp|P18108|GLUC_DIDVI Glucagon OS=Didelphis virginiana OX=9267 GN=GCG PE=1 SV=1
negative	P84452	27	27	0917aea7f6b00603f8d4336a3b6ca5781c1ad50a9c2e1f6a0ab815b041968792	2026_02	10-June-2026	>sp|P84452|ITR5_SECED Trypsin inhibitor 5 OS=Sechium edule OX=184140 PE=1 SV=1
negative	P83395	29	29	1ee613511a14a213feb2223b0bc8a55bc54d6fcfea1325fc0cb16f2bb30e8e61	2026_02	10-June-2026	>sp|P83395|ITR4_CYCPE Trypsin inhibitor 4 OS=Cyclanthera pedata OX=198836 PE=1 SV=1
negative	P68952	29	29	6c6edf5924be5c1df82f95286da4555147a338153b25937d08711d1edcaddf8e	2026_02	10-June-2026	>sp|P68952|GLUC_ANAPL Glucagon OS=Anas platyrhynchos OX=8839 GN=GCG PE=1 SV=1
negative	P42992	27	27	86a9cdf10db4fe7086ccb2e31271592dd1b1e9cd6750dba002d2432f1d56bcd1	2026_02	10-June-2026	>sp|P42992|NEUV_SCLRE Vasotocin-neurophysin VT (Fragment) OS=Sclerophrys regularis OX=1978144 PE=1 SV=1
negative	P68953	29	29	6c6edf5924be5c1df82f95286da4555147a338153b25937d08711d1edcaddf8e	2026_02	10-June-2026	>sp|P68953|GLUC_STRCA Glucagon OS=Struthio camelus OX=8801 GN=GCG PE=1 SV=1
negative	P69044	9	9	11b07a0782ea4a89d4f49a3aef1cd67dc36f5eadacd59593f3fb661eb0d7cc7a	2026_02	10-June-2026	>sp|P69044|NEU1_HIPAM Oxytocin OS=Hippopotamus amphibius OX=9833 GN=OXT PE=1 SV=1
negative	P83396	29	29	7c81d0f44d31de297e24a03b2e961adfbae76e814f7d0e560e74476742ad6ba3	2026_02	10-June-2026	>sp|P83396|ITR5_CYCPE Trypsin inhibitor 5 OS=Cyclanthera pedata OX=198836 PE=1 SV=1
negative	P11968	29	29	ba28fd57cc4f9a6d40f0665598f2fcf5dbb8d936a9d165f11d1595bb4bc40151	2026_02	10-June-2026	>sp|P11968|ITR2_BRYDI Trypsin inhibitor 2 OS=Bryonia dioica OX=3652 PE=1 SV=1
negative	P15427	36	36	9806f709c959a92998642b2d831f6833bfd2a5639173580d37a030f7ccc75631	2026_02	10-June-2026	>sp|P15427|PAHO_AQUCT Pancreatic polypeptide OS=Aquarana catesbeiana OX=8400 GN=ppy PE=1 SV=1
negative	P69046	51	51	7af5b4120c67230ff6245c07c2830ae6f4f4c4a922f5138b174edaf652992f7c	2026_02	10-June-2026	>sp|P69046|INS_LOPPI Insulin OS=Lophius piscatorius OX=8074 GN=ins PE=1 SV=1
negative	P41336	36	36	a86d5d7a52ea7702284292e79cf8222a76434edd474ca162898cf1bb38547a93	2026_02	10-June-2026	>sp|P41336|PAHO_RABIT Pancreatic polypeptide OS=Oryctolagus cuniculus OX=9986 GN=PPY PE=1 SV=1
negative	Q51929	46	46	d2c098e50f1950fb3e8323f7ed470967e8a4dbd434b59b5e6ca8d28a61730c65	2026_02	10-June-2026	>sp|Q51929|CSPA_PHOLD Major cold shock protein (Fragment) OS=Photobacterium leiognathi subsp. mandapamensis OX=48408 GN=cspA PE=3 SV=1
negative	P07440	54	54	27307a836c28e40519e5365a643f5f0da6842c8e587017ea2633acdf29014e3b	2026_02	10-June-2026	>sp|P07440|LECA_LATCI Lectin alpha-1 chain OS=Lathyrus cicera OX=3856 PE=1 SV=1
negative	P37999	36	36	1a081a8e510d708337c7153364fe5edfe67f980555334a1e11acddfd6d12a3e8	2026_02	10-June-2026	>sp|P37999|PAHO_CERSI Pancreatic polypeptide OS=Ceratotherium simum OX=9807 GN=PPY PE=1 SV=2
negative	P12703	51	51	4e256b482352bc970742d4d57bbe79a1a0d7fde18cebf4ca7de702167565a195	2026_02	10-June-2026	>sp|P12703|INS_ALLMI Insulin OS=Alligator mississippiensis OX=8496 GN=INS PE=1 SV=2
negative	Q46051	46	46	59fc5756b7007fb87a104776c215b6809c03b87b2af1fe264d5ea83382d7ab4f	2026_02	10-June-2026	>sp|Q46051|CSPA_CITFR Major cold shock protein (Fragment) OS=Citrobacter freundii OX=546 GN=cspA PE=3 SV=1
negative	P0A9Y0	70	70	ee2659edb764d44038cb1b44939ec8a3b10cc8225c374406bfec54effae027b0	2026_02	10-June-2026	>sp|P0A9Y0|CSPA_ECOL6 Cold shock protein CspA OS=Escherichia coli O6:H1 (strain CFT073 / ATCC 700928 / UPEC) OX=199310 GN=cspA PE=3 SV=2
negative	P07444	54	54	db376cbd3b8bda3b37d1a44a8849a298bb8f1208ab51d60791cbc9bb901ccb4a	2026_02	10-June-2026	>sp|P07444|LECA_LATTI Lectin alpha chain OS=Lathyrus tingitanus OX=3862 PE=1 SV=1
negative	C0HJI4	51	51	50da6bb8df35dada1a3b7f9b9e88c5f82b91fe3d37379aaad666c23e8eba5c02	2026_02	10-June-2026	>sp|C0HJI4|INS_PAGMA Insulin OS=Pagrus major OX=143350 PE=1 SV=1
negative	P12071	30	30	6f0a58a03ebb09282acbc67dd85fbd7ac6169b72bd6f9015032df09cb77f1b19	2026_02	10-June-2026	>sp|P12071|ITR2_ECBEL Trypsin inhibitor 2 OS=Ecballium elaterium OX=3679 PE=1 SV=2
negative	P29206	36	36	3fbec4c0f269d17bbc295b995a00899297fda9bf366c29c5078d709688e43daf	2026_02	10-June-2026	>sp|P29206|PYY_CALRN Peptide YY-like OS=Caliraja rhina OX=3363546 PE=1 SV=1
negative	C0HJJ3	37	37	02385aa0afae1ba15dc0675f5499b1aeb73f482575c65695a5a3b6138c91da12	2026_02	10-June-2026	>sp|C0HJJ3|GLUC1_HUSDA Glucagon-1 OS=Huso dauricus OX=55293 PE=1 SV=1
negative	P0A9Y1	70	70	ee2659edb764d44038cb1b44939ec8a3b10cc8225c374406bfec54effae027b0	2026_02	10-June-2026	>sp|P0A9Y1|CSPA_ECO57 Cold shock protein CspA OS=Escherichia coli O157:H7 OX=83334 GN=cspA PE=3 SV=2
negative	B3A0N2	51	51	49b28ab34ee6f957042cce9e28865328814acec073ecf6027ef71bee29bf8242	2026_02	10-June-2026	>sp|B3A0N2|NLTP_LYCBA Non-specific lipid-transfer protein (Fragment) OS=Lycium barbarum OX=112863 PE=1 SV=1
negative	P01336	51	51	02886a9cc0735dcd0add3ad43fdc5a1e915992707af297a67ee6880ec87f030a	2026_02	10-June-2026	>sp|P01336|INS_GADMC Insulin OS=Gadus morhua subsp. callarias OX=8053 GN=ins PE=1 SV=1
negative	P0A984	70	70	9590f9faf1332e543e638651825218c0cb2244c075bf1bd8a17a003de8f57afc	2026_02	10-June-2026	>sp|P0A984|CSPH_ECO57 Cold shock-like protein CspH OS=Escherichia coli O157:H7 OX=83334 GN=cspH PE=3 SV=1
negative	P06884	66	66	3292f6f2a2b40c79fed1b95f7a5b75eb6a1661eea37bf1493615f436a16c1310	2026_02	10-June-2026	>sp|P06884|PAHO_FELCA Pancreatic polypeptide prohormone (Fragment) OS=Felis catus OX=9685 GN=PPY PE=1 SV=1
negative	P0A1D9	70	70	684bfb833b93a7dfef1550873bd4a6ad07c4acd651ce4184ae2c236a70ced3cc	2026_02	10-June-2026	>sp|P0A1D9|CSPH_SALTY Cold shock-like protein CspH OS=Salmonella typhimurium (strain LT2 / SGSC1412 / ATCC 700720) OX=99287 GN=cspH PE=3 SV=1
negative	P02869	54	54	ac83451987ecaee812536067f3f180a60a2d71f05b71b267d22916a877311986	2026_02	10-June-2026	>sp|P02869|LECA_LATOD Lectin alpha chain OS=Lathyrus odoratus OX=3859 PE=1 SV=1
negative	P0A9Y8	69	69	85f04810fea6f16945f204cdfef06b9558288d923bce6f969c9f09b04b9a91b8	2026_02	10-June-2026	>sp|P0A9Y8|CSPC_ECO57 Cold shock-like protein CspC OS=Escherichia coli O157:H7 OX=83334 GN=cspC PE=3 SV=2
negative	Q6T499	137	137	e283cceb2efb7d7f1976c4ba1b2a8c3278da2c0d1e329eb1c455a0ef8599541f	2026_02	10-June-2026	>sp|Q6T499|RABP1_HIPCM Cellular retinoic acid-binding protein 1 OS=Hippocampus comes OX=109280 GN=crabp1 PE=2 SV=3
negative	P22935	138	138	59014b8c368b2d52c2495355ecec90c082f5cb704c16d538db00b9de682477a4	2026_02	10-June-2026	>sp|P22935|RABP2_MOUSE Cellular retinoic acid-binding protein 2 OS=Mus musculus OX=10090 GN=Crabp2 PE=2 SV=2
negative	P01223	138	138	83266dbb0c4aab07a707c2ac5b89986b18826e86e1561dbe406a93241054f5ff	2026_02	10-June-2026	>sp|P01223|TSHB_BOVIN Thyrotropin subunit beta OS=Bos taurus OX=9913 GN=TSHB PE=1 SV=1
negative	Q9SCZ0	119	119	6c92e9d9910540937d1faca6afaeb429ac3fd4944a348a16e1192743cf8c31a2	2026_02	10-June-2026	>sp|Q9SCZ0|NLTPC_ARATH Non-specific lipid-transfer protein 12 OS=Arabidopsis thaliana OX=3702 GN=LTP12 PE=3 SV=1
negative	P13083	126	126	6954e31ab79facf19c2f96ec3f0fdeb4595adafab63886d80a5e3cdae000d29f	2026_02	10-June-2026	>sp|P13083|PAHO_CAVPO Pancreatic polypeptide prohormone OS=Cavia porcellus OX=10141 GN=PPY PE=1 SV=1
negative	P80071	112	112	546d3c09b82b02fe6b45c78c03f138f69ac342df2c7297a0494430055502e88d	2026_02	10-June-2026	>sp|P80071|LSHB_AQUCT Lutropin subunit beta OS=Aquarana catesbeiana OX=8400 GN=lhb PE=1 SV=1
negative	P35478	101	101	5d2075f254e7cb6fdbb2e71e267204c8f20a173c9f46a9e3646cbc1fcd45fdfe	2026_02	10-June-2026	>sp|P35478|CYTX_BOVIN Stefin-C OS=Bos taurus OX=9913 PE=1 SV=1
negative	P01321	110	110	7ec8b10fa2f5b7e7e5c46b9aeae28e139f9f893fd0788fe4f6d319d157b4a4fe	2026_02	10-June-2026	>sp|P01321|INS_CANLF Insulin OS=Canis lupus familiaris OX=9615 GN=INS PE=1 SV=1
negative	P06768	134	134	d75a262d57f1ab02630347dace5a246f06ee09f48977da711df7a2f7f0ece9ea	2026_02	10-June-2026	>sp|P06768|RET2_RAT Retinol-binding protein 2 OS=Rattus norvegicus OX=10116 GN=Rbp2 PE=1 SV=3
negative	P25417	98	98	d7220b5b8b9a29c1fdda8a0500bfb2bfcef8a1115f18e974e296acdf4c338587	2026_02	10-June-2026	>sp|P25417|CYTB_BOVIN Cystatin-B OS=Bos taurus OX=9913 GN=CSTB PE=1 SV=1
negative	Q733J4	100	100	18607ae8bcc9eb6b2aa4105c2ba16ef45524c3017ee3855db3c39374143315b2	2026_02	10-June-2026	>sp|Q733J4|URE3_BACC1 Urease subunit gamma OS=Bacillus cereus (strain ATCC 10987 / NRS 248) OX=222523 GN=ureA PE=3 SV=1
negative	P14369	148	148	23b3c9115db8795aaf50023404afc22b132077c9fa763ae7013a73fd5fbf4894	2026_02	10-June-2026	>sp|P14369|V251_FOWPN Uncharacterized serpin-like protein FPV251 OS=Fowlpox virus (strain NVSL) OX=928301 GN=FPV251 PE=3 SV=2
negative	P07597	117	117	b24cd8a75fb15965de9f23b1f6b1f1673412d15c4fed2715c0987ffdad854124	2026_02	10-June-2026	>sp|P07597|NLTP1_HORVU Non-specific lipid-transfer protein 1 OS=Hordeum vulgare OX=4513 GN=LTP1 PE=1 SV=1
negative	A0A224AHH8	133	133	3c5aa0d99b764ddb00b3bfc44ecfd919df514f305110884b8d91334d379f31a5	2026_02	10-June-2026	>sp|A0A224AHH8|CYTL_IXOPE Salivary cystatin-L OS=Ixodes persulcatus OX=34615 PE=2 SV=1
negative	Q9PW99	118	118	14eb02030fe96ac220c6c4022d77197ea69e7b27e6eced1cbb6d7cd66dad70a7	2026_02	10-June-2026	>sp|Q9PW99|GTHB1_TRITC Gonadotropin subunit beta-1 OS=Trichopodus trichopterus OX=96903 GN=cgba PE=3 SV=1
negative	Q91121	139	139	0852db1f8d2c30629a21cad97b0b6c0432d17cb85f709e41925e147321467861	2026_02	10-June-2026	>sp|Q91121|GTHB2_MORSA Gonadotropin subunit beta-2 OS=Morone saxatilis OX=34816 GN=cgbb PE=2 SV=2
negative	A0A7G2A2Z3	124	124	5e9b9aa321e91a2fdaaf662ac2b51f1e35bf11335179758fddad42247e20d5f4	2026_02	10-June-2026	>sp|A0A7G2A2Z3|NLTP_MACIN Non-specific lipid-transfer protein OS=Macadamia integrifolia OX=60698 GN=Mac_nsLTP PE=1 SV=1
negative	C0HLG2	91	91	d087cbca0bac74354cbaa730c7f17c9f08301d5a48f6aea49060bb0d80f9861e	2026_02	10-June-2026	>sp|C0HLG2|NLTP1_TRAAM Non-specific lipid-transfer protein 1 OS=Trachyspermum ammi OX=52570 PE=1 SV=1
negative	P01085	124	124	6fe9552ac4dd173faa8a260cfd0cb5e7e906781af0c8f9b01ad974ed216598c0	2026_02	10-June-2026	>sp|P01085|IAA1_WHEAT Alpha-amylase inhibitor 0.19 OS=Triticum aestivum OX=4565 PE=1 SV=1
negative	Q805E8	138	138	21311c88c3b400af67f36d670562df0652f892678833166ae66cff14d72da69c	2026_02	10-June-2026	>sp|Q805E8|ANFB_OREMO Brain natriuretic peptide OS=Oreochromis mossambicus OX=8127 GN=nppb PE=2 SV=1
negative	P16850	145	145	2a78c5e29df681c7fd706206855d31a0cf393b650b7f0d1e17935de6775cd83f	2026_02	10-June-2026	>sp|P16850|IAAC1_WHEAT Alpha-amylase/trypsin inhibitor CM1 OS=Triticum aestivum OX=4565 PE=1 SV=1
negative	C0HKS5	88	88	d3c01efbe50144955f340d44e4982c95d8f9c9daf47ad84f584efce2d518289d	2026_02	10-June-2026	>sp|C0HKS5|IRP4_AGRIP Insulin-related peptide 4 OS=Agrotis ipsilon OX=56364 PE=1 SV=1
negative	P14841	140	140	f9711da5c94473ad5f29bc1553bf521bd341e8315096ff938ef78906843bb15f	2026_02	10-June-2026	>sp|P14841|CYTC_RAT Cystatin-C OS=Rattus norvegicus OX=10116 GN=Cst3 PE=1 SV=2
negative	P50120	134	134	ddc8c64daf61fa7124460c35a4dc245a9d9751743afe8c2d539b6039fdc5a589	2026_02	10-June-2026	>sp|P50120|RET2_HUMAN Retinol-binding protein 2 OS=Homo sapiens OX=9606 GN=RBP2 PE=1 SV=3
negative	P32751	141	141	b6423f546b1fb318ca1aebbd878d1ac0dd5de60835fefa8705a5e78e96a0d341	2026_02	10-June-2026	>sp|P32751|CHLE_MACMU Cholinesterase (Fragment) OS=Macaca mulatta OX=9544 GN=BCHE PE=2 SV=1
negative	P18427	130	130	20b50add965eebfd3b20e057abe9cc776d1e866cfa3717e3c35c98d99d9c4515	2026_02	10-June-2026	>sp|P18427|FSHB_RAT Follitropin subunit beta OS=Rattus norvegicus OX=10116 GN=Fshb PE=2 SV=2
negative	Q17192	92	92	ac9b94fdc62ba15f5f08730b8f3a50d253300b705c939fc411f86a14154146ed	2026_02	10-June-2026	>sp|Q17192|BXA1_BOMMO Bombyxin A-1 OS=Bombyx mori OX=7091 GN=BBXA1 PE=3 SV=1
negative	A0L6F0	100	100	119c76801957f9cd2d16a8dbf272540825af7afaad9ecda2b4235173b62cbe64	2026_02	10-June-2026	>sp|A0L6F0|URE3_MAGMM Urease subunit gamma OS=Magnetococcus marinus (strain ATCC BAA-1437 / JCM 17883 / MC-1) OX=156889 GN=ureA PE=3 SV=1
negative	Q9VT52	120	120	e8694d6fd09c6ebb1ba6301de1f8e4060231e608a2e940ec14a7e812360acf42	2026_02	10-June-2026	>sp|Q9VT52|INSL3_DROME Insulin-like peptide 3 OS=Drosophila melanogaster OX=7227 GN=Ilp3 PE=2 SV=2
negative	Q9SZY3	775	775	e41f3412b661b500da8f85bca772f5a0011e456e8104750b99dbade2260ef7d7	2026_02	10-June-2026	>sp|Q9SZY3|SBT38_ARATH Subtilisin-like protease SBT3.8 OS=Arabidopsis thaliana OX=3702 GN=SBT3.8 PE=3 SV=1
negative	Q7X7E6	158	158	116d6d59d587fcb532e9f75b6795754668100437709909decccdce73e1f67661	2026_02	10-June-2026	>sp|Q7X7E6|AI171_ORYSJ 17kDa alpha-amylase/trypsin inhibitor 1 OS=Oryza sativa subsp. japonica OX=39947 GN=Os07g0216600 PE=1 SV=1
negative	P16218	900	900	c0ad7a00239194c4ec2118f212fbfab73223044412760237471d80b13f4e9c7c	2026_02	10-June-2026	>sp|P16218|GUNH_ACET2 Endoglucanase H OS=Acetivibrio thermocellus (strain ATCC 27405 / DSM 1237 / JCM 9322 / NBRC 103400 / NCIMB 10682 / NRRL B-4536 / VPI 7372) OX=203119 GN=celH PE=1 SV=1
negative	A1B1B9	562	562	9fcba980fadb23cc6674138308b24ed3862e8599a8ce89debb6af2aa14e869b7	2026_02	10-June-2026	>sp|A1B1B9|URE1_PARDP Urease subunit alpha OS=Paracoccus denitrificans (strain Pd 1222) OX=318586 GN=ureC PE=3 SV=1
negative	A1CWF3	403	403	5cf990c2dd84ae7d973d6f394e34077f7fccc96032aafc424e9e745d16375713	2026_02	10-June-2026	>sp|A1CWF3|ORYZ_ASPF1 Alkaline protease 1 OS=Aspergillus fischeri (strain ATCC 1020 / DSM 3700 / CBS 544.65 / FGSC A1164 / JCM 1740 / NRRL 181 / WB 181) OX=331117 GN=alp1 PE=2 SV=1
negative	Q60651	263	263	3c9ae505f2a5bc893d3a0c4fde01690265b00b10f34952f694ce57395c4c5e9a	2026_02	10-June-2026	>sp|Q60651|KLRA4_MOUSE Killer cell lectin-like receptor 4 OS=Mus musculus OX=10090 GN=Klra4 PE=1 SV=2
negative	Q8F4I0	366	366	31ad57e11ff30064c076c8aea4da6f66c097c0403e6bf314eec9bb847a7b09d3	2026_02	10-June-2026	>sp|Q8F4I0|METXA_LEPIN Homoserine O-acetyltransferase OS=Leptospira interrogans serogroup Icterohaemorrhagiae serovar Lai (strain 56601) OX=189518 GN=metXA PE=1 SV=1
negative	O22841	283	283	25c1a3d0137261e886619082f985e20206ded74e2c33b418c829ae6d8921ac73	2026_02	10-June-2026	>sp|O22841|CHI62_ARATH Endochitinase At2g43620 OS=Arabidopsis thaliana OX=3702 GN=At2g43620 PE=3 SV=1
negative	P52278	294	294	d9d873ef12e550187fe722073e43c3386626755d7c4ecba833ca14fa796c9777	2026_02	10-June-2026	>sp|P52278|PIP_LACHE Proline iminopeptidase OS=Lactobacillus helveticus OX=1587 GN=pip PE=1 SV=1
negative	A1XIH5	400	400	795b16bd2d74a7218bc2f997354ed2c7c1d1dac5f67a330eed09b8c457b64143	2026_02	10-June-2026	>sp|A1XIH5|SUB7_TRISD Subtilisin-like protease 7 OS=Trichophyton soudanense OX=69891 GN=SUB7 PE=1 SV=1
negative	Q9XT90	580	580	832daa0d16b95e3d41cadced98e88dc84021f5092983bab29e7e5bf3ead394d4	2026_02	10-June-2026	>sp|Q9XT90|MMP14_PIG Matrix metalloproteinase-14 OS=Sus scrofa OX=9823 GN=MMP14 PE=2 SV=1
negative	P17405	631	631	ffa986b1362e26290f31104710dde830132e1220d24e2a758ec7f30992dbf196	2026_02	10-June-2026	>sp|P17405|ASM_HUMAN Sphingomyelin phosphodiesterase OS=Homo sapiens OX=9606 GN=SMPD1 PE=1 SV=5
negative	P21352	207	207	708f6520885c0097cd3d47384e9451e6a61ddd26b4f5f05c630c45eb918248d1	2026_02	10-June-2026	>sp|P21352|A1AG8_MUSCR Alpha-1-acid glycoprotein 8 OS=Mus caroli OX=10089 GN=Orm8 PE=2 SV=1
negative	Q6RX08	842	842	97b44bfd70e8c4683bdfa89897d058a7428e27ae6b628e457555edc85d7d4431	2026_02	10-June-2026	>sp|Q6RX08|TRPV1_RABIT Transient receptor potential cation channel subfamily V member 1 OS=Oryctolagus cuniculus OX=9986 GN=Trpv1 PE=1 SV=1
negative	Q93WP4	481	481	e8bafbccb57897501f83002602b555d914d661155425c72d435265e6f5073ec8	2026_02	10-June-2026	>sp|Q93WP4|PEPP_ALLCE Phosphoenolpyruvate phosphatase OS=Allium cepa OX=4679 GN=ACPEPP PE=1 SV=1
negative	P53264	445	445	641b1823d17a2648e900d22fdffbc9bbb3bf2291270e049664eb163deb0039e8	2026_02	10-June-2026	>sp|P53264|CLD1_YEAST Cardiolipin-specific deacylase 1, mitochondrial OS=Saccharomyces cerevisiae (strain ATCC 204508 / S288c) OX=559292 GN=CLD1 PE=1 SV=1
negative	P34960	473	473	95d67e3c143dea266a7ba6ab7487a027174868b4251f613ff418f841641b3d49	2026_02	10-June-2026	>sp|P34960|MMP12_MOUSE Macrophage metalloelastase OS=Mus musculus OX=10090 GN=Mmp12 PE=1 SV=3
negative	Q9XZE5	306	306	c98a35b3ca20fcc147661d29e716d490608196f703aa78fe6560f4176ed10b8c	2026_02	10-June-2026	>sp|Q9XZE5|PP2AA_DICDI Serine/threonine-protein phosphatase 2A catalytic subunit A OS=Dictyostelium discoideum OX=44689 GN=pho2a PE=1 SV=1
negative	Q3HRV3	164	164	f9c25c8991cf86a69a620e79a41d3eac26021ee7dd50bdf31e34227b9d6eeca6	2026_02	10-June-2026	>sp|Q3HRV3|CGHB_AOTNA Choriogonadotropin subunit beta OS=Aotus nancymaae OX=37293 GN=CGB PE=2 SV=1
negative	P51909	189	189	e2238b38300d1fb3de54c5c70fd8cb557699d1791692fe4253085efce75face0	2026_02	10-June-2026	>sp|P51909|APOD_CAVPO Apolipoprotein D OS=Cavia porcellus OX=10141 GN=APOD PE=2 SV=1
negative	Q60652	266	266	fb12fcc234b73f8237181b816d2b623e6d7fa4460a9d1ec74a0ccc44c786d6f2	2026_02	10-June-2026	>sp|Q60652|KLRA5_MOUSE Killer cell lectin-like receptor 5 OS=Mus musculus OX=10090 GN=Klra5 PE=1 SV=1
negative	O35608	496	496	b0045def48fe05807453306f7e34770d0527a07b16677fb3bad35958ac95f777	2026_02	10-June-2026	>sp|O35608|ANGP2_MOUSE Angiopoietin-2 OS=Mus musculus OX=10090 GN=Angpt2 PE=1 SV=2
negative	Q0JF21	227	227	a3e9ca01fe765e938b3a336fee536aee966385b248db49771528867b5e91eb49	2026_02	10-June-2026	>sp|Q0JF21|AGI_ORYSJ Lectin OS=Oryza sativa subsp. japonica OX=39947 GN=Os04g0173800 PE=1 SV=1
negative	Q5Z1C4	382	382	18ebc246f5a78ecaa6083fdab606b11eb0d07a29ab71a66c00f8cbd955125120	2026_02	10-June-2026	>sp|Q5Z1C4|METXA_NOCFA Homoserine O-acetyltransferase OS=Nocardia farcinica (strain IFM 10152) OX=247156 GN=metXA PE=3 SV=2
negative	P55798	218	218	737b52f71146d7ab9a5bff874ff68d59c891bfb12585b618074543ccf9be4e31	2026_02	10-June-2026	>sp|P55798|PRP1_ECOLI Serine/threonine-protein phosphatase 1 OS=Escherichia coli (strain K12) OX=83333 GN=pphA PE=1 SV=1
negative	P05637	280	280	e2354bf87d31261023104ee64189ea42903ee3bb9114e101218f8fd952f9c3a7	2026_02	10-June-2026	>sp|P05637|APAH_ECOLI Bis(5'-nucleosyl)-tetraphosphatase [symmetrical] OS=Escherichia coli (strain K12) OX=83333 GN=apaH PE=1 SV=2
negative	P51480	168	168	b00672bb19399b91b9ef1bd6b144f2d4a06aa519ac602b48b1241f5dda2bbca4	2026_02	10-June-2026	>sp|P51480|CDN2A_MOUSE Cyclin-dependent kinase inhibitor 2A OS=Mus musculus OX=10090 GN=Cdkn2a PE=1 SV=2
negative	Q8QFV1	449	449	7ed24bbacb7bc823b4f03a00387b1b5c1cf66808f729dac36b1be744a676d54c	2026_02	10-June-2026	>sp|Q8QFV1|ISM_XENLA Isthmin OS=Xenopus laevis OX=8355 GN=ism1 PE=2 SV=1
negative	Q93T81	570	570	51fd8cb9221b7c126a184d17cb2a2767aaf455301e26b17f51d743811e062f9f	2026_02	10-June-2026	>sp|Q93T81|URE11_BRUAB Urease subunit alpha 1 OS=Brucella abortus biovar 1 (strain 9-941) OX=262698 GN=ureC1 PE=3 SV=1
negative	P46461	745	745	8651a0f50047c1c447fa4f809150b27bf3e0368186e600bd493354c36c998430	2026_02	10-June-2026	>sp|P46461|NSF1_DROME Vesicle-fusing ATPase 1 OS=Drosophila melanogaster OX=7227 GN=comt PE=2 SV=1
negative	C5G168	423	423	821ae7a8574d3488b49b726a6eb8b5bb908900a787228e0a11f4cbf9e7f6c182	2026_02	10-June-2026	>sp|C5G168|SUB2_ARTOC Subtilisin-like protease 2 OS=Arthroderma otae (strain ATCC MYA-4605 / CBS 113480) OX=554155 GN=SUB2 PE=3 SV=1
negative	P0C0T2	885	885	71e522a4ca9c5f8c698ec68c4050cbe7d5d399718029fa19a592dadd1e9c0ffe	2026_02	10-June-2026	>sp|P0C0T2|ANKS6_RAT Ankyrin repeat and SAM domain-containing protein 6 OS=Rattus norvegicus OX=10116 GN=Anks6 PE=1 SV=2
negative	Q8WMX6	475	475	2f1390c3811b538da06efff28c9c26aa419502d9b506192ef9cc200f8d969f4b	2026_02	10-June-2026	>sp|Q8WMX6|ASZ1_PANTR Ankyrin repeat, SAM and basic leucine zipper domain-containing protein 1 OS=Pan troglodytes OX=9598 GN=ASZ1 PE=2 SV=1
negative	Q9SEI2	424	424	b7e3431b51a2e53a553f751ccdb041e521a4095413f3207bb245b9c42340db88	2026_02	10-June-2026	>sp|Q9SEI2|PS6AA_ARATH 26S proteasome regulatory subunit 6A homolog A OS=Arabidopsis thaliana OX=3702 GN=RPT5A PE=1 SV=1
negative	P98089	837	837	742be6ec279a619736dabd6802003ab69ed4c09bb7f81b57c8482f0246ed5907	2026_02	10-June-2026	>sp|P98089|MUC2L_RAT Intestinal mucin-like protein (Fragment) OS=Rattus norvegicus OX=10116 PE=2 SV=1
negative	Q9RYL9	1013	1013	ad127a9b0086aa8f546280dde2688e8e2096797f0c0c2955e2d699dc904ad403	2026_02	10-June-2026	>sp|Q9RYL9|A2MGH_DEIRA Alpha-2-macroglobulin homolog OS=Deinococcus radiodurans (strain ATCC 13939 / DSM 20539 / JCM 16871 / CCUG 27074 / LMG 4051 / NBRC 15346 / NCIMB 9279 / VKM B-1422 / R1) OX=243230 GN=DR_A0293 PE=3 SV=1
negative	Q9UBN4	977	977	b2661d3fa2b00d7c20be9ad512373eaec77f7d0e189362e90ebc1faa6894c4d6	2026_02	10-June-2026	>sp|Q9UBN4|TRPC4_HUMAN Short transient receptor potential channel 4 OS=Homo sapiens OX=9606 GN=TRPC4 PE=1 SV=1
negative	O16171	545	545	346cd3f8ae5889e94b4fc3263698c70a891ee03d6199a240bf935e504417bd6f	2026_02	10-June-2026	>sp|O16171|EST5C_DROPE Esterase-5C OS=Drosophila persimilis OX=7234 GN=Est-5C PE=3 SV=1
negative	O87402	569	569	6bed2fafc87b2ddd6cde853fde0a7ce1f174516011ef10b71204a1d0aa17a2fb	2026_02	10-June-2026	>sp|O87402|URE1_SYNPV Urease subunit alpha OS=Synechococcus sp. (strain WH7805) OX=59931 GN=ureC PE=1 SV=1
negative	Q02157	465	465	6dfa0d6ea36dce61b073d3daa0b8a4b9a719c86b70199ef85cde569e1ea1b647	2026_02	10-June-2026	>sp|Q02157|LIPP_RABIT Pancreatic triacylglycerol lipase OS=Oryctolagus cuniculus OX=9986 GN=PNLIP PE=2 SV=1
negative	Q9WVF9	217	217	dad2c9b39354ca18ca96cba318af119273f0f65de8a48f79464979f0ce5d3918	2026_02	10-June-2026	>sp|Q9WVF9|CLC2I_MOUSE C-type lectin domain family 2 member I OS=Mus musculus OX=10090 GN=Clec2i PE=1 SV=1
negative	O35474	480	480	24f30b6d93e8feee4ef5c5d659dc93c667f4d733196d948b05a4b022cdc61a9d	2026_02	10-June-2026	>sp|O35474|EDIL3_MOUSE EGF-like repeat and discoidin I-like domain-containing protein 3 OS=Mus musculus OX=10090 GN=Edil3 PE=1 SV=2
negative	Q9LNN2	272	272	551b56a3a7e9da6d8c822f2766a0fd6f4608c5286994b02fe44045f2c3e1b6ce	2026_02	10-June-2026	>sp|Q9LNN2|LECT3_ARATH Lectin-like protein At1g53070 OS=Arabidopsis thaliana OX=3702 GN=At1g53070 PE=2 SV=1
negative	P16519	638	638	fbf350b339c252845d48adb89d0d154ec67280fd45d6c3923b140d046865e2e8	2026_02	10-June-2026	>sp|P16519|NEC2_HUMAN Neuroendocrine convertase 2 OS=Homo sapiens OX=9606 GN=PCSK2 PE=1 SV=2
negative	Q5XK91	457	457	550ab5d68b0107791f018432dd0bf1e6f588609c5239a69d94523ff8df064d34	2026_02	10-June-2026	>sp|Q5XK91|FBCDB_XENLA Fibrinogen C domain-containing protein 1-B OS=Xenopus laevis OX=8355 GN=fibcd1-b PE=2 SV=1
negative	Q09023	322	322	a70a4abd38b4d152de87719fb47976da3feb7a5f2d67a63df7bac19d99a768a3	2026_02	10-June-2026	>sp|Q09023|CHI2_BRANA Endochitinase CH25 OS=Brassica napus OX=3708 PE=2 SV=1
negative	Q3U435	615	615	8d6b8c7c55344cb6e4d87ced3d5ba29e6dc6ec4111db5bf54848b71164dd6b94	2026_02	10-June-2026	>sp|Q3U435|MMP25_MOUSE Matrix metalloproteinase-25 OS=Mus musculus OX=10090 GN=Mmp25 PE=2 SV=1
negative	Q2IBF5	475	475	a712723f15b71c2067d5c782b65114ffa29b279b49d799ad6787c5dab116f332	2026_02	10-June-2026	>sp|Q2IBF5|ASZ1_GORGO Ankyrin repeat, SAM and basic leucine zipper domain-containing protein 1 OS=Gorilla gorilla gorilla OX=9595 GN=ASZ1 PE=3 SV=1
negative	Q61216	706	706	58087bfddb0ecfb5f2f5996a3863127d77dcfb34448af2873a5629adc2fc461b	2026_02	10-June-2026	>sp|Q61216|MRE11_MOUSE Double-strand break repair protein MRE11 OS=Mus musculus OX=10090 GN=Mre11 PE=1 SV=1
negative	Q5MAU8	611	611	655b99b4ac5a3d3aac0dab9b7b6c3d3b6e26018ca3783399d8cd5f36c6227774	2026_02	10-June-2026	>sp|Q5MAU8|PPA27_ARATH Probable inactive purple acid phosphatase 27 OS=Arabidopsis thaliana OX=3702 GN=PAP27 PE=2 SV=1
negative	A5IV71	571	571	4b7b245033421cdbfbcff36d8bda1764a94255d618bdeeacf4501ae8e3733a09	2026_02	10-June-2026	>sp|A5IV71|URE1_STAA9 Urease subunit alpha OS=Staphylococcus aureus (strain JH9) OX=359786 GN=ureC PE=3 SV=1
negative	Q13QH4	289	289	6c2da43473a4bdbe03c5f55bebed6e5fe704907c4f417cb6de9c464dfcbf4d8e	2026_02	10-June-2026	>sp|Q13QH4|MHPC_PARXL 2-hydroxy-6-oxononadienedioate/2-hydroxy-6-oxononatrienedioate hydrolase OS=Paraburkholderia xenovorans (strain LB400) OX=266265 GN=mhpC PE=3 SV=1
negative	Q27884	303	303	a11b55f0a92a16dc651d3e340f6b2d77b87ffc8b34d38dca7dc57b8c455c04b4	2026_02	10-June-2026	>sp|Q27884|PPP6_DROME Serine/threonine-protein phosphatase 6 catalytic subunit OS=Drosophila melanogaster OX=7227 GN=PpV PE=2 SV=1
negative	Q8XXT1	572	572	030bd85ea20b842c3afa4fd345ffe6b2d3c155696583586369cea02dbd9ec537	2026_02	10-June-2026	>sp|Q8XXT1|URE1_RALN1 Urease subunit alpha OS=Ralstonia nicotianae (strain ATCC BAA-1114 / GMI1000) OX=267608 GN=ureC PE=3 SV=1
negative	P35792	164	164	37bae0a2e5d35b590d7d2d9f7a3c23c61e9baed62a95f84338d99ce763f6d94d	2026_02	10-June-2026	>sp|P35792|PR12_HORVU Pathogenesis-related protein PRB1-2 OS=Hordeum vulgare OX=4513 PE=2 SV=1
negative	P94669	587	587	34cc7855efed372820eeef25ed71131ad52415772d0f5c35d6fc6a1839bdb3ff	2026_02	10-June-2026	>sp|P94669|URE1_CLOPF Urease subunit alpha OS=Clostridium perfringens OX=1502 GN=ureC PE=3 SV=1
negative	P29794	180	180	f766064ebd4a0ff7fc10c80d1eec764cf1d032eeb8828b7331cda852d44205cb	2026_02	10-June-2026	>sp|P29794|GLUC_CANLF Pro-glucagon OS=Canis lupus familiaris OX=9615 GN=GCG PE=1 SV=2
negative	P98153	550	550	2876aca25c432cfd44a7683fb71adb58115d224d4a236a54e8a8be81583bf4de	2026_02	10-June-2026	>sp|P98153|IDD_HUMAN Integral membrane protein DGCR2/IDD OS=Homo sapiens OX=9606 GN=DGCR2 PE=1 SV=1
negative	Q9LSR9	657	657	0ae1019902aa75d8cbd224cddd47338d4e543738b2a93176c6b1530cb6f62efe	2026_02	10-June-2026	>sp|Q9LSR9|LRK18_ARATH L-type lectin-domain containing receptor kinase I.8 OS=Arabidopsis thaliana OX=3702 GN=LECRK18 PE=2 SV=1
negative	Q6AZT2	600	600	22f800f2c17ee0802d7bc82f5ce47a708748e2bad27151a847bb48e55bec75be	2026_02	10-June-2026	>sp|Q6AZT2|SPAST_XENLA Spastin OS=Xenopus laevis OX=8355 GN=spast PE=2 SV=1
negative	G3V8T1	851	851	60cd104327430f7f4d0eff5393f56def1d53c816668a519045b4c4f83146cd5a	2026_02	10-June-2026	>sp|G3V8T1|MPP8_RAT M-phase phosphoprotein 8 OS=Rattus norvegicus OX=10116 GN=Mphosph8 PE=2 SV=1
negative	A2S877	381	381	2ff0a4abd9cd7d25c6241d7d6cd8e94795e10c7b2fc15878e842b1981689ba65	2026_02	10-June-2026	>sp|A2S877|METXS_BURM9 Homoserine O-succinyltransferase OS=Burkholderia mallei (strain NCTC 10229) OX=412022 GN=metXS PE=3 SV=1
negative	A0A1L9X9H4	524	524	0d8884282815d06398c78ee0d02f416446f37661a856e1e1e0f8a4b8e0d9003f	2026_02	10-June-2026	>sp|A0A1L9X9H4|AACG_ASPA1 Carboxylesterase aacG OS=Aspergillus aculeatus (strain ATCC 16872 / CBS 172.66 / WB 5094) OX=690307 GN=aacG PE=3 SV=2
negative	P98105	549	549	28ddbd2ae07907aef60f7d9b8a00a5b4170293a7800db37277c25b09414cdf6b	2026_02	10-June-2026	>sp|P98105|LYAM2_RAT E-selectin OS=Rattus norvegicus OX=10116 GN=Sele PE=2 SV=1
negative	Q9EPB5	311	311	d06670f3eeab7f8f3614278146dbe9ba88aff294633f5529340f85254286f36f	2026_02	10-June-2026	>sp|Q9EPB5|SERHL_MOUSE Serine hydrolase-like protein OS=Mus musculus OX=10090 GN=Serhl PE=1 SV=1
negative	P00591	450	450	5eff2fd01d5f5046b087f9b53cfc3020ea5cdb1dcddf7575beb6d01e39e633b9	2026_02	10-June-2026	>sp|P00591|LIPP_PIG Pancreatic triacylglycerol lipase OS=Sus scrofa OX=9823 GN=PNLIP PE=1 SV=2
negative	Q9XSM3	730	730	a4462becb29a8e6665a4e0b0ce7eac4770ad9f7526a2ac13a016d9e44721e9bf	2026_02	10-June-2026	>sp|Q9XSM3|TRPV5_RABIT Transient receptor potential cation channel subfamily V member 5 OS=Oryctolagus cuniculus OX=9986 GN=Trpv5 PE=1 SV=1
negative	Q05968	164	164	ed0f5e20139a74a2130858e47905f6e4759d8ba24a25e50dc2e25e8ccbbea423	2026_02	10-June-2026	>sp|Q05968|PR1_HORVU Pathogenesis-related protein 1 OS=Hordeum vulgare OX=4513 PE=2 SV=1
negative	Q1X703	199	199	1d29dc8d6b8caaf6e06ccc192f1d53e2d99844dc2b5ae4b5ad99409268e74b60	2026_02	10-June-2026	>sp|Q1X703|BDNF_MORSI Neurotrophic factor BDNF precursor form (Fragment) OS=Morelia spilota OX=51896 GN=BDNF PE=3 SV=1
negative	Q5XI64	337	337	42e5886fab2ad20705fd252f153cfa88896eb3159511229ebcefa1febab56749	2026_02	10-June-2026	>sp|Q5XI64|ABHD6_RAT Monoacylglycerol lipase ABHD6 OS=Rattus norvegicus OX=10116 GN=Abhd6 PE=1 SV=1
negative	P11218	372	372	4e0e29f1a8627e8ddceed20732a6d62abda602efa6e05cd8df82ef4c993ad2b5	2026_02	10-June-2026	>sp|P11218|AGI_URTDI Lectin/endochitinase 1 OS=Urtica dioica OX=3501 GN=UDA1 PE=1 SV=3
negative	Q0RQS0	575	575	88f4855b3c7e143934a9d4636f7f2fdec290b1f2c141d96c3fb4a0ec5701bf77	2026_02	10-June-2026	>sp|Q0RQS0|URE1_FRAAA Urease subunit alpha OS=Frankia alni (strain DSM 45986 / CECT 9034 / ACN14a) OX=326424 GN=ureC PE=3 SV=1
negative	Q8IV16	184	184	628c21ebef2ac3fd6ebe66d15e85da6a37e050af9a94e07ae43beab99c791a34	2026_02	10-June-2026	>sp|Q8IV16|HDBP1_HUMAN Glycosylphosphatidylinositol-anchored high density lipoprotein-binding protein 1 OS=Homo sapiens OX=9606 GN=GPIHBP1 PE=1 SV=3
negative	P00782	382	382	92e1e61975526bcf28604ded5d205478f67550e94bdc5d56f39aae606bf14f9d	2026_02	10-June-2026	>sp|P00782|SUBT_BACAM Subtilisin BPN' OS=Bacillus amyloliquefaciens OX=1390 GN=apr PE=1 SV=1
negative	B9URJ1	219	219	9a9d9b0b9321cb8211c7190d99485cc887a150ab514b468cfa1705fc7c2cf34d	2026_02	10-June-2026	>sp|B9URJ1|AG5L1_CULNU Antigen 5 like allergen Cul n 1 OS=Culicoides nubeculosus OX=144565 PE=1 SV=1
negative	P29121	655	655	325d9e41d4ab5dc51f2b6ed4284952d2fa27087be6c113bc6db6ab0df191a75e	2026_02	10-June-2026	>sp|P29121|PCSK4_MOUSE Proprotein convertase subtilisin/kexin type 4 OS=Mus musculus OX=10090 GN=Pcsk4 PE=2 SV=1
negative	Q3UMC0	893	893	585f74d330131a3c4ce1d83d4689a0be3a9430b53fd0a7d34c5029859162b7ff	2026_02	10-June-2026	>sp|Q3UMC0|AFG2A_MOUSE ATPase family gene 2 protein homolog A OS=Mus musculus OX=10090 GN=Afg2a PE=1 SV=2
negative	A6TAC7	288	288	5870647ed45de338d72137f6f6b99c0bac3788188d5c0c24fc343940ddd9be86	2026_02	10-June-2026	>sp|A6TAC7|MHPC_KLEP7 2-hydroxy-6-oxononadienedioate/2-hydroxy-6-oxononatrienedioate hydrolase OS=Klebsiella pneumoniae subsp. pneumoniae (strain ATCC 700721 / MGH 78578) OX=272620 GN=mhpC PE=3 SV=1
negative	Q9DBY8	855	855	8ca8a15f4beb3f720c437714c67bd09b833859569ec1574f560f38f2668b0669	2026_02	10-June-2026	>sp|Q9DBY8|NVL_MOUSE Nuclear valosin-containing protein-like OS=Mus musculus OX=10090 GN=Nvl PE=1 SV=1
