scenario,scenario_id,target_n,tau,tau_index,rho,rho_index,n_perturbations,P_stat,S_stat,I_stat,G_stat,selected_C_counts_json,R2_zero_coefficient_fraction,stage_A_AUROC_min,stage_A_AUROC_max,K_t_min,K_t_max
S0,0,100,,0,,0,100,0.5,0.0,0.0,0.0,"{""0.0001"":64,""0.1"":29,""0.3"":7}",0.64,0.31,0.7275,0,127
S0,0,120,,0,,0,100,0.5,31.5,0.0,0.0,"{""0.0001"":50,""0.1"":38,""0.3"":10,""1.0"":2}",0.5,0.3142361111111111,0.685763888888889,0,164
S0,0,139,,0,,0,100,0.5108418367346939,89.0,0.0,0.0,"{""0.0001"":37,""0.1"":54,""0.3"":9}",0.37,0.423469387755102,0.6581632653061225,0,163
S1,1,100,1.118033988749895,4,,0,100,0.50125,53.0,0.0,0.0,"{""0.0001"":33,""0.1"":56,""0.3"":11}",0.33,0.3175,0.7975,0,123
S1,1,120,1.118033988749895,4,,0,100,0.5355902777777778,72.0,0.2573099415204678,0.2573099415204678,"{""0.0001"":26,""0.1"":58,""0.3"":15,""1.0"":1}",0.26,0.4045138888888889,0.7777777777777778,0,160
S1,1,139,1.118033988749895,4,,0,100,0.5784438775510203,93.0,1.0,1.0,"{""0.0001"":15,""0.1"":70,""0.3"":14,""1.0"":1}",0.15,0.3826530612244898,0.7130102040816327,0,198
S1,1,100,1.6770509831248424,5,,0,100,0.72375,48.5,0.2320714285714286,0.2320714285714286,"{""0.0001"":1,""0.1"":85,""0.3"":14}",0.01,0.485,0.915,0,115
S1,1,120,1.6770509831248424,5,,0,100,0.7673611111111112,60.0,0.3571428571428571,0.3571428571428571,"{""0.1"":91,""0.3"":8,""1.0"":1}",0.0,0.5451388888888888,0.8975694444444444,49,147
S1,1,139,1.6770509831248424,5,,0,100,0.8003826530612246,73.0,1.0,1.0,"{""0.1"":95,""0.3"":5}",0.0,0.6173469387755102,0.8941326530612246,73,140
S1,1,100,2.23606797749979,6,,0,100,0.77625,42.0,0.2307692307692307,0.2307692307692307,"{""0.1"":99,""0.3"":1}",0.0,0.5675,0.94,31,110
S1,1,120,2.23606797749979,6,,0,100,0.8046875,53.0,0.3529411764705882,0.3529411764705882,"{""0.1"":99,""0.3"":1}",0.0,0.6336805555555556,0.9097222222222222,39,115
S1,1,139,2.23606797749979,6,,0,100,0.8131377551020409,56.0,1.0,1.0,"{""0.1"":100}",0.0,0.6989795918367347,0.9119897959183674,56,56
S1,1,100,2.7950849718747373,7,,0,100,0.8325,38.5,0.2295081967213114,0.2295081967213114,"{""0.1"":97,""0.3"":3}",0.0,0.6024999999999999,0.95,31,90
S1,1,120,2.7950849718747373,7,,0,100,0.8489583333333334,48.0,0.3623188405797101,0.3623188405797101,"{""0.1"":100}",0.0,0.717013888888889,0.9583333333333336,40,58
S1,1,139,2.7950849718747373,7,,0,100,0.8603316326530612,64.0,1.0,1.0,"{""0.1"":100}",0.0,0.75,0.9438775510204082,64,64
S1,1,100,3.3541019662496847,8,,0,100,0.8899999999999999,28.0,0.238095238095238,0.238095238095238,"{""0.1"":99,""0.3"":1}",0.0,0.78,0.985,19,84
S1,1,120,3.3541019662496847,8,,0,100,0.9253472222222224,34.0,0.3555555555555555,0.3555555555555555,"{""0.1"":100}",0.0,0.8315972222222222,0.984375,26,43
S1,1,139,3.3541019662496847,8,,0,100,0.920280612244898,43.0,1.0,1.0,"{""0.1"":100}",0.0,0.8316326530612245,0.979591836734694,43,43
S2,2,100,0.223606797749979,0,,0,100,0.5,0.0,0.0,0.0,"{""0.0001"":59,""0.1"":26,""0.3"":13,""1.0"":2}",0.59,0.3025,0.7,0,141
S2,2,120,0.223606797749979,0,,0,100,0.5,33.0,0.0,0.0,"{""0.0001"":50,""0.1"":38,""0.3"":12}",0.5,0.3506944444444445,0.6354166666666667,0,161
S2,2,139,0.223606797749979,0,,0,100,0.5,95.0,0.0,0.0,"{""0.0001"":48,""0.1"":40,""0.3"":12}",0.48,0.3724489795918367,0.6096938775510204,0,172
S2,2,100,0.447213595499958,1,,0,100,0.5,54.5,0.0,0.0,"{""0.0001"":37,""0.1"":45,""0.3"":17,""1.0"":1}",0.37,0.3575,0.79,0,136
S2,2,120,0.447213595499958,1,,0,100,0.5295138888888888,71.5,0.0,0.0,"{""0.0001"":31,""0.1"":52,""0.3"":14,""1.0"":3}",0.31,0.4114583333333333,0.7743055555555555,0,171
S2,2,139,0.447213595499958,1,,0,100,0.5433673469387754,89.0,0.5945945945945946,0.5945945945945946,"{""0.0001"":25,""0.1"":61,""0.3"":13,""1.0"":1}",0.25,0.3801020408163265,0.792091836734694,0,188
S2,2,100,0.6708203932499369,2,,0,100,0.5,0.0,0.0,0.0,"{""0.0001"":54,""0.1"":37,""0.3"":7,""1.0"":2}",0.54,0.3674999999999999,0.7250000000000001,0,136
S2,2,120,0.6708203932499369,2,,0,100,0.5,64.0,0.0,0.0,"{""0.0001"":44,""0.1"":52,""0.3"":4}",0.44,0.3993055555555556,0.75,0,149
S2,2,139,0.6708203932499369,2,,0,100,0.5255102040816326,82.0,0.0,0.0,"{""0.0001"":31,""0.1"":66,""0.3"":3}",0.31,0.4336734693877551,0.6900510204081634,0,155
S2,2,100,0.894427190999916,3,,0,100,0.5275000000000001,55.0,0.1451910408432147,0.1451910408432147,"{""0.0001"":25,""0.1"":67,""0.3"":7,""1.0"":1}",0.25,0.405,0.7875000000000001,0,130
S2,2,120,0.894427190999916,3,,0,100,0.578125,71.0,0.2946428571428571,0.2946428571428571,"{""0.0001"":16,""0.1"":81,""0.3"":1,""1.0"":2}",0.16,0.392361111111111,0.7621527777777778,0,176
S2,2,139,0.894427190999916,3,,0,100,0.5931122448979592,89.0,1.0,1.0,"{""0.0001"":9,""0.03"":2,""0.1"":89}",0.09,0.4732142857142857,0.7193877551020409,0,89
S3,3,100,0.223606797749979,0,0.7,0,100,0.5,0.0,0.0,0.0,"{""0.0001"":55,""0.1"":28,""0.3"":12,""1.0"":5}",0.55,0.2825,0.6475000000000001,0,151
S3,3,120,0.223606797749979,0,0.7,0,100,0.5,0.0,0.0,0.0,"{""0.0001"":61,""0.1"":22,""0.3"":16,""1.0"":1}",0.61,0.3506944444444444,0.7222222222222223,0,177
S3,3,139,0.223606797749979,0,0.7,0,100,0.5,0.0,0.0,0.0,"{""0.0001"":60,""0.1"":23,""0.3"":15,""1.0"":2}",0.6,0.360969387755102,0.6288265306122449,0,206
S3,3,100,0.223606797749979,0,0.9,1,100,0.5,0.0,0.0,0.0,"{""0.0001"":71,""0.1"":14,""0.3"":15}",0.71,0.3625,0.7675,0,129
S3,3,120,0.223606797749979,0,0.9,1,100,0.5,0.0,0.0,0.0,"{""0.0001"":56,""0.1"":25,""0.3"":19}",0.56,0.3038194444444444,0.7135416666666667,0,155
S3,3,139,0.223606797749979,0,0.9,1,100,0.5,0.0,0.0,0.0,"{""0.0001"":65,""0.1"":24,""0.3"":10,""1.0"":1}",0.65,0.3163265306122449,0.586734693877551,0,203
S3,3,100,0.223606797749979,0,0.99,2,100,0.5,0.0,0.0,0.0,"{""0.0001"":64,""0.1"":27,""0.3"":9}",0.64,0.3,0.7100000000000001,0,133
S3,3,120,0.223606797749979,0,0.99,2,100,0.5,0.0,0.0,0.0,"{""0.0001"":61,""0.1"":28,""0.3"":8,""1.0"":3}",0.61,0.3645833333333333,0.65625,0,176
S3,3,139,0.223606797749979,0,0.99,2,100,0.5,0.0,0.0,0.0,"{""0.0001"":67,""0.1"":25,""0.3"":8}",0.67,0.3622448979591837,0.5829081632653061,0,174
S3,3,100,0.447213595499958,1,0.7,0,100,0.5,0.0,0.0,0.0,"{""0.0001"":52,""0.1"":31,""0.3"":14,""1.0"":3}",0.52,0.28,0.6950000000000001,0,147
S3,3,120,0.447213595499958,1,0.7,0,100,0.5,0.0,0.0,0.0,"{""0.0001"":59,""0.1"":23,""0.3"":17,""1.0"":1}",0.59,0.3697916666666667,0.6527777777777778,0,169
S3,3,139,0.447213595499958,1,0.7,0,100,0.5,51.0,0.0,0.0,"{""0.0001"":50,""0.1"":34,""0.3"":15,""1.0"":1}",0.5,0.3698979591836735,0.5931122448979592,0,189
S3,3,100,0.447213595499958,1,0.9,1,100,0.5,0.0,0.0,0.0,"{""0.0001"":61,""0.1"":29,""0.3"":10}",0.61,0.3,0.74,0,122
S3,3,120,0.447213595499958,1,0.9,1,100,0.5,0.0,0.0,0.0,"{""0.0001"":62,""0.1"":28,""0.3"":10}",0.62,0.3055555555555556,0.6440972222222222,0,151
S3,3,139,0.447213595499958,1,0.9,1,100,0.5,0.0,0.0,0.0,"{""0.0001"":54,""0.1"":30,""0.3"":13,""1.0"":3}",0.54,0.2551020408163265,0.6441326530612245,0,191
S3,3,100,0.447213595499958,1,0.99,2,100,0.5,0.0,0.0,0.0,"{""0.0001"":54,""0.1"":28,""0.3"":16,""1.0"":2}",0.54,0.2875,0.68,0,152
S3,3,120,0.447213595499958,1,0.99,2,100,0.5,31.0,0.0,0.0,"{""0.0001"":50,""0.1"":33,""0.3"":16,""1.0"":1}",0.5,0.328125,0.6128472222222223,0,166
S3,3,139,0.447213595499958,1,0.99,2,100,0.5,0.0,0.0,0.0,"{""0.0001"":56,""0.1"":26,""0.3"":15,""1.0"":3}",0.56,0.3660714285714285,0.6186224489795918,0,193
S3,3,100,0.6708203932499369,2,0.7,0,100,0.5,53.0,0.0,0.0,"{""0.0001"":41,""0.1"":45,""0.3"":14}",0.41,0.27,0.7474999999999999,0,132
S3,3,120,0.6708203932499369,2,0.7,0,100,0.5329861111111112,68.0,0.2125603864734299,0.2125603864734299,"{""0.0001"":29,""0.1"":60,""0.3"":10,""1.0"":1}",0.29,0.3975694444444444,0.8038194444444445,0,185
S3,3,139,0.6708203932499369,2,0.7,0,100,0.5739795918367347,78.0,1.0,1.0,"{""0.0001"":17,""0.1"":78,""0.3"":5}",0.17,0.4757653061224489,0.7219387755102041,0,153
S3,3,100,0.6708203932499369,2,0.9,1,100,0.5,50.5,0.0,0.0,"{""0.0001"":45,""0.1"":46,""0.3"":8,""1.0"":1}",0.45,0.335,0.7475,0,132
S3,3,120,0.6708203932499369,2,0.9,1,100,0.5260416666666667,68.0,0.0,0.0,"{""0.0001"":31,""0.1"":63,""0.3"":5,""1.0"":1}",0.31,0.3628472222222222,0.7395833333333333,0,167
S3,3,139,0.6708203932499369,2,0.9,1,100,0.5459183673469388,83.0,0.4561403508771929,0.4561403508771929,"{""0.0001"":22,""0.03"":1,""0.1"":70,""0.3"":7}",0.22,0.3737244897959184,0.6823979591836735,0,166
S3,3,100,0.6708203932499369,2,0.99,2,100,0.5,53.0,0.0,0.0,"{""0.0001"":45,""0.1"":41,""0.3"":13,""1.0"":1}",0.45,0.3675,0.6925,0,148
S3,3,120,0.6708203932499369,2,0.99,2,100,0.5,68.0,0.0,0.0,"{""0.0001"":40,""0.1"":55,""0.3"":4,""1.0"":1}",0.4,0.3645833333333333,0.7100694444444444,0,175
S3,3,139,0.6708203932499369,2,0.99,2,100,0.5,84.0,0.0,0.0,"{""0.0001"":38,""0.1"":57,""0.3"":4,""1.0"":1}",0.38,0.413265306122449,0.7040816326530612,0,192
S3,3,100,0.894427190999916,3,0.7,0,100,0.50625,56.5,0.0,0.0,"{""0.0001"":35,""0.1"":49,""0.3"":14,""1.0"":2}",0.35,0.3825,0.8200000000000001,0,143
S3,3,120,0.894427190999916,3,0.7,0,100,0.5321180555555556,76.0,0.2774566473988439,0.2774566473988439,"{""0.0001"":24,""0.1"":54,""0.3"":21,""1.0"":1}",0.24,0.3767361111111111,0.6909722222222222,0,158
S3,3,139,0.894427190999916,3,0.7,0,100,0.5503826530612246,99.0,0.5900621118012422,0.5900621118012422,"{""0.0001"":17,""0.1"":61,""0.3"":20,""1.0"":2}",0.17,0.4145408163265306,0.6913265306122449,0,181
S3,3,100,0.894427190999916,3,0.9,1,100,0.5,56.5,0.0,0.0,"{""0.0001"":33,""0.1"":50,""0.3"":16,""1.0"":1}",0.33,0.2774999999999999,0.7775000000000001,0,129
S3,3,120,0.894427190999916,3,0.9,1,100,0.5373263888888888,74.0,0.2601391042812162,0.2601391042812162,"{""0.0001"":27,""0.1"":56,""0.3"":15,""1.0"":2}",0.27,0.328125,0.734375,0,164
S3,3,139,0.894427190999916,3,0.9,1,100,0.5650510204081634,99.0,0.59375,0.59375,"{""0.0001"":20,""0.1"":57,""0.3"":22,""1.0"":1}",0.2,0.4081632653061224,0.7334183673469388,0,181
S3,3,100,0.894427190999916,3,0.99,2,100,0.5,53.5,0.0,0.0,"{""0.0001"":38,""0.1"":44,""0.3"":17,""1.0"":1}",0.38,0.35,0.8,0,150
S3,3,120,0.894427190999916,3,0.99,2,100,0.537326388888889,74.0,0.2631578947368421,0.2631578947368421,"{""0.0001"":26,""0.1"":53,""0.3"":18,""1.0"":3}",0.26,0.3263888888888889,0.7274305555555556,0,162
S3,3,139,0.894427190999916,3,0.99,2,100,0.5554846938775511,97.0,0.558282208588957,0.558282208588957,"{""0.0001"":18,""0.1"":53,""0.3"":27,""1.0"":2}",0.18,0.4132653061224489,0.7117346938775511,0,184
S3,3,100,1.118033988749895,4,0.7,0,100,0.6212500000000001,53.0,0.2,0.2,"{""0.0001"":11,""0.1"":86,""0.3"":3}",0.11,0.3125,0.8525,0,126
S3,3,120,1.118033988749895,4,0.7,0,100,0.6597222222222223,67.0,0.3480201863354037,0.3480201863354037,"{""0.0001"":5,""0.1"":94,""0.3"":1}",0.05,0.4496527777777778,0.78125,0,132
S3,3,139,1.118033988749895,4,0.7,0,100,0.6823979591836735,76.0,1.0,1.0,"{""0.03"":4,""0.1"":96}",0.0,0.4846938775510204,0.8022959183673469,2,76
S3,3,100,1.118033988749895,4,0.9,1,100,0.6425000000000001,53.0,0.1938775510204081,0.1938775510204081,"{""0.0001"":6,""0.1"":88,""0.3"":6}",0.06,0.4675,0.8025,0,117
S3,3,120,1.118033988749895,4,0.9,1,100,0.642361111111111,68.0,0.3366336633663366,0.3366336633663366,"{""0.0001"":4,""0.1"":90,""0.3"":6}",0.04,0.4305555555555555,0.8055555555555556,0,142
S3,3,139,1.118033988749895,4,0.9,1,100,0.6753826530612245,76.0,1.0,1.0,"{""0.03"":3,""0.1"":97}",0.0,0.485969387755102,0.8176020408163265,2,76
S3,3,100,1.118033988749895,4,0.99,2,100,0.5800000000000001,52.0,0.1573033707865168,0.1573033707865168,"{""0.0001"":21,""0.1"":73,""0.3"":5,""1.0"":1}",0.21,0.39,0.8,0,126
S3,3,120,1.118033988749895,4,0.99,2,100,0.6345486111111112,68.0,0.336734693877551,0.336734693877551,"{""0.0001"":7,""0.1"":91,""0.3"":2}",0.07,0.46875,0.8333333333333334,0,147
S3,3,139,1.118033988749895,4,0.99,2,100,0.6492346938775511,77.0,1.0,1.0,"{""0.0001"":3,""0.03"":1,""0.1"":93,""0.3"":3}",0.03,0.4961734693877551,0.7971938775510203,0,166
S3,3,100,1.6770509831248424,5,0.7,0,100,0.715,51.0,0.2025316455696202,0.2025316455696202,"{""0.1"":96,""0.3"":4}",0.0,0.56,0.8999999999999999,40,117
S3,3,120,1.6770509831248424,5,0.7,0,100,0.7204861111111112,66.0,0.3465346534653465,0.3465346534653465,"{""0.03"":3,""0.1"":97}",0.0,0.5329861111111112,0.8784722222222223,1,78
S3,3,139,1.6770509831248424,5,0.7,0,100,0.7270408163265307,82.0,1.0,1.0,"{""0.03"":16,""0.1"":84}",0.0,0.5599489795918368,0.8367346938775511,3,82
S3,3,100,1.6770509831248424,5,0.9,1,100,0.7437499999999999,49.0,0.1851851851851851,0.1851851851851851,"{""0.03"":1,""0.1"":95,""0.3"":4}",0.0,0.55,0.9125,1,111
S3,3,120,1.6770509831248424,5,0.9,1,100,0.7795138888888888,62.0,0.3195876288659793,0.3195876288659793,"{""0.03"":4,""0.1"":95,""0.3"":1}",0.0,0.5659722222222222,0.8784722222222222,1,133
S3,3,139,1.6770509831248424,5,0.9,1,100,0.739795918367347,78.0,1.0,1.0,"{""0.03"":12,""0.1"":88}",0.0,0.5561224489795918,0.8826530612244897,4,78
S3,3,100,1.6770509831248424,5,0.99,2,100,0.7737499999999999,46.0,0.1733333333333333,0.1733333333333333,"{""0.1"":99,""0.3"":1}",0.0,0.5549999999999999,0.9375,36,111
S3,3,120,1.6770509831248424,5,0.99,2,100,0.782986111111111,60.0,0.3085106382978723,0.3085106382978723,"{""0.03"":1,""0.1"":98,""0.3"":1}",0.0,0.5920138888888888,0.8836805555555556,1,126
S3,3,139,1.6770509831248424,5,0.99,2,100,0.7570153061224489,75.0,1.0,1.0,"{""0.03"":10,""0.1"":90}",0.0,0.6147959183673469,0.8520408163265306,3,75
S3,3,100,2.23606797749979,6,0.7,0,100,0.8262499999999999,42.0,0.2608695652173913,0.2608695652173913,"{""0.1"":97,""0.3"":3}",0.0,0.6625,0.9625,30,103
S3,3,120,2.23606797749979,6,0.7,0,100,0.8350694444444444,53.0,0.410958904109589,0.410958904109589,"{""0.1"":100}",0.0,0.6909722222222222,0.9548611111111112,41,63
S3,3,139,2.23606797749979,6,0.7,0,100,0.8380102040816326,67.0,1.0,1.0,"{""0.1"":100}",0.0,0.6428571428571428,0.9362244897959184,67,67
S3,3,100,2.23606797749979,6,0.9,1,100,0.8362499999999999,40.0,0.2372881355932203,0.2372881355932203,"{""0.1"":99,""0.3"":1}",0.0,0.6075,0.925,28,99
S3,3,120,2.23606797749979,6,0.9,1,100,0.8515625,51.0,0.3866666666666666,0.3866666666666666,"{""0.1"":99,""0.3"":1}",0.0,0.7274305555555556,0.9618055555555556,41,108
S3,3,139,2.23606797749979,6,0.9,1,100,0.8571428571428572,61.0,1.0,1.0,"{""0.1"":99,""0.3"":1}",0.0,0.7665816326530612,0.9387755102040816,61,120
S3,3,100,2.23606797749979,6,0.99,2,100,0.82375,40.0,0.203125,0.203125,"{""0.1"":97,""0.3"":3}",0.0,0.6749999999999999,0.925,30,96
S3,3,120,2.23606797749979,6,0.99,2,100,0.8333333333333334,51.0,0.3623188405797101,0.3623188405797101,"{""0.1"":100}",0.0,0.6979166666666666,0.9392361111111112,38,62
S3,3,139,2.23606797749979,6,0.99,2,100,0.8469387755102041,61.0,1.0,1.0,"{""0.1"":99,""0.3"":1}",0.0,0.7079081632653061,0.9426020408163266,61,122
S3,3,100,2.7950849718747373,7,0.7,0,100,0.82375,41.0,0.3090909090909091,0.3090909090909091,"{""0.1"":94,""0.3"":5,""1.0"":1}",0.0,0.63,0.9375,31,118
S3,3,120,2.7950849718747373,7,0.7,0,100,0.8463541666666667,50.0,0.4492753623188406,0.4492753623188406,"{""0.1"":99,""0.3"":1}",0.0,0.7222222222222223,0.9722222222222224,40,107
S3,3,139,2.7950849718747373,7,0.7,0,100,0.8641581632653061,54.0,1.0,1.0,"{""0.1"":100}",0.0,0.7716836734693877,0.965561224489796,54,54
S3,3,100,2.7950849718747373,7,0.9,1,100,0.8799999999999999,35.0,0.28125,0.28125,"{""0.1"":98,""0.3"":2}",0.0,0.6875,0.9575,23,84
S3,3,120,2.7950849718747373,7,0.9,1,100,0.8975694444444444,42.0,0.4528301886792453,0.4528301886792453,"{""0.1"":100}",0.0,0.732638888888889,0.9826388888888888,31,50
S3,3,139,2.7950849718747373,7,0.9,1,100,0.9088010204081632,48.0,1.0,1.0,"{""0.1"":100}",0.0,0.8035714285714286,0.9668367346938777,48,48
S3,3,100,2.7950849718747373,7,0.99,2,100,0.89125,31.0,0.2340425531914893,0.2340425531914893,"{""0.1"":97,""0.3"":3}",0.0,0.7175,0.9925,24,88
S3,3,120,2.7950849718747373,7,0.99,2,100,0.9131944444444444,38.0,0.4035087719298245,0.4035087719298245,"{""0.1"":100}",0.0,0.78125,0.9809027777777778,32,46
S3,3,139,2.7950849718747373,7,0.99,2,100,0.9139030612244898,46.0,1.0,1.0,"{""0.1"":100}",0.0,0.826530612244898,0.9706632653061223,46,46
S3,3,100,3.3541019662496847,8,0.7,0,100,0.8349999999999999,44.0,0.2318840579710145,0.2318840579710145,"{""0.1"":92,""0.3"":7,""1.0"":1}",0.0,0.6975,0.97,35,114
S3,3,120,3.3541019662496847,8,0.7,0,100,0.8524305555555556,54.0,0.3703703703703703,0.3703703703703703,"{""0.1"":99,""0.3"":1}",0.0,0.671875,0.9513888888888888,42,111
S3,3,139,3.3541019662496847,8,0.7,0,100,0.8552295918367346,68.0,1.0,1.0,"{""0.1"":98,""0.3"":2}",0.0,0.7436224489795918,0.9591836734693878,68,138
S3,3,100,3.3541019662496847,8,0.9,1,100,0.87625,37.5,0.2321428571428571,0.2321428571428571,"{""0.1"":97,""0.3"":2,""1.0"":1}",0.0,0.65,0.9825,26,122
S3,3,120,3.3541019662496847,8,0.9,1,100,0.8836805555555556,47.0,0.3787878787878788,0.3787878787878788,"{""0.1"":100}",0.0,0.7621527777777778,0.9722222222222224,39,60
S3,3,139,3.3541019662496847,8,0.9,1,100,0.8941326530612246,55.0,1.0,1.0,"{""0.1"":100}",0.0,0.7933673469387755,0.9732142857142858,55,55
S3,3,100,3.3541019662496847,8,0.99,2,100,0.875,35.5,0.1967213114754098,0.1967213114754098,"{""0.1"":93,""0.3"":7}",0.0,0.7424999999999999,0.995,24,98
S3,3,120,3.3541019662496847,8,0.99,2,100,0.8975694444444444,45.0,0.3384615384615385,0.3384615384615385,"{""0.1"":100}",0.0,0.7309027777777778,0.9791666666666666,34,60
S3,3,139,3.3541019662496847,8,0.99,2,100,0.903061224489796,59.0,1.0,1.0,"{""0.1"":100}",0.0,0.7767857142857143,0.9910714285714286,59,59
S4,4,100,0.223606797749979,0,,0,100,0.5,0.0,0.0,0.0,"{""0.0001"":69,""0.1"":19,""0.3"":11,""1.0"":1}",0.69,0.27,0.7,0,145
S4,4,120,0.223606797749979,0,,0,100,0.5,0.0,0.0,0.0,"{""0.0001"":77,""0.1"":14,""0.3"":8,""1.0"":1}",0.77,0.2916666666666666,0.546875,0,174
S4,4,139,0.223606797749979,0,,0,100,0.5,0.0,0.0,0.0,"{""0.0001"":75,""0.1"":18,""0.3"":7}",0.75,0.3112244897959184,0.5497448979591836,0,171
S4,4,100,0.447213595499958,1,,0,100,0.5275000000000001,54.0,0.1555555555555555,0.1555555555555555,"{""0.0001"":26,""0.1"":61,""0.3"":13}",0.26,0.4175,0.7925,0,122
S4,4,120,0.447213595499958,1,,0,100,0.5755208333333333,70.0,0.3300485436893204,0.3300485436893204,"{""0.0001"":16,""0.1"":75,""0.3"":9}",0.16,0.4288194444444444,0.84375,0,157
S4,4,139,0.447213595499958,1,,0,100,0.6096938775510203,85.0,1.0,1.0,"{""0.0001"":6,""0.1"":84,""0.3"":9,""1.0"":1}",0.06,0.4566326530612244,0.7461734693877551,0,186
S4,4,100,0.6708203932499369,2,,0,100,0.5,0.0,0.0,0.0,"{""0.0001"":69,""0.1"":16,""0.3"":14,""1.0"":1}",0.69,0.2575,0.71,0,135
S4,4,120,0.6708203932499369,2,,0,100,0.5,0.0,0.0,0.0,"{""0.0001"":82,""0.1"":11,""0.3"":6,""1.0"":1}",0.82,0.3003472222222222,0.5434027777777779,0,176
S4,4,139,0.6708203932499369,2,,0,100,0.5,0.0,0.0,0.0,"{""0.0001"":69,""0.1"":13,""0.3"":18}",0.69,0.2997448979591836,0.5306122448979591,0,171
S4,4,100,0.894427190999916,3,,0,100,0.5,0.0,0.0,0.0,"{""0.0001"":60,""0.1"":24,""0.3"":16}",0.6,0.3325,0.665,0,128
S4,4,120,0.894427190999916,3,,0,100,0.5,74.5,0.0,0.0,"{""0.0001"":46,""0.1"":38,""0.3"":14,""1.0"":2}",0.46,0.3402777777777778,0.6197916666666666,0,171
S4,4,139,0.894427190999916,3,,0,100,0.5,99.0,0.0,0.0,"{""0.0001"":42,""0.1"":31,""0.3"":24,""1.0"":3}",0.42,0.3558673469387755,0.6517857142857143,0,198
S4,4,100,1.118033988749895,4,,0,100,0.5,55.5,0.0,0.0,"{""0.0001"":46,""0.1"":37,""0.3"":17}",0.46,0.2875,0.71,0,128
S4,4,120,1.118033988749895,4,,0,100,0.5,78.0,0.0,0.0,"{""0.0001"":33,""0.1"":42,""0.3"":25}",0.33,0.3402777777777778,0.7152777777777778,0,162
S4,4,139,1.118033988749895,4,,0,100,0.5,97.0,0.0,0.0,"{""0.0001"":43,""0.1"":43,""0.3"":12,""1.0"":2}",0.43,0.3571428571428571,0.6670918367346939,0,198
S4,4,100,1.6770509831248424,5,,0,100,0.5,55.5,0.0,0.0,"{""0.0001"":45,""0.1"":38,""0.3"":14,""1.0"":3}",0.45,0.2925,0.77,0,142
S4,4,120,1.6770509831248424,5,,0,100,0.5,74.0,0.0,0.0,"{""0.0001"":36,""0.1"":51,""0.3"":11,""1.0"":2}",0.36,0.3871527777777778,0.720486111111111,0,165
S4,4,139,1.6770509831248424,5,,0,100,0.5019132653061225,101.0,0.0,0.0,"{""0.0001"":35,""0.1"":57,""0.3"":6,""1.0"":2}",0.35,0.3877551020408163,0.6173469387755103,0,190
S4,4,100,2.23606797749979,6,,0,100,0.5,58.0,0.0,0.0,"{""0.0001"":36,""0.1"":48,""0.3"":14,""1.0"":2}",0.36,0.3974999999999999,0.7525,0,136
S4,4,120,2.23606797749979,6,,0,100,0.5295138888888888,77.0,0.2722222222222222,0.2722222222222222,"{""0.0001"":26,""0.1"":52,""0.3"":22}",0.26,0.3854166666666666,0.7395833333333333,0,154
S4,4,139,2.23606797749979,6,,0,100,0.551658163265306,88.0,0.5240963855421686,0.5240963855421686,"{""0.0001"":19,""0.1"":54,""0.3"":22,""1.0"":5}",0.19,0.4119897959183674,0.7448979591836735,0,190
S4,4,100,2.7950849718747373,7,,0,100,0.5225,61.5,0.1645569620253164,0.1645569620253164,"{""0.0001"":23,""0.1"":45,""0.3"":27,""1.0"":5}",0.23,0.365,0.8075,0,153
S4,4,120,2.7950849718747373,7,,0,100,0.5729166666666667,80.0,0.3040935672514619,0.3040935672514619,"{""0.0001"":17,""0.1"":51,""0.3"":30,""1.0"":2}",0.17,0.4270833333333333,0.7274305555555556,0,172
S4,4,139,2.7950849718747373,7,,0,100,0.5899234693877552,91.0,0.8512820512820513,0.8512820512820513,"{""0.0001"":5,""0.1"":64,""0.3"":30,""1.0"":1}",0.05,0.4056122448979591,0.7525510204081632,0,193
S4,4,100,3.3541019662496847,8,,0,100,0.5,59.5,0.0,0.0,"{""0.0001"":32,""0.1"":46,""0.3"":19,""1.0"":3}",0.32,0.27,0.7050000000000001,0,145
S4,4,120,3.3541019662496847,8,,0,100,0.5329861111111112,76.0,0.2418468628146047,0.2418468628146047,"{""0.0001"":28,""0.1"":49,""0.3"":23}",0.28,0.3923611111111111,0.6840277777777778,0,156
S4,4,139,3.3541019662496847,8,,0,100,0.5197704081632653,91.0,0.4806629834254143,0.4806629834254143,"{""0.0001"":23,""0.03"":1,""0.1"":46,""0.3"":24,""1.0"":6}",0.23,0.389030612244898,0.6594387755102041,0,199
S5,5,100,0.223606797749979,0,,0,100,0.5,0.0,0.0,0.0,"{""0.0001"":71,""0.1"":18,""0.3"":11}",0.71,0.29,0.65,0,129
S5,5,120,0.223606797749979,0,,0,100,0.5,0.0,0.0,0.0,"{""0.0001"":75,""0.1"":21,""0.3"":3,""1.0"":1}",0.75,0.3489583333333333,0.5694444444444444,0,160
S5,5,139,0.223606797749979,0,,0,100,0.5,0.0,0.0,0.0,"{""0.0001"":78,""0.1"":17,""0.3"":5}",0.78,0.2806122448979591,0.5,0,173
S5,5,100,0.447213595499958,1,,0,100,0.5,0.0,0.0,0.0,"{""0.0001"":53,""0.1"":37,""0.3"":10}",0.53,0.36,0.7525,0,125
S5,5,120,0.447213595499958,1,,0,100,0.5,68.0,0.0,0.0,"{""0.0001"":43,""0.1"":45,""0.3"":12}",0.43,0.4236111111111111,0.6805555555555556,0,153
S5,5,139,0.447213595499958,1,,0,100,0.5,92.0,0.0,0.0,"{""0.0001"":39,""0.1"":45,""0.3"":15,""1.0"":1}",0.39,0.4107142857142857,0.6709183673469388,0,186
S5,5,100,0.6708203932499369,2,,0,100,0.5,0.0,0.0,0.0,"{""0.0001"":66,""0.1"":23,""0.3"":8,""1.0"":3}",0.66,0.305,0.6749999999999999,0,146
S5,5,120,0.6708203932499369,2,,0,100,0.5,0.0,0.0,0.0,"{""0.0001"":71,""0.1"":17,""0.3"":12}",0.71,0.296875,0.6822916666666666,0,157
S5,5,139,0.6708203932499369,2,,0,100,0.5,0.0,0.0,0.0,"{""0.0001"":75,""0.1"":17,""0.3"":7,""1.0"":1}",0.75,0.3584183673469387,0.5280612244897959,0,198
S5,5,100,0.894427190999916,3,,0,100,0.5,53.0,0.0,0.0,"{""0.0001"":47,""0.1"":32,""0.3"":20,""1.0"":1}",0.47,0.3475,0.675,0,143
S5,5,120,0.894427190999916,3,,0,100,0.5,78.0,0.2722222222222222,0.2722222222222222,"{""0.0001"":27,""0.1"":53,""0.3"":19,""1.0"":1}",0.27,0.3038194444444444,0.657986111111111,0,163
S5,5,139,0.894427190999916,3,,0,100,0.5,94.0,0.0,0.0,"{""0.0001"":42,""0.1"":28,""0.3"":26,""1.0"":4}",0.42,0.3431122448979592,0.6721938775510204,0,189
S5,5,100,1.118033988749895,4,,0,100,0.5,52.0,0.0,0.0,"{""0.0001"":42,""0.1"":48,""0.3"":9,""1.0"":1}",0.42,0.3925,0.7325,0,139
S5,5,120,1.118033988749895,4,,0,100,0.5,66.0,0.0,0.0,"{""0.0001"":41,""0.1"":53,""0.3"":6}",0.41,0.3645833333333333,0.7083333333333334,0,148
S5,5,139,1.118033988749895,4,,0,100,0.5006377551020408,89.0,0.0,0.0,"{""0.0001"":32,""0.1"":59,""0.3"":9}",0.32,0.3915816326530612,0.6836734693877551,0,167
S5,5,100,1.6770509831248424,5,,0,100,0.5,0.0,0.0,0.0,"{""0.0001"":71,""0.1"":23,""0.3"":5,""1.0"":1}",0.71,0.3325,0.6525,0,147
S5,5,120,1.6770509831248424,5,,0,100,0.5,0.0,0.0,0.0,"{""0.0001"":83,""0.1"":14,""0.3"":3}",0.83,0.3177083333333333,0.5520833333333333,0,159
S5,5,139,1.6770509831248424,5,,0,100,0.5,0.0,0.0,0.0,"{""0.0001"":91,""0.1"":6,""0.3"":3}",0.91,0.326530612244898,0.5,0,182
S5,5,100,2.23606797749979,6,,0,100,0.5,58.0,0.0,0.0,"{""0.0001"":43,""0.1"":34,""0.3"":20,""1.0"":3}",0.43,0.35,0.7825,0,143
S5,5,120,2.23606797749979,6,,0,100,0.5,76.5,0.0,0.0,"{""0.0001"":36,""0.1"":46,""0.3"":16,""1.0"":2}",0.36,0.3645833333333333,0.6770833333333334,0,173
S5,5,139,2.23606797749979,6,,0,100,0.5,101.0,0.4476190476190476,0.4476190476190476,"{""0.0001"":29,""0.1"":49,""0.3"":20,""1.0"":2}",0.29,0.389030612244898,0.6301020408163266,0,203
S5,5,100,2.7950849718747373,7,,0,100,0.5,49.0,0.0,0.0,"{""0.0001"":48,""0.1"":33,""0.3"":19}",0.48,0.32,0.7525000000000001,0,133
S5,5,120,2.7950849718747373,7,,0,100,0.5017361111111112,79.5,0.2672613029033656,0.2672613029033656,"{""0.0001"":27,""0.1"":40,""0.3"":31,""1.0"":2}",0.27,0.3888888888888889,0.7569444444444444,0,171
S5,5,139,2.7950849718747373,7,,0,100,0.5363520408163265,93.0,0.5416666666666666,0.5416666666666666,"{""0.0001"":20,""0.1"":47,""0.3"":29,""1.0"":4}",0.2,0.4183673469387755,0.7270408163265307,0,193
S5,5,100,3.3541019662496847,8,,0,100,0.5,57.0,0.0,0.0,"{""0.0001"":43,""0.1"":38,""0.3"":19}",0.43,0.31,0.6749999999999999,0,126
S5,5,120,3.3541019662496847,8,,0,100,0.5,73.5,0.0,0.0,"{""0.0001"":41,""0.1"":45,""0.3"":14}",0.41,0.3489583333333333,0.7031250000000001,0,162
S5,5,139,3.3541019662496847,8,,0,100,0.5019132653061225,102.0,0.5485714285714286,0.5485714285714286,"{""0.0001"":21,""0.1"":53,""0.3"":21,""1.0"":5}",0.21,0.3826530612244898,0.6492346938775511,0,189
S6,6,100,0.223606797749979,0,0.3,0,100,0.5,54.5,0.0,0.0,"{""0.0001"":42,""0.1"":40,""0.3"":16,""1.0"":2}",0.42,0.3975,0.7100000000000001,0,139
S6,6,120,0.223606797749979,0,0.3,0,100,0.5,71.0,0.0,0.0,"{""0.0001"":42,""0.1"":41,""0.3"":16,""1.0"":1}",0.42,0.3211805555555556,0.7309027777777778,0,163
S6,6,139,0.223606797749979,0,0.3,0,100,0.5153061224489796,93.0,0.5416666666666666,0.5416666666666666,"{""0.0001"":25,""0.1"":55,""0.3"":20}",0.25,0.3724489795918367,0.7040816326530612,0,166
S6,6,100,0.223606797749979,0,0.6,1,100,0.5,57.0,0.0,0.0,"{""0.0001"":40,""0.1"":36,""0.3"":21,""1.0"":3}",0.4,0.3475,0.8575,0,145
S6,6,120,0.223606797749979,0,0.6,1,100,0.5,75.0,0.0,0.0,"{""0.0001"":33,""0.1"":42,""0.3"":24,""1.0"":1}",0.33,0.4027777777777778,0.6631944444444444,0,161
S6,6,139,0.223606797749979,0,0.6,1,100,0.5580357142857143,95.0,0.5411764705882353,0.5411764705882353,"{""0.0001"":20,""0.1"":50,""0.3"":28,""1.0"":2}",0.2,0.3571428571428571,0.7104591836734694,0,179
S6,6,100,0.223606797749979,0,0.9,2,100,0.5,0.0,0.0,0.0,"{""0.0001"":52,""0.1"":36,""0.3"":12}",0.52,0.3425,0.7424999999999999,0,130
S6,6,120,0.223606797749979,0,0.9,2,100,0.5,71.0,0.0,0.0,"{""0.0001"":42,""0.1"":42,""0.3"":14,""1.0"":2}",0.42,0.3993055555555556,0.7291666666666667,0,174
S6,6,139,0.223606797749979,0,0.9,2,100,0.5,90.0,0.0,0.0,"{""0.0001"":34,""0.1"":41,""0.3"":22,""1.0"":3}",0.34,0.4068877551020408,0.6849489795918366,0,180
S6,6,100,0.447213595499958,1,0.3,0,100,0.5,0.0,0.0,0.0,"{""0.0001"":72,""0.1"":20,""0.3"":8}",0.72,0.31,0.615,0,131
S6,6,120,0.447213595499958,1,0.3,0,100,0.5,0.0,0.0,0.0,"{""0.0001"":81,""0.1"":13,""0.3"":6}",0.81,0.2951388888888889,0.579861111111111,0,159
S6,6,139,0.447213595499958,1,0.3,0,100,0.5,0.0,0.0,0.0,"{""0.0001"":85,""0.1"":11,""0.3"":4}",0.85,0.2691326530612244,0.5140306122448979,0,183
S6,6,100,0.447213595499958,1,0.6,1,100,0.5,0.0,0.0,0.0,"{""0.0001"":75,""0.1"":18,""0.3"":7}",0.75,0.2375,0.585,0,128
S6,6,120,0.447213595499958,1,0.6,1,100,0.5,0.0,0.0,0.0,"{""0.0001"":67,""0.1"":25,""0.3"":6,""1.0"":2}",0.67,0.296875,0.6059027777777778,0,178
S6,6,139,0.447213595499958,1,0.6,1,100,0.5,0.0,0.0,0.0,"{""0.0001"":87,""0.1"":12,""0.3"":1}",0.87,0.3252551020408163,0.5012755102040816,0,180
S6,6,100,0.447213595499958,1,0.9,2,100,0.5,0.0,0.0,0.0,"{""0.0001"":73,""0.1"":23,""0.3"":3,""1.0"":1}",0.73,0.2625,0.625,0,153
S6,6,120,0.447213595499958,1,0.9,2,100,0.5,0.0,0.0,0.0,"{""0.0001"":71,""0.1"":27,""0.3"":1,""1.0"":1}",0.71,0.1979166666666666,0.5833333333333334,0,173
S6,6,139,0.447213595499958,1,0.9,2,100,0.5,0.0,0.0,0.0,"{""0.0001"":78,""0.1"":15,""0.3"":7}",0.78,0.3048469387755102,0.5038265306122448,0,179
S6,6,100,0.6708203932499369,2,0.3,0,100,0.55125,58.0,0.1677852348993288,0.1677852348993288,"{""0.0001"":24,""0.1"":60,""0.3"":14,""1.0"":2}",0.24,0.4075,0.8,0,144
S6,6,120,0.6708203932499369,2,0.3,0,100,0.5807291666666666,75.0,0.3106796116504854,0.3106796116504854,"{""0.0001"":15,""0.1"":65,""0.3"":19,""1.0"":1}",0.15,0.375,0.7812499999999999,0,170
S6,6,139,0.6708203932499369,2,0.3,0,100,0.603954081632653,88.0,1.0,1.0,"{""0.0001"":5,""0.1"":73,""0.3"":20,""1.0"":2}",0.05,0.4489795918367347,0.7091836734693878,0,183
S6,6,100,0.6708203932499369,2,0.6,1,100,0.57125,57.5,0.1743305144467935,0.1743305144467935,"{""0.0001"":18,""0.1"":55,""0.3"":25,""1.0"":2}",0.18,0.3775,0.7725,0,136
S6,6,120,0.6708203932499369,2,0.6,1,100,0.6119791666666667,75.5,0.3342967244701348,0.3342967244701348,"{""0.0001"":6,""0.1"":76,""0.3"":18}",0.06,0.3315972222222222,0.8003472222222223,0,148
S6,6,139,0.6708203932499369,2,0.6,1,100,0.6256377551020408,92.0,1.0,1.0,"{""0.0001"":1,""0.1"":86,""0.3"":11,""1.0"":2}",0.01,0.3762755102040817,0.7525510204081634,0,188
S6,6,100,0.6708203932499369,2,0.9,2,100,0.595,56.0,0.1797752808988764,0.1797752808988764,"{""0.0001"":13,""0.1"":67,""0.3"":20}",0.13,0.3775,0.8425,0,123
S6,6,120,0.6708203932499369,2,0.9,2,100,0.626736111111111,73.0,0.3333333333333333,0.3333333333333333,"{""0.0001"":4,""0.1"":83,""0.3"":13}",0.04,0.4409722222222222,0.8333333333333334,0,142
S6,6,139,0.6708203932499369,2,0.9,2,100,0.6524234693877551,86.0,1.0,1.0,"{""0.0001"":2,""0.1"":84,""0.3"":14}",0.02,0.4923469387755102,0.8035714285714286,0,149
S6,6,100,0.894427190999916,3,0.3,0,100,0.565,59.5,0.1739130434782608,0.1739130434782608,"{""0.0001"":22,""0.1"":46,""0.3"":30,""1.0"":2}",0.22,0.3575,0.84,0,149
S6,6,120,0.894427190999916,3,0.3,0,100,0.5755208333333334,74.5,0.3117647058823529,0.3117647058823529,"{""0.0001"":14,""0.1"":64,""0.3"":21,""1.0"":1}",0.14,0.3854166666666666,0.763888888888889,0,165
S6,6,139,0.894427190999916,3,0.3,0,100,0.5975765306122449,88.0,1.0,1.0,"{""0.0001"":4,""0.1"":82,""0.3"":13,""1.0"":1}",0.04,0.3354591836734694,0.778061224489796,0,192
S6,6,100,0.894427190999916,3,0.6,1,100,0.5725,58.0,0.202127659574468,0.202127659574468,"{""0.0001"":10,""0.1"":73,""0.3"":15,""1.0"":2}",0.1,0.2625,0.7875,0,139
S6,6,120,0.894427190999916,3,0.6,1,100,0.6171875,73.0,0.3311258278145695,0.3311258278145695,"{""0.0001"":8,""0.1"":77,""0.3"":14,""1.0"":1}",0.08,0.4531249999999999,0.8038194444444444,0,163
S6,6,139,0.894427190999916,3,0.6,1,100,0.6358418367346939,79.0,1.0,1.0,"{""0.0001"":1,""0.1"":84,""0.3"":15}",0.01,0.4119897959183674,0.7576530612244898,0,159
S6,6,100,0.894427190999916,3,0.9,2,100,0.595,55.0,0.1888888888888888,0.1888888888888888,"{""0.0001"":11,""0.1"":78,""0.3"":11}",0.11,0.3925,0.8175,0,122
S6,6,120,0.894427190999916,3,0.9,2,100,0.6258680555555556,71.0,0.3366336633663366,0.3366336633663366,"{""0.0001"":5,""0.1"":81,""0.3"":12,""1.0"":2}",0.05,0.4392361111111111,0.7881944444444444,0,162
S6,6,139,0.894427190999916,3,0.9,2,100,0.6377551020408163,79.0,1.0,1.0,"{""0.0001"":1,""0.1"":87,""0.3"":10,""1.0"":2}",0.01,0.5,0.7576530612244898,0,183
S6,6,100,1.118033988749895,4,0.3,0,100,0.5737500000000001,52.5,0.1595744680851064,0.1595744680851064,"{""0.0001"":25,""0.1"":63,""0.3"":11,""1.0"":1}",0.25,0.425,0.7849999999999999,0,133
S6,6,120,1.118033988749895,4,0.3,0,100,0.6145833333333334,70.0,0.3428571428571428,0.3428571428571428,"{""0.0001"":8,""0.1"":85,""0.3"":7}",0.08,0.4392361111111111,0.7899305555555556,0,145
S6,6,139,1.118033988749895,4,0.3,0,100,0.6275510204081632,89.0,1.0,1.0,"{""0.0001"":5,""0.1"":90,""0.3"":5}",0.05,0.4017857142857142,0.7704081632653061,0,148
S6,6,100,1.118033988749895,4,0.6,1,100,0.61125,55.0,0.1904761904761904,0.1904761904761904,"{""0.0001"":11,""0.1"":83,""0.3"":5,""1.0"":1}",0.11,0.4325,0.7925000000000001,0,140
S6,6,120,1.118033988749895,4,0.6,1,100,0.6475694444444444,70.0,0.3461538461538461,0.3461538461538461,"{""0.0001"":3,""0.1"":92,""0.3"":5}",0.03,0.4670138888888889,0.8472222222222222,0,139
S6,6,139,1.118033988749895,4,0.6,1,100,0.6473214285714286,86.0,1.0,1.0,"{""0.0001"":1,""0.1"":97,""0.3"":2}",0.01,0.4961734693877551,0.8290816326530612,0,160
S6,6,100,1.118033988749895,4,0.9,2,100,0.6299999999999999,53.0,0.174757281553398,0.174757281553398,"{""0.0001"":9,""0.1"":83,""0.3"":8}",0.09,0.4275,0.8274999999999999,0,123
S6,6,120,1.118033988749895,4,0.9,2,100,0.6354166666666667,68.5,0.3431372549019608,0.3431372549019608,"{""0.0001"":4,""0.1"":92,""0.3"":4}",0.04,0.4322916666666666,0.8368055555555556,0,145
S6,6,139,1.118033988749895,4,0.9,2,100,0.6664540816326531,82.0,1.0,1.0,"{""0.0001"":2,""0.1"":93,""0.3"":5}",0.02,0.4923469387755101,0.8227040816326531,0,147
S6,6,100,1.6770509831248424,5,0.3,0,100,0.6225,53.0,0.1958762886597938,0.1958762886597938,"{""0.0001"":9,""0.1"":82,""0.3"":9}",0.09,0.415,0.87,0,117
S6,6,120,1.6770509831248424,5,0.3,0,100,0.671875,68.0,0.3269230769230769,0.3269230769230769,"{""0.0001"":3,""0.1"":92,""0.3"":5}",0.03,0.5,0.845486111111111,0,139
S6,6,139,1.6770509831248424,5,0.3,0,100,0.6823979591836735,92.0,1.0,1.0,"{""0.1"":100}",0.0,0.5663265306122449,0.7857142857142857,92,92
S6,6,100,1.6770509831248424,5,0.6,1,100,0.6412500000000001,57.5,0.1904761904761904,0.1904761904761904,"{""0.0001"":5,""0.1"":88,""0.3"":7}",0.05,0.3675,0.8375,0,125
S6,6,120,1.6770509831248424,5,0.6,1,100,0.6657986111111112,73.5,0.3243243243243243,0.3243243243243243,"{""0.1"":90,""0.3"":10}",0.0,0.4149305555555556,0.8090277777777777,60,148
S6,6,139,1.6770509831248424,5,0.6,1,100,0.6887755102040816,95.0,1.0,1.0,"{""0.1"":97,""0.3"":3}",0.0,0.5165816326530612,0.8048469387755102,95,168
S6,6,100,1.6770509831248424,5,0.9,2,100,0.695,53.0,0.1875,0.1875,"{""0.0001"":1,""0.1"":90,""0.3"":8,""1.0"":1}",0.01,0.475,0.9275,0,139
S6,6,120,1.6770509831248424,5,0.9,2,100,0.7126736111111112,68.0,0.3195876288659793,0.3195876288659793,"{""0.1"":98,""0.3"":2}",0.0,0.545138888888889,0.8958333333333333,54,137
S6,6,139,1.6770509831248424,5,0.9,2,100,0.7104591836734694,82.0,1.0,1.0,"{""0.1"":99,""0.3"":1}",0.0,0.586734693877551,0.8596938775510204,82,163
S6,6,100,2.23606797749979,6,0.3,0,100,0.77625,47.0,0.2352941176470588,0.2352941176470588,"{""0.1"":97,""0.3"":3}",0.0,0.505,0.9125,31,109
S6,6,120,2.23606797749979,6,0.3,0,100,0.7864583333333334,58.0,0.4050632911392405,0.4050632911392405,"{""0.1"":100}",0.0,0.6076388888888888,0.9322916666666669,44,70
S6,6,139,2.23606797749979,6,0.3,0,100,0.7946428571428572,64.0,1.0,1.0,"{""0.03"":1,""0.1"":99}",0.0,0.5433673469387755,0.8826530612244898,3,64
S6,6,100,2.23606797749979,6,0.6,1,100,0.765,48.0,0.2413793103448276,0.2413793103448276,"{""0.1"":94,""0.3"":5,""1.0"":1}",0.0,0.5900000000000001,0.92,37,120
S6,6,120,2.23606797749979,6,0.6,1,100,0.7769097222222223,61.0,0.4189189189189189,0.4189189189189189,"{""0.1"":99,""0.3"":1}",0.0,0.5624999999999999,0.8923611111111112,49,106
S6,6,139,2.23606797749979,6,0.6,1,100,0.798469387755102,70.0,1.0,1.0,"{""0.03"":1,""0.1"":98,""0.3"":1}",0.0,0.5905612244897959,0.927295918367347,4,143
S6,6,100,2.23606797749979,6,0.9,2,100,0.8049999999999999,46.0,0.2261904761904762,0.2261904761904762,"{""0.1"":95,""0.3"":5}",0.0,0.585,0.955,34,110
S6,6,120,2.23606797749979,6,0.9,2,100,0.8064236111111112,56.0,0.3975903614457831,0.3975903614457831,"{""0.1"":100}",0.0,0.6684027777777778,0.9097222222222224,46,68
S6,6,139,2.23606797749979,6,0.9,2,100,0.8163265306122449,64.0,1.0,1.0,"{""0.03"":1,""0.1"":99}",0.0,0.5982142857142857,0.9107142857142856,11,64
S6,6,100,2.7950849718747373,7,0.3,0,100,0.76375,46.0,0.2296189632255206,0.2296189632255206,"{""0.1"":98,""0.3"":2}",0.0,0.6325000000000001,0.8975,33,110
S6,6,120,2.7950849718747373,7,0.3,0,100,0.7829861111111112,58.0,0.367816091954023,0.367816091954023,"{""0.1"":95,""0.3"":5}",0.0,0.59375,0.9305555555555556,50,129
S6,6,139,2.7950849718747373,7,0.3,0,100,0.8067602040816326,74.0,1.0,1.0,"{""0.03"":3,""0.1"":97}",0.0,0.645408163265306,0.9336734693877552,3,74
S6,6,100,2.7950849718747373,7,0.6,1,100,0.77,49.0,0.2432432432432432,0.2432432432432432,"{""0.1"":93,""0.3"":7}",0.0,0.5800000000000001,0.9325,36,109
S6,6,120,2.7950849718747373,7,0.6,1,100,0.7786458333333334,61.0,0.3829787234042553,0.3829787234042553,"{""0.03"":1,""0.1"":98,""0.3"":1}",0.0,0.5520833333333334,0.9027777777777778,3,135
S6,6,139,2.7950849718747373,7,0.6,1,100,0.7991071428571428,72.0,1.0,1.0,"{""0.1"":99,""0.3"":1}",0.0,0.6760204081632653,0.917091836734694,72,141
S6,6,100,2.7950849718747373,7,0.9,2,100,0.81125,45.0,0.2222222222222222,0.2222222222222222,"{""0.1"":98,""0.3"":2}",0.0,0.6025,0.955,37,109
S6,6,120,2.7950849718747373,7,0.9,2,100,0.8220486111111112,56.0,0.3614457831325301,0.3614457831325301,"{""0.03"":1,""0.1"":99}",0.0,0.6354166666666666,0.9253472222222224,2,68
S6,6,139,2.7950849718747373,7,0.9,2,100,0.8246173469387755,74.0,1.0,1.0,"{""0.1"":99,""0.3"":1}",0.0,0.6900510204081632,0.9119897959183672,74,132
S6,6,100,3.3541019662496847,8,0.3,0,100,0.90125,32.0,0.2456140350877192,0.2456140350877192,"{""0.1"":99,""0.3"":1}",0.0,0.7,0.9925,24,74
S6,6,120,3.3541019662496847,8,0.3,0,100,0.9131944444444444,39.0,0.365079365079365,0.365079365079365,"{""0.1"":100}",0.0,0.8125,0.984375,31,47
S6,6,139,3.3541019662496847,8,0.3,0,100,0.9272959183673468,46.0,1.0,1.0,"{""0.1"":100}",0.0,0.8112244897959184,0.971938775510204,46,46
S6,6,100,3.3541019662496847,8,0.6,1,100,0.89375,37.0,0.2777777777777778,0.2777777777777778,"{""0.1"":88,""0.3"":12}",0.0,0.6825,0.9875,25,99
S6,6,120,3.3541019662496847,8,0.6,1,100,0.9079861111111112,42.5,0.4153846153846154,0.4153846153846154,"{""0.1"":100}",0.0,0.7899305555555556,0.9739583333333331,34,53
S6,6,139,3.3541019662496847,8,0.6,1,100,0.9145408163265304,55.0,1.0,1.0,"{""0.1"":99,""0.3"":1}",0.0,0.8022959183673469,0.985969387755102,55,111
S6,6,100,3.3541019662496847,8,0.9,2,100,0.92,34.0,0.2549019607843137,0.2549019607843137,"{""0.1"":97,""0.3"":3}",0.0,0.7825,0.99,23,85
S6,6,120,3.3541019662496847,8,0.9,2,100,0.9131944444444444,41.5,0.392156862745098,0.392156862745098,"{""0.1"":99,""0.3"":1}",0.0,0.7482638888888888,0.96875,31,88
S6,6,139,3.3541019662496847,8,0.9,2,100,0.9221938775510204,48.0,1.0,1.0,"{""0.1"":100}",0.0,0.8239795918367347,0.9834183673469388,48,48
S7,7,100,0.223606797749979,0,,0,100,0.5,0.0,0.0,0.0,"{""0.0001"":59,""0.1"":26,""0.3"":14,""1.0"":1}",0.59,0.3324999999999999,0.6275,0,141
S7,7,120,0.223606797749979,0,,0,100,0.5,0.0,0.0,0.0,"{""0.0001"":53,""0.1"":35,""0.3"":12}",0.53,0.3472222222222222,0.6197916666666666,0,151
S7,7,139,0.223606797749979,0,,0,100,0.5,84.0,0.0,0.0,"{""0.0001"":49,""0.1"":42,""0.3"":9}",0.49,0.3469387755102041,0.6670918367346939,0,163
S7,7,100,0.447213595499958,1,,0,100,0.5,0.0,0.0,0.0,"{""0.0001"":51,""0.1"":40,""0.3"":8,""1.0"":1}",0.51,0.255,0.7175,0,142
S7,7,120,0.447213595499958,1,,0,100,0.5,70.0,0.0,0.0,"{""0.0001"":46,""0.1"":43,""0.3"":11}",0.46,0.3611111111111111,0.6753472222222222,0,151
S7,7,139,0.447213595499958,1,,0,100,0.5,91.0,0.0,0.0,"{""0.0001"":40,""0.1"":50,""0.3"":9,""1.0"":1}",0.4,0.3647959183673469,0.6760204081632654,0,190
S7,7,100,0.6708203932499369,2,,0,100,0.5,54.0,0.0,0.0,"{""0.0001"":42,""0.1"":52,""0.3"":6}",0.42,0.37,0.7275,0,126
S7,7,120,0.6708203932499369,2,,0,100,0.5,73.0,0.0,0.0,"{""0.0001"":35,""0.1"":62,""0.3"":3}",0.35,0.3142361111111111,0.6805555555555555,0,161
S7,7,139,0.6708203932499369,2,,0,100,0.5,97.0,0.0,0.0,"{""0.0001"":40,""0.03"":1,""0.1"":57,""0.3"":2}",0.4,0.4005102040816326,0.6020408163265306,0,175
S7,7,100,0.894427190999916,3,,0,100,0.675,53.0,0.1914893617021276,0.1914893617021276,"{""0.0001"":4,""0.1"":94,""0.3"":2}",0.04,0.5,0.8975,0,115
S7,7,120,0.894427190999916,3,,0,100,0.6736111111111112,70.0,0.3495145631067961,0.3495145631067961,"{""0.03"":6,""0.1"":92,""0.3"":2}",0.0,0.4982638888888889,0.7986111111111112,1,134
S7,7,139,0.894427190999916,3,,0,100,0.7028061224489796,2.0,1.0,1.0,"{""0.03"":63,""0.1"":35,""0.3"":2}",0.0,0.5255102040816327,0.8188775510204083,2,163
S7,7,100,1.118033988749895,4,,0,100,0.74125,49.5,0.1975308641975308,0.1975308641975308,"{""0.03"":3,""0.1"":97}",0.0,0.5800000000000001,0.925,1,61
S7,7,120,1.118033988749895,4,,0,100,0.7473958333333333,58.5,0.25,0.25,"{""0.03"":41,""0.1"":59}",0.0,0.5399305555555556,0.8784722222222222,1,74
S7,7,139,1.118033988749895,4,,0,100,0.7742346938775511,2.0,1.0,1.0,"{""0.03"":92,""0.1"":7,""0.3"":1}",0.0,0.5586734693877551,0.8660714285714286,2,139
S7,7,100,1.6770509831248424,5,,0,100,0.855,1.0,1.0,1.0,"{""0.03"":92,""0.1"":8}",0.0,0.6325,0.9825,1,41
S7,7,120,1.6770509831248424,5,,0,100,0.8645833333333333,1.0,1.0,1.0,"{""0.03"":99,""0.1"":1}",0.0,0.7135416666666667,0.9774305555555556,1,49
S7,7,139,1.6770509831248424,5,,0,100,0.8647959183673469,1.0,1.0,1.0,"{""0.03"":100}",0.0,0.7270408163265306,0.9502551020408164,1,1
S7,7,100,2.23606797749979,6,,0,100,0.8587499999999999,2.0,0.5,0.5,"{""0.03"":81,""0.1"":19}",0.0,0.7,0.9725,1,43
S7,7,120,2.23606797749979,6,,0,100,0.859375,2.0,1.0,1.0,"{""0.03"":96,""0.1"":4}",0.0,0.6996527777777778,0.9670138888888888,2,46
S7,7,139,2.23606797749979,6,,0,100,0.84375,2.0,1.0,1.0,"{""0.03"":99,""0.1"":1}",0.0,0.715561224489796,0.9604591836734694,2,52
S7,7,100,2.7950849718747373,7,,0,100,0.88375,3.0,0.5,0.5,"{""0.03"":92,""0.1"":8}",0.0,0.7,0.9975,1,37
S7,7,120,2.7950849718747373,7,,0,100,0.8940972222222222,3.0,0.75,0.75,"{""0.03"":100}",0.0,0.7586805555555556,0.9704861111111112,2,5
S7,7,139,2.7950849718747373,7,,0,100,0.8941326530612245,4.0,1.0,1.0,"{""0.03"":98,""0.1"":2}",0.0,0.7448979591836734,0.9744897959183674,4,48
S7,7,100,3.3541019662496847,8,,0,100,0.91125,2.0,0.6666666666666666,0.6666666666666666,"{""0.03"":95,""0.1"":5}",0.0,0.7575000000000001,0.985,1,34
S7,7,120,3.3541019662496847,8,,0,100,0.9123263888888888,2.0,1.0,1.0,"{""0.03"":100}",0.0,0.8038194444444444,0.9791666666666666,2,3
S7,7,139,3.3541019662496847,8,,0,100,0.9151785714285714,2.0,1.0,1.0,"{""0.03"":100}",0.0,0.7959183673469387,0.9566326530612246,2,2
