class_name	accession	frozen_length
negative	A0A044RE18	693
negative	A0A061B0Q2	335
negative	A0A072TH68	201
negative	A0A075TXZ3	561
negative	A0A096LNW5	274
negative	A0A0A2JH00	376
negative	A0A0A2JT36	543
negative	A0A0B4JDK1	122
negative	A0A0D2H023	265
negative	A0A0E4AET8	454
positive	A0A0F7YZI5	135
negative	A0A0I9QGZ7	379
negative	A0A0I9RJ56	370
negative	A0A0K0IP23	161
positive	A0A0K1YW63	115
negative	A0A0K3AVY3	164
negative	A0A0M3R8G2	734
negative	A0A0N9E2K8	599
negative	A0A0P0VIP0	695
negative	A0A0U5CNN8	308
negative	A0A126P745	288
negative	A0A158V755	120
negative	A0A158V976	119
negative	A0A1D5PXA5	852
negative	A0A1E3P8S6	391
negative	A0A1E4S2P1	336
negative	A0A1E5RIW9	348
negative	A0A1E5RUL9	334
negative	A0A1L3THR9	298
negative	A0A1S3PBB7	375
negative	A0A1S4F1Z7	150
negative	A0A1S4GMJ4	356
negative	A0A1S4HE51	416
negative	A0A1S6EK91	79
negative	A0A1S6EK92	79
negative	A0A242M8J4	329
negative	A0A2J6KL39	117
negative	A0A2Z4HPY5	551
negative	A0A336U965	925
negative	A0A3S6I186	138
positive	A0A3Z7J6R4	230
negative	A0A423VWI2	380
negative	A0A437AFK1	790
negative	A0A443HK52	583
positive	A0A482AQK7	415
positive	A0A482ARP7	280
positive	A0A4Y5X186	160
negative	A0A509AM03	599
negative	A0A509AQU3	362
negative	A0A509AST0	606
negative	A0A5C1J0Z8	133
negative	A0A6B9KZ52	114
negative	A0A6B9L8T7	114
negative	A0A6F8RQ06	294
negative	A0A7H0DN13	375
negative	A0A7N9VSG0	747
negative	A0A8I6AGW3	648
negative	A0A8J8	495
positive	A0A976SLN7	128
negative	A0AB36VXQ9	561
negative	A0AT28	118
negative	A0AT29	118
negative	A0AT30	118
negative	A0AT31	116
negative	A0AT32	118
negative	A0AT33	110
negative	A0JRH2	100
negative	A0JRH4	576
negative	A0K576	568
negative	A0K578	100
negative	A0KF11	254
negative	A0L6F2	569
negative	A0PSG4	100
positive	A0QLI5	825
negative	A0QNL1	449
negative	A0QYE0	577
negative	A0QYE2	100
positive	A0ZSK3	703
negative	A1AGT6	256
negative	A1B1C2	103
negative	A1BN60	129
negative	A1BN61	129
negative	A1CIA7	403
negative	A1JKD7	100
negative	A1KBB4	568
negative	A1KBB7	100
negative	A1KJR2	577
negative	A1KP32	379
negative	A1R1C3	100
negative	A1R1C5	576
negative	A1SYX9	100
negative	A1SYY1	567
negative	A1T9N4	573
negative	A1T9N6	100
negative	A1TSZ3	100
negative	A1TSZ6	572
negative	A1TY14	382
negative	A1U4Z8	567
negative	A1U500	100
negative	A1UGT5	573
negative	A1UGT7	100
negative	A1V1G6	568
negative	A1VKW3	572
negative	A1VKW6	100
negative	A1VUV0	286
negative	A1WIM3	590
negative	A1WIM6	100
negative	A2AEP0	171
negative	A2AJB7	192
negative	A2ATD1	454
negative	A2AV25	459
negative	A2BIM8	181
negative	A2BQW6	100
negative	A2BQW8	569
negative	A2C4S0	100
negative	A2C4S2	569
negative	A2CDZ9	100
negative	A2S996	568
negative	A2S998	100
negative	A2SDJ0	575
negative	A2SDJ2	100
negative	A2VDN5	614
negative	A2XBN5	96
negative	A2XMB2	134
negative	A2ZAT0	118
negative	A2ZVG7	784
negative	A3C4N5	314
negative	A3DBX3	334
negative	A3DC29	477
negative	A3DCH1	895
negative	A3DD66	773
negative	A3DDN1	649
negative	A3DFA0	842
negative	A3DGF8	572
negative	A3DGG0	100
negative	A3DH67	741
negative	A3M3F0	100
negative	A3MMV0	100
negative	A3MMV2	568
negative	A3N2R4	572
negative	A3N2R6	100
negative	A3NCL5	100
negative	A3NCL7	568
negative	A3NYC7	100
negative	A3PCN9	100
negative	A3PCP1	569
negative	A3PL38	568
negative	A3PL42	100
negative	A3Q0D5	573
negative	A3Q0D7	100
positive	A3UNN4	249
negative	A4D7T3	475
negative	A4FV93	383
negative	A4JC44	100
negative	A4JIS1	381
negative	A4KWA1	223
negative	A4KX75	474
negative	A4QA21	100
negative	A4SY44	567
negative	A4SY47	100
negative	A4TAD3	100
negative	A4TL32	572
negative	A4TL34	100
negative	A4VQU9	100
negative	A4WEJ3	100
negative	A4WEJ5	567
negative	A4WR72	100
negative	A4WR75	568
negative	A4XMA9	570
negative	A4XQ47	100
negative	A5A6L1	381
negative	A5D6U8	443
negative	A5FAD1	573
negative	A5FAD3	100
negative	A5FIF5	297
negative	A5GWV5	100
negative	A5GWV7	569
negative	A5U3L5	100
negative	A5U3L7	577
negative	A5U815	379
negative	A5U9V6	572
negative	A5UH45	572
negative	A5UH46	100
negative	A5W4B6	567
negative	A5W4B8	100
negative	A6H772	307
negative	A6NFH5	140
negative	A6NKQ9	187
negative	A6NMB9	653
negative	A6QJC8	100
negative	A6SZ07	566
negative	A6U412	100
negative	A6U414	571
negative	A6UC35	570
negative	A6VCX2	100
negative	A6VTV6	100
negative	A6VTV8	568
negative	A6YLM6	132
negative	A7E2S9	258
negative	A7FFN0	100
negative	A7FFN2	572
negative	A7HHN1	571
negative	A7MB89	617
negative	A7XQ02	415
negative	A7YN26	512
negative	A7YSY2	767
negative	A7YY53	337
negative	A7Z9N4	569
negative	A8APV0	567
negative	A8ESZ8	566
negative	A8G4K9	569
negative	A8L7B0	575
negative	A8LRS0	569
negative	A8LRS4	100
negative	A8MPR5	876
negative	A8MUU1	101
negative	A8MV23	424
negative	A8MXQ7	560
negative	A8T644	692
negative	A8T662	692
negative	A8T666	692
negative	A8T677	684
negative	A8T682	686
negative	A8T688	690
negative	A8T6A1	690
negative	A8T6A6	690
negative	A8WCC4	345
negative	A8X481	811
negative	A8XE00	333
negative	A8Z385	100
negative	A8Z387	571
negative	A9AF70	100
negative	A9AF72	568
negative	A9AZE6	569
negative	A9AZE8	100
negative	A9BJC1	503
negative	A9BUC4	567
negative	A9BUC7	100
negative	A9GP84	571
negative	A9JQS7	759
negative	A9JRC7	307
negative	A9KJR9	570
negative	A9KJS1	100
negative	A9QY38	755
negative	A9QY39	750
negative	A9QY40	750
negative	A9R3V0	572
negative	B0BRU2	572
negative	B0BRU4	100
negative	B0C791	100
negative	B0JTP1	100
positive	B0KTG9	495
negative	B0KUZ7	567
negative	B0KUZ9	100
negative	B0SHJ0	378
negative	B0TT69	100
negative	B0TT71	567
negative	B0V9P7	100
negative	B0VSC2	100
negative	B0XUR7	540
negative	B0Y473	495
negative	B0Y708	403
negative	B1AJ73	598
negative	B1AKI9	464
negative	B1HZE2	100
negative	B1J813	100
negative	B1J815	567
negative	B1JR69	100
negative	B1JR71	572
negative	B1JX29	568
negative	B1JX31	100
negative	B1MB83	100
negative	B1MB85	577
negative	B1MFK2	269
negative	B1VF43	388
negative	B1VHT0	100
negative	B1W5G7	100
negative	B1WBP0	294
negative	B1Y3V1	575
negative	B1Y3V4	100
negative	B1YUF9	568
negative	B1YUG1	100
negative	B1ZP06	588
negative	B1ZP08	100
positive	B2AFA8	775
negative	B2GI08	100
negative	B2HDS6	379
negative	B2HIL6	702
negative	B2HSZ2	577
negative	B2I700	370
negative	B2I9H6	255
negative	B2IIJ1	570
negative	B2IT64	100
negative	B2IT66	571
negative	B2JF65	100
negative	B2JJW9	381
negative	B2JQW2	288
negative	B2KAA4	572
negative	B2KAA6	100
negative	B2KG20	248
negative	B2LW77	383
negative	B2RYN7	581
negative	B2T0P7	100
negative	B2U7N4	100
negative	B2Z449	98
negative	B2Z450	126
positive	B3A0N5	554
negative	B3A0P7	336
negative	B3A0P8	318
positive	B3EWQ0	38
negative	B3EWZ8	400
negative	B3EY83	193
negative	B3H2L3	572
negative	B3H2L5	100
negative	B3M301	770
negative	B3P8A3	758
negative	B3PI89	502
negative	B3PXB3	570
negative	B3PXB8	100
negative	B3QGK1	570
negative	B3QGK4	100
negative	B3QM89	356
negative	B3R3Z9	100
negative	B4ECC5	100
negative	B4ECC7	568
negative	B4F753	386
negative	B4F785	1005
negative	B4HGG6	758
negative	B4JII0	782
negative	B4K799	765
negative	B4M0H8	769
negative	B4NBP4	777
negative	B4PL32	758
negative	B4QSF0	758
negative	B4RSX7	100
negative	B4RSX9	567
negative	B4SVL3	256
negative	B4TKT6	256
negative	B4UFU2	571
negative	B5BHG7	256
negative	B5F8M6	256
negative	B5FBC6	567
negative	B5FBC8	100
negative	B5FFE9	257
negative	B5FJT1	256
negative	B5X0G2	180
negative	B5XU27	567
negative	B5XU29	100
negative	B5YUX1	100
negative	B5YUX3	567
negative	B5Z674	569
negative	B5ZBS9	598
negative	B5ZBT1	101
negative	B5ZMP0	570
negative	B5ZMP5	100
positive	B6DDZ5	142
negative	B6JPH5	569
negative	B6JPH6	238
negative	B6VA84	507
negative	B6VA85	421
negative	B6VA86	397
negative	B6VA87	396
negative	B6YQL8	568
negative	B7GXU5	100
negative	B7J437	383
negative	B7K906	112
negative	B7K912	586
negative	B7NK06	288
negative	B7PKZ1	132
negative	B7PKZ2	133
negative	B7SUM8	132
negative	B7V1S8	100
negative	B7X2B6	409
positive	B8BNY7	596
negative	B8EPU9	570
negative	B8EPV1	100
negative	B8GQ24	100
negative	B8GZZ0	382
negative	B8HA05	100
negative	B8HA07	585
negative	B8HW50	569
negative	B8HW52	100
negative	B8N106	403
negative	B8XGQ6	397
negative	B9DLX8	100
negative	B9DLY0	571
negative	B9J8M3	569
negative	B9J8M6	100
negative	B9JR81	570
negative	B9KK46	568
negative	B9KK51	100
negative	B9LTF0	433
positive	C0HJA4	165
negative	C0HJH5	33
negative	C0HJI1	51
negative	C0HJI2	50
negative	C0HJI3	51
negative	C0HJI5	50
negative	C0HJI6	51
negative	C0HJI7	58
negative	C0HJI8	52
negative	C0HJJ2	31
negative	C0HJJ4	36
negative	C0HJJ5	31
negative	C0HJJ6	31
negative	C0HJT9	51
negative	C0HJU0	51
negative	C0HKS3	87
negative	C0HKS4	86
negative	C0HL51	54
negative	C0HLB8	32
negative	C0HLN1	30
negative	C0HLN3	31
negative	C0HLP9	91
negative	C0HLT8	94
negative	C0HLV3	26
negative	C0HLV4	27
negative	C0HLV5	28
negative	C0HM61	91
positive	C0HMC3	86
negative	C0ITL3	199
positive	C0K3N1	150
negative	C0LTL9	596
negative	C1APC5	100
negative	C1AXZ0	100
negative	C1AXZ2	573
negative	C1D5Z6	100
negative	C1D5Z8	572
negative	C1DNK6	100
negative	C3K5A5	100
negative	C3MGI5	570
negative	C3MGX6	100
negative	C4LF63	567
negative	C4LF65	100
negative	C4LIA9	101
negative	C4M1P9	354
negative	C4N147	132
negative	C4XNQ9	397
negative	C5BBR6	572
negative	C5BDC2	100
negative	C5BUN9	567
negative	C5C8U1	100
negative	C5CXZ7	100
negative	C5CY00	572
negative	C5FII2	490
negative	C5FMY5	397
negative	C5FRX4	601
negative	C5FTQ5	595
negative	C5FX37	401
negative	C5FZ39	400
negative	C5IAW9	942
negative	C5P4Z8	497
negative	C5P6D1	406
negative	C5P6L5	407
negative	C7B178	535
negative	C7G3A0	391
positive	C9D7R2	256
negative	D0EM77	472
negative	D0FH76	438
negative	D0L1T6	403
positive	D0Z6T1	124
positive	D1FQ14	286
negative	D2D3B6	540
positive	D2X5W3	183
negative	D2Z028	374
negative	D3GGZ8	195
negative	D3YXF5	845
negative	D3Z5L9	354
negative	D3ZUK3	382
negative	D3ZVP0	97
negative	D3ZWT9	209
negative	D4A2B7	747
negative	D4AIK6	600
negative	D4AKU9	533
negative	D4APE3	400
negative	D4AQG0	522
negative	D4ASH1	563
negative	D4B194	396
negative	D4B1N9	564
negative	D4B327	309
negative	D4B5N1	402
negative	D4CZ60	400
negative	D4CZQ4	420
negative	D4D0F5	396
negative	D4D674	397
negative	D4D9U2	600
negative	D4DBH6	596
negative	D4DIW9	518
negative	D4DLI5	421
negative	D4GUJ7	406
negative	D4GUK0	441
negative	D4P095	272
negative	D4P2Y4	206
negative	D4Z2G1	296
negative	D6WMZ8	588
positive	D8VNS9	347
negative	E0J500	69
positive	E0TU96	669
negative	E1UYT9	167
negative	E1UYU0	163
positive	E2E4E4	113
positive	E2E4L2	99
negative	E3P6N9	141
negative	E4UWA4	399
negative	E4UY04	397
negative	E4V4J8	408
negative	E6Y8B9	630
negative	E6Y8S8	118
negative	E9NX73	149
negative	E9PTT0	622
negative	E9PV24	789
negative	E9Q6D8	934
negative	E9QEA3	684
negative	F0UZ12	170
negative	F1LW30	956
negative	F3YDF1	740
negative	F4HPF1	773
negative	F4HSQ2	780
negative	F4IG09	775
negative	F4JA91	738
negative	F4JEX5	680
negative	F4JJH4	764
negative	F4JJH5	754
negative	F4JXC5	778
negative	F4KEL0	803
negative	F4KF14	855
negative	F4KGD4	703
negative	F4QV02	369
negative	F5B8X0	149
positive	F8S101	553
negative	F8W2M8	557
negative	F8WCM5	200
negative	G0HQZ6	474
negative	G0RYR3	730
negative	G1FC92	313
negative	G2WWV4	293
negative	G2WZP5	288
negative	G2XGR1	213
negative	G3FNQ9	426
negative	G4N4E9	177
negative	G5EBU3	579
negative	G5EBX9	707
negative	G5ECM9	143
negative	G5ECN9	652
negative	G5EDL5	355
negative	G5EDZ9	139
negative	G5EGK8	318
negative	G5EGM1	521
negative	G7KEU7	748
negative	G7LCV1	204
negative	G7LCV7	200
negative	H2B3G5	190
negative	H2KZ86	444
negative	H8L374	367
negative	I1N462	789
negative	I1RHF8	556
negative	I1RIF1	535
negative	I1S2J4	819
positive	I1VC85	77
negative	I3R794	519
negative	I3R9Z4	492
negative	I6YC58	455
negative	J3KAS2	934
negative	J3QK54	644
negative	J3RYX9	139
negative	J3RZ81	497
positive	J3SEZ3	851
negative	J4KNE4	810
negative	J4UQC2	682
negative	J7FQE8	100
negative	J9VDC2	951
negative	J9VG42	774
negative	J9VIY8	528
negative	K0KPV8	393
negative	L8FSM5	400
negative	L8GD75	404
negative	M0GNC6	415
negative	M0HG00	415
negative	M5AXY1	201
negative	O00548	723
negative	O00743	305
negative	O01814	136
negative	O02218	360
negative	O02323	137
negative	O02658	305
negative	O02659	249
negative	O02772	133
negative	O02853	191
negative	O04004	118
negative	O04019	423
negative	O04138	285
negative	O04403	133
negative	O04404	176
negative	O04529	378
negative	O04582	433
negative	O04951	307
positive	O05442	846
negative	O05461	446
positive	O06522	223
positive	O06695	357
negative	O07015	269
negative	O07732	462
negative	O08400	571
negative	O08538	498
negative	O08677	661
negative	O08716	132
negative	O08721	898
negative	O08722	945
negative	O08747	931
negative	O08764	1009
negative	O08976	174
negative	O09114	189
negative	O09209	103
negative	O09210	93
negative	O12956	204
negative	O13008	133
negative	O13050	130
negative	O13065	467
negative	O13359	938
negative	O13765	463
negative	O14003	342
negative	O14593	260
negative	O14773	563
negative	O14830	753
negative	O15123	496
negative	O15381	856
negative	O15442	326
negative	O15540	132
negative	O15757	321
negative	O16168	555
negative	O16169	545
negative	O16170	545
negative	O16172	545
negative	O16173	548
negative	O16299	594
negative	O16810	924
negative	O17071	406
negative	O17798	692
negative	O18391	331
negative	O18413	405
negative	O18733	704
negative	O18767	481
negative	O18873	174
negative	O18874	180
negative	O18920	497
negative	O18927	472
negative	O19092	146
negative	O19093	146
negative	O19113	349
negative	O19183	604
negative	O22833	658
negative	O22834	664
negative	O22842	281
negative	O22866	90
negative	O22975	418
negative	O22977	498
negative	O23244	466
negative	O23357	725
negative	O23507	364
negative	O23758	116
negative	O23810	95
negative	O24037	114
negative	O24038	114
negative	O24356	100
negative	O24383	186
negative	O24384	221
negative	O24385	178
negative	O24386	140
negative	O24387	151
negative	O24418	120
negative	O24598	265
negative	O24603	277
negative	O24658	264
negative	O30334	100
negative	O31147	779
negative	O31266	276
negative	O31398	257
negative	O31614	244
negative	O31788	442
positive	O32322	263
negative	O32449	317
negative	O33680	465
positive	O34163	78
positive	O34330	600
positive	O34344	203
negative	O34870	286
negative	O35119	977
negative	O35385	757
negative	O35433	838
negative	O35460	497
negative	O35462	496
negative	O35548	607
negative	O35679	86
negative	O42143	266
negative	O42144	219
negative	O42386	137
negative	O42773	639
negative	O43078	660
negative	O43086	920
negative	O43827	346
negative	O43854	480
negative	O43915	354
negative	O44836	519
negative	O44952	971
negative	O45035	132
negative	O45824	382
negative	O46197	234
negative	O46482	141
negative	O46483	138
negative	O46559	499
negative	O46641	169
negative	O46647	475
negative	O48840	545
negative	O49607	764
negative	O50202	591
negative	O51632	155
negative	O52866	286
negative	O53945	585
negative	O54418	100
negative	O54420	572
negative	O54732	657
negative	O55123	476
negative	O55761	264
negative	O57340	134
negative	O57409	615
negative	O60062	489
negative	O60182	934
negative	O60676	142
negative	O60733	806
negative	O60882	483
negative	O61142	690
negative	O61577	516
negative	O62247	202
negative	O62589	531
negative	O62725	604
negative	O62806	471
negative	O64481	815
negative	O64495	775
negative	O64948	888
negative	O65351	757
negative	O65888	118
negative	O67327	70
negative	O68640	377
negative	O70138	465
negative	O70156	364
negative	O70159	358
negative	O70176	175
negative	O73630	958
negative	O73824	139
negative	O74205	441
negative	O74430	467
negative	O74789	348
negative	O75351	444
negative	O75449	491
negative	O75534	798
negative	O75832	226
negative	O75891	902
negative	O75900	390
negative	O76096	145
negative	O76821	64
negative	O76932	307
negative	O77656	471
negative	O77802	496
negative	O77805	143
negative	O77835	141
negative	O80860	695
negative	O80983	717
negative	O82711	217
negative	O82733	331
negative	O82734	324
negative	O82777	761
negative	O84467	329
positive	O84616	231
negative	O86507	227
negative	O86508	558
negative	O87400	100
negative	O88200	328
negative	O88310	313
negative	O88354	465
negative	O88516	592
negative	O88671	589
negative	O88676	391
negative	O88685	442
negative	O88713	188
negative	O88766	466
negative	O88967	715
negative	O88969	142
negative	O89023	562
negative	O89098	144
negative	O89103	644
negative	O93390	298
negative	O93470	604
negative	O94449	342
negative	O94493	539
negative	O95185	931
negative	O95388	367
negative	O95389	354
negative	O95841	491
negative	O97788	132
negative	O97862	148
negative	O97921	194
negative	O97937	131
positive	P00588	567
negative	P00739	348
negative	P00751	764
negative	P00781	274
negative	P01013	232
negative	P01015	477
negative	P01017	476
negative	P01019	476
negative	P01034	146
negative	P01036	141
negative	P01037	141
negative	P01038	139
negative	P01039	103
negative	P01042	644
negative	P01044	621
negative	P01045	619
negative	P01048	430
positive	P01050	65
negative	P01070	216
negative	P01071	181
negative	P01074	29
negative	P01084	124
negative	P01086	148
negative	P01087	122
negative	P01088	155
negative	P01089	258
negative	P01090	178
negative	P01091	133
negative	P01128	226
negative	P01129	767
negative	P01160	151
negative	P01161	152
negative	P01222	138
negative	P01224	138
negative	P01225	129
negative	P01226	129
negative	P01227	129
negative	P01228	129
negative	P01229	141
negative	P01230	141
negative	P01231	141
negative	P01232	141
negative	P01235	144
negative	P01272	180
negative	P01273	180
negative	P01274	180
negative	P01275	180
negative	P01278	124
negative	P01280	27
negative	P01281	42
negative	P01284	75
negative	P01286	108
negative	P01287	44
negative	P01298	95
negative	P01299	93
negative	P01300	65
negative	P01301	78
negative	P01302	131
negative	P01304	76
negative	P01308	110
negative	P01310	86
negative	P01311	110
negative	P01313	110
negative	P01314	51
negative	P01315	108
negative	P01316	51
negative	P01317	105
negative	P01318	105
negative	P01319	51
negative	P01320	51
negative	P01322	110
negative	P01323	110
negative	P01324	51
negative	P01325	108
negative	P01326	110
negative	P01327	86
negative	P01329	110
negative	P01330	51
negative	P01331	50
negative	P01333	81
negative	P01334	51
negative	P01338	50
negative	P01339	51
negative	P01340	50
negative	P01342	115
negative	P01344	180
negative	P01346	180
negative	P01347	186
negative	P01348	182
positive	P01526	55
positive	P01558	319
negative	P02671	866
negative	P02676	468
negative	P02678	477
negative	P02679	453
negative	P02689	132
negative	P02690	132
negative	P02691	132
negative	P02693	132
negative	P02694	135
negative	P02696	135
negative	P02748	559
negative	P02753	201
negative	P02754	178
negative	P02755	180
negative	P02756	180
negative	P02758	180
negative	P02761	181
negative	P02762	180
negative	P02763	201
negative	P02764	205
negative	P02765	367
negative	P02843	439
negative	P02844	442
negative	P02868	53
negative	P02876	213
negative	P02877	204
negative	P02893	412
negative	P02894	363
negative	P03956	469
negative	P03957	475
negative	P03974	806
negative	P04072	279
negative	P04080	98
negative	P04085	211
negative	P04090	185
negative	P04092	122
negative	P04093	71
negative	P04115	432
negative	P04119	178
negative	P04122	181
negative	P04186	761
negative	P04189	381
negative	P04196	525
positive	P04204	84
negative	P04403	146
negative	P04566	72
negative	P04651	141
negative	P04652	138
negative	P04667	105
negative	P04726	296
negative	P04808	185
negative	P04916	201
negative	P04922	351
negative	P04939	184
negative	P04956	563
positive	P04977	269
positive	P04979	227
positive	P04981	133
negative	P05017	153
positive	P05088	275
negative	P05110	180
negative	P05155	500
negative	P05315	328
negative	P05413	133
negative	P05452	202
negative	P05543	415
negative	P06172	197
positive	P06200	730
negative	P06215	328
negative	P06303	98
negative	P06305	36
negative	P06306	110
negative	P06399	782
negative	P06607	420
negative	P06681	752
negative	P06683	548
negative	P06857	467
negative	P06866	347
negative	P06873	384
negative	P06883	180
negative	P06908	248
negative	P06910	177
negative	P06911	188
negative	P06912	201
negative	P06914	367
negative	P06915	339
negative	P07024	550
negative	P07098	398
negative	P07099	455
negative	P07152	476
negative	P07204	575
negative	P07214	302
negative	P07217	44
negative	P07224	675
negative	P07357	584
negative	P07358	591
negative	P07361	207
positive	P07374	840
negative	P07380	181
negative	P07383	272
negative	P07435	159
negative	P07441	53
negative	P07442	53
negative	P07443	54
negative	P07449	68
negative	P07453	50
negative	P07456	179
negative	P07479	181
negative	P07483	133
positive	P07493	17
negative	P07499	149
negative	P07500	153
negative	P07501	152
negative	P07596	203
negative	P07732	142
negative	P07853	32
negative	P07867	494
negative	P08072	85
negative	P08253	660
negative	P08254	477
negative	P08299	168
negative	P08307	442
negative	P08331	647
negative	P08427	248
negative	P08658	293
negative	P08661	244
negative	P08672	378
negative	P08673	398
negative	P08674	401
negative	P08675	378
negative	P08676	419
negative	P08677	378
negative	P08910	425
negative	P08932	430
negative	P08934	639
negative	P08935	111
negative	P08937	172
negative	P09005	214
positive	P09167	493
negative	P09228	141
negative	P09230	454
negative	P09231	756
negative	P09232	635
negative	P09237	267
negative	P09238	476
negative	P09455	135
negative	P09466	180
negative	P09476	52
negative	P09477	51
negative	P09535	180
negative	P09566	78
negative	P09567	29
negative	P09641	36
negative	P09680	42
negative	P09681	153
negative	P09682	36
negative	P09683	121
negative	P09684	25
negative	P09685	28
negative	P09686	96
negative	P09687	62
negative	P09761	200
negative	P09865	56
negative	P09889	340
negative	P09893	186
negative	P09910	27
negative	P09916	104
negative	P09941	138
negative	P09943	172
negative	P09958	794
negative	P09959	803
negative	P0A1E0	70
negative	P0A3G2	293
positive	P0A3R5	152
positive	P0A4M4	35
negative	P0A4U0	100
negative	P0A4U1	100
negative	P0A677	100
negative	P0A6H5	443
positive	P0A968	74
negative	P0A976	70
negative	P0A977	70
negative	P0A982	70
negative	P0A983	70
negative	P0A985	70
negative	P0A9M0	784
negative	P0A9X9	70
negative	P0A9Y2	70
negative	P0A9Y3	70
negative	P0A9Y4	70
negative	P0A9Y5	70
negative	P0A9Y6	69
negative	P0A9Y7	69
negative	P0A9Y9	69
negative	P0A9Z0	69
negative	P0AAI3	644
negative	P0AAZ4	447
negative	P0ADI4	285
negative	P0AEW4	275
negative	P0AG76	400
negative	P0C088	37
negative	P0C0F0	45
negative	P0C121	100
positive	P0C1W9	18
negative	P0C235	29
negative	P0C236	52
negative	P0C2S1	895
negative	P0C2S4	625
negative	P0C2S5	741
negative	P0C6G6	132
negative	P0C7K7	598
negative	P0C7K9	101
positive	P0C8E2	19
negative	P0C8Y8	154
negative	P0CB00	598
negative	P0CB02	101
positive	P0CJ22	37
negative	P0DJ95	56
positive	P0DJE5	151
negative	P0DKH7	40
negative	P0DKH8	40
negative	P0DM59	139
negative	P0DMB9	202
negative	P0DN86	165
negative	P0DN87	165
negative	P0DO68	313
negative	P0DO69	316
positive	P0DP56	238
negative	P0DP58	116
negative	P0DP60	116
negative	P0DP62	118
negative	P0DPK3	275
positive	P0DPU3	577
positive	P0DQF3	69
positive	P0DQF6	73
positive	P0DQJ0	65
positive	P0DQO9	565
positive	P0DRA7	14
negative	P0DRI0	113
negative	P0DRI2	106
positive	P0DRJ1	109
negative	P0DSI3	231
positive	P0DSI8	30
negative	P0DUB8	358
negative	P0DUB9	319
positive	P0DUJ6	103
positive	P0DUJ8	348
negative	P0DV90	67
negative	P0DW09	366
negative	P0DXI6	274
positive	P0DXX0	86
positive	P0DXX9	479
negative	P0DY36	85
negative	P10041	833
negative	P10256	142
negative	P10257	137
negative	P10291	32
negative	P10292	30
negative	P10293	32
negative	P10294	30
negative	P10295	28
negative	P10296	31
positive	P10410	125
negative	P10477	814
negative	P10478	837
negative	P10601	100
negative	P10643	843
negative	P10821	172
negative	P10896	474
negative	P10965	216
negative	P10968	212
negative	P10973	92
negative	P10975	116
negative	P10976	117
negative	P11018	319
negative	P11084	307
negative	P11150	499
negative	P11151	478
negative	P11152	474
negative	P11153	465
negative	P11226	248
negative	P11404	133
negative	P11493	293
negative	P11589	180
negative	P11590	178
negative	P11602	490
negative	P11611	309
negative	P11612	314
negative	P11643	171
negative	P11670	177
negative	P11672	200
negative	P11859	477
negative	P11944	155
negative	P11955	318
negative	P11967	36
negative	P11969	30
negative	P12104	132
negative	P12306	53
negative	P12307	53
negative	P12308	55
negative	P12393	369
negative	P12547	403
negative	P12656	138
negative	P12704	54
negative	P12705	70
negative	P12706	106
negative	P12708	51
negative	P12763	359
negative	P12799	444
negative	P12804	432
negative	P12842	247
negative	P12919	245
positive	P12964	448
negative	P12982	302
negative	P12992	564
negative	P13001	256
negative	P13134	814
negative	P13189	29
negative	P13190	89
negative	P13205	121
negative	P13213	303
negative	P13613	162
negative	P13671	934
negative	P13681	327
negative	P13686	325
negative	P13691	152
negative	P13698	226
negative	P13727	222
negative	P13731	405
positive	P13812	123
negative	P13814	424
negative	P13815	429
negative	P13826	377
negative	P13943	468
negative	P14356	472
negative	P14448	741
negative	P14480	479
negative	P14593	485
positive	P14608	286
negative	P14715	219
negative	P14747	604
negative	P14780	707
negative	P14916	238
negative	P15090	132
negative	P15131	145
negative	P15312	212
negative	P15322	145
negative	P15329	224
negative	P15399	177
negative	P15411	89
negative	P15438	103
negative	P15458	170
negative	P15459	164
negative	P15460	166
negative	P15461	295
negative	P15465	175
negative	P15493	312
negative	P15728	284
positive	P15917	809
negative	P16061	316
negative	P16109	830
negative	P16122	567
negative	P16124	100
negative	P16159	143
negative	P16298	524
negative	P16335	200
negative	P16339	9
negative	P16347	180
negative	P16348	188
negative	P16350	52
negative	P16396	645
negative	P16501	153
negative	P16579	340
negative	P16581	610
negative	P16613	176
negative	P16708	417
negative	P16851	145
negative	P16854	540
negative	P16893	559
negative	P16969	147
negative	P16975	301
negative	P17085	188
negative	P17086	567
negative	P17088	100
negative	P17314	168
negative	P17573	563
negative	P17634	438
negative	P17647	130
negative	P17680	29
positive	P17684	21
negative	P17715	109
negative	P17892	482
negative	P17901	475
negative	P17979	220
negative	P17980	439
negative	P18107	36
negative	P18109	51
negative	P18167	544
negative	P18314	567
negative	P18316	100
negative	P18337	372
negative	P18384	369
negative	P18395	798
negative	P18406	379
negative	P18509	176
negative	P18708	744
negative	P18759	758
negative	P18842	138
negative	P18902	183
negative	P18908	140
negative	P19313	141
negative	P19324	417
negative	P19336	375
negative	P19477	282
negative	P19597	397
negative	P19647	163
negative	P19652	201
negative	P19656	120
negative	P19794	169
negative	P19884	185
negative	P20033	211
negative	P20112	300
negative	P20145	102
negative	P20261	549
negative	P20289	177
negative	P20347	222
negative	P20462	176
negative	P20532	369
negative	P20604	311
negative	P20651	525
negative	P20654	323
negative	P20749	454
negative	P20757	476
negative	P20841	116
negative	P20842	222
negative	P20937	262
negative	P21227	23
negative	P21350	207
negative	P21370	215
negative	P21460	140
negative	P21520	799
negative	P21661	637
negative	P21664	163
negative	P21692	469
negative	P21755	147
negative	P21760	178
negative	P21808	98
negative	P21814	429
negative	P21837	550
negative	P21854	359
negative	P21956	463
negative	P22057	189
negative	P22074	45
negative	P22088	364
negative	P22297	681
negative	P22334	305
negative	P22394	563
positive	P22542	71
negative	P22618	139
negative	P22757	587
negative	P22848	560
negative	P22862	272
negative	P22890	180
negative	P22894	467
negative	P22969	182
negative	P23093	340
negative	P23110	141
negative	P23188	793
negative	P23287	553
negative	P23377	793
negative	P23499	676
negative	P23594	369
negative	P23595	377
negative	P23635	309
negative	P23636	322
negative	P23653	387
positive	P23694	487
negative	P23696	309
negative	P23802	95
negative	P23805	371
negative	P23880	322
negative	P23916	662
negative	P23974	274
negative	P24054	634
negative	P24090	352
negative	P24091	324
negative	P24259	150
negative	P24296	113
negative	P24309	405
negative	P24347	488
positive	P24419	593
negative	P24526	132
negative	P24565	110
negative	P24626	320
negative	P24774	176
negative	P24775	176
negative	P25026	278
negative	P25036	478
negative	P25227	201
negative	P25272	203
negative	P25273	204
negative	P25307	130
negative	P25330	118
negative	P25381	491
negative	P25430	43
negative	P25431	43
negative	P25436	43
negative	P25472	584
negative	P25694	835
negative	P25700	182
negative	P25725	545
negative	P25726	545
negative	P25727	548
negative	P25765	326
negative	P25799	971
negative	P25849	29
negative	P25850	30
negative	P25973	48
negative	P26224	739
negative	P26504	449
negative	P26570	692
negative	P26694	388
negative	P26717	231
negative	P26726	92
negative	P26727	92
negative	P26728	92
negative	P26729	92
negative	P26730	92
negative	P26733	89
negative	P26734	89
negative	P26735	95
negative	P26736	90
negative	P26737	90
negative	P26738	90
negative	P26739	90
negative	P26740	90
negative	P26741	90
negative	P26743	90
negative	P26771	30
negative	P26780	99
negative	P26877	311
negative	P26913	40
negative	P26929	573
negative	P26986	172
negative	P27054	270
negative	P27056	114
negative	P27113	551
negative	P27275	86
negative	P27485	201
negative	P27587	422
negative	P27631	120
negative	P27740	178
negative	P27767	140
negative	P27814	223
negative	P27878	437
negative	P27918	469
positive	P28031	189
negative	P28041	145
negative	P28053	469
negative	P28296	403
negative	P28325	142
negative	P28576	204
negative	P28737	362
negative	P28840	752
negative	P28841	637
negative	P28862	477
negative	P28863	478
negative	P29031	303
negative	P29032	121
negative	P29071	36
negative	P29119	783
negative	P29120	753
negative	P29122	969
negative	P29136	305
negative	P29141	806
negative	P29142	381
negative	P29143	530
negative	P29145	710
negative	P29174	114
negative	P29183	461
negative	P29203	37
negative	P29204	36
negative	P29205	36
negative	P29279	349
negative	P29288	327
negative	P29335	52
negative	P29373	138
negative	P29420	43
negative	P29457	417
negative	P29519	90
negative	P29599	269
negative	P29600	269
negative	P29695	342
negative	P29699	345
negative	P29700	362
negative	P29701	364
negative	P29715	278
negative	P29762	137
negative	P30152	198
negative	P30233	155
negative	P30406	110
negative	P30407	110
negative	P30410	110
negative	P30709	28
negative	P30941	221
negative	P30971	114
negative	P30984	146
negative	P31025	176
negative	P31211	396
negative	P31229	36
negative	P31240	241
negative	P31297	29
negative	P31299	27
negative	P31339	621
negative	P31496	100
negative	P31608	181
negative	P31727	122
negative	P32041	30
negative	P32598	312
negative	P32647	27
negative	P32649	72
negative	P32733	137
negative	P32750	141
negative	P32752	141
negative	P32753	141
negative	P32766	142
negative	P32795	747
negative	P32829	692
negative	P32838	368
negative	P32839	456
negative	P32877	172
negative	P32936	149
negative	P32945	549
negative	P32946	548
negative	P32947	549
negative	P32949	549
negative	P33088	118
negative	P33295	533
negative	P33297	434
negative	P33298	428
negative	P33416	811
negative	P33434	662
negative	P33436	662
negative	P33520	637
negative	P33528	75
negative	P33573	641
negative	P33684	36
negative	P33685	161
negative	P33687	162
negative	P33688	162
negative	P33717	187
negative	P33718	99
negative	P33719	100
negative	P33720	98
negative	P33721	91
negative	P33722	91
negative	P33730	611
negative	P33831	373
negative	P33912	275
negative	P34007	213
negative	P34163	548
negative	P34808	472
negative	P34914	554
negative	P34950	63
negative	P34952	179
negative	P35173	103
negative	P35174	103
negative	P35175	97
negative	P35242	248
negative	P35246	369
negative	P35247	375
negative	P35249	363
negative	P35250	354
negative	P35355	604
negative	P35443	961
negative	P35447	803
negative	P35479	103
negative	P35481	129
negative	P35577	418
negative	P35578	172
negative	P35600	986
negative	P35628	28
negative	P35760	227
negative	P35780	205
negative	P35781	202
negative	P35782	202
negative	P35783	204
negative	P35784	227
negative	P35785	227
negative	P35786	226
negative	P35787	206
negative	P35793	164
negative	P35794	204
negative	P35812	184
negative	P35835	381
negative	P35998	433
negative	P36110	329
negative	P36233	273
negative	P36361	327
negative	P36377	298
negative	P36378	300
negative	P36614	305
negative	P36873	323
negative	P36874	323
negative	P36907	320
negative	P36952	375
negative	P37153	189
negative	P37206	115
negative	P37240	147
negative	P37476	637
negative	P37698	722
negative	P37699	460
negative	P37700	725
negative	P37701	460
negative	P37945	774
negative	P38057	130
negative	P38126	564
negative	P38139	375
negative	P38295	451
positive	P38441	96
positive	P38442	399
negative	P38565	398
negative	P38571	399
negative	P38629	340
negative	P38630	861
negative	P38796	400
negative	P39039	239
negative	P39089	28
positive	P39410	443
negative	P39659	36
negative	P39678	833
negative	P39679	754
negative	P39900	470
negative	P39955	897
negative	P40151	587
negative	P40152	326
negative	P40220	137
negative	P40341	825
negative	P40348	353
negative	P40418	769
negative	P40421	661
negative	P40903	467
negative	P40986	491
negative	P41018	57
negative	P41020	570
negative	P41244	177
negative	P41245	730
negative	P41317	244
negative	P41335	36
negative	P41337	36
negative	P41363	361
negative	P41411	577
negative	P41412	657
negative	P41509	134
negative	P41519	36
negative	P41522	53
negative	P41534	175
negative	P41535	176
negative	P41585	173
negative	P41694	129
negative	P41773	476
negative	P41824	253
negative	P41967	39
negative	P42201	646
positive	P42296	569
negative	P42633	51
negative	P42692	45
negative	P42779	603
negative	P42781	976
negative	P42790	587
negative	P42822	234
negative	P42823	568
negative	P42873	571
negative	P42885	570
negative	P42887	100
negative	P42993	9
negative	P42999	9
negative	P43025	202
negative	P43082	212
negative	P43217	139
negative	P43686	418
negative	P44046	237
negative	P44391	572
negative	P44393	100
negative	P44569	603
negative	P45370	355
negative	P45442	402
negative	P45452	471
negative	P45646	159
negative	P45657	166
negative	P46201	459
negative	P46202	420
negative	P46459	744
negative	P46460	744
negative	P46467	444
negative	P46471	433
negative	P46541	288
negative	P46544	295
negative	P47032	299
negative	P47033	881
negative	P47229	286
negative	P47932	185
negative	P47982	542
negative	P48097	104
negative	P48142	28
negative	P48144	195
negative	P48252	137
negative	P48253	142
negative	P48452	521
negative	P48453	525
negative	P48454	512
negative	P48455	513
negative	P48456	622
negative	P48457	549
negative	P48460	454
negative	P48461	327
negative	P48462	330
negative	P48463	309
negative	P48482	312
negative	P48483	322
negative	P48484	321
negative	P48485	312
negative	P48486	322
negative	P48528	305
negative	P48529	305
negative	P48578	313
negative	P48727	333
negative	P48745	357
negative	P48747	557
negative	P48756	144
negative	P49013	570
negative	P49060	475
negative	P49323	276
positive	P49344	34
negative	P49744	980
negative	P49767	419
negative	P49923	478
negative	P49956	741
negative	P49959	708
negative	P50044	213
negative	P50045	308
negative	P50046	154
negative	P50047	572
negative	P50086	228
negative	P50280	267
negative	P50282	708
negative	P50403	247
negative	P50404	374
negative	P50448	468
negative	P50450	412
negative	P50454	418
negative	P50568	138
negative	P50757	662
negative	P50903	465
negative	P51454	166
negative	P51455	166
negative	P51459	181
negative	P51460	131
negative	P51500	164
negative	P51511	669
negative	P51512	607
negative	P51559	942
negative	P51609	343
negative	P51613	314
negative	P51673	139
negative	P52176	712
negative	P52279	313
negative	P52313	572
negative	P52403	318
negative	P52404	316
negative	P52405	318
negative	P52406	302
negative	P52704	257
negative	P52917	437
negative	P53034	331
negative	P53041	499
negative	P53042	499
negative	P53043	513
negative	P53208	328
negative	P53219	342
negative	P53543	138
negative	P53549	437
negative	P53690	582
negative	P53715	176
negative	P53813	675
negative	P54315	467
negative	P54316	473
negative	P54317	469
negative	P54318	468
negative	P54351	752
negative	P54423	894
negative	P54609	809
negative	P54775	418
negative	P54777	978
negative	P54784	914
negative	P54789	707
negative	P54811	809
negative	P54812	810
negative	P54828	138
negative	P55031	478
negative	P55050	132
negative	P55051	132
negative	P55052	135
negative	P55053	135
negative	P55054	132
negative	P55083	255
negative	P55095	180
negative	P55272	130
negative	P55314	589
negative	P55390	69
negative	P55799	218
positive	P55816	58
positive	P55915	237
negative	P55918	255
negative	P55958	133
negative	P56567	97
positive	P56587	21
negative	P56625	185
positive	P56957	722
negative	P57407	69
negative	P57714	379
negative	P57748	482
negative	P58242	456
negative	P58371	536
negative	P58502	422
negative	P58514	221
negative	P58515	186
negative	P58520	169
negative	P58521	187
positive	P58806	107
positive	P58849	11
positive	P58911	501
positive	P58923	30
positive	P58930	24
negative	P58989	181
positive	P59026	399
negative	P59336	294
negative	P59996	691
negative	P60510	307
negative	P60575	98
negative	P60576	98
negative	P61134	934
negative	P61287	323
negative	P61292	327
negative	P61640	415
negative	P61939	418
negative	P62136	330
negative	P62137	330
negative	P62138	330
negative	P62139	330
negative	P62140	327
negative	P62142	327
negative	P62143	327
negative	P62191	440
negative	P62192	440
negative	P62193	440
negative	P62194	406
negative	P62196	406
negative	P62198	406
negative	P62333	389
negative	P62334	389
negative	P62502	163
negative	P62714	309
negative	P62715	309
negative	P62964	137
negative	P62965	137
negative	P63088	323
negative	P63239	753
negative	P63240	753
negative	P63289	28
negative	P63290	28
negative	P63291	28
negative	P63292	106
negative	P63293	44
negative	P63296	27
negative	P63297	27
negative	P63298	134
negative	P63328	521
negative	P63329	521
negative	P63330	309
negative	P63331	309
positive	P64454	57
negative	P67403	571
negative	P67404	571
negative	P67405	571
negative	P67718	100
negative	P67719	100
negative	P67720	100
negative	P67774	309
negative	P67775	309
negative	P67776	309
negative	P67777	309
negative	P67968	51
negative	P67969	51
negative	P67970	107
negative	P67971	51
negative	P67972	108
negative	P67974	51
negative	P67975	162
negative	P67976	180
negative	P68004	36
negative	P68005	36
negative	P68006	36
negative	P68007	36
negative	P68008	36
negative	P68009	36
negative	P68010	36
negative	P68171	172
negative	P68243	51
negative	P68245	51
negative	P68249	36
negative	P68260	29
negative	P68273	29
negative	P68274	29
negative	P68275	29
negative	P68954	29
negative	P68955	29
negative	P68956	29
negative	P68957	29
negative	P68987	57
negative	P68989	50
negative	P68990	50
negative	P68991	59
negative	P68992	59
positive	P69034	14
positive	P69036	14
negative	P69043	9
negative	P69048	51
negative	P69056	9
negative	P69057	9
negative	P69058	9
negative	P69092	36
negative	P69093	36
negative	P69094	36
negative	P69095	36
negative	P69096	36
negative	P69101	36
negative	P69102	36
negative	P69128	9
negative	P69129	9
positive	P69502	71
negative	P69994	100
negative	P69995	100
negative	P69996	569
negative	P69997	569
negative	P70124	375
negative	P70158	445
negative	P70623	132
negative	P70663	650
negative	P70682	604
negative	P72191	59
negative	P73061	569
negative	P73390	378
negative	P73796	100
positive	P74977	71
negative	P75030	105
positive	P75409	591
negative	P75895	266
negative	P77044	288
negative	P77837	569
negative	P78380	273
negative	P78968	515
negative	P79100	979
negative	P79227	464
negative	P79287	483
negative	P79357	138
negative	P79385	409
negative	P79391	270
negative	P80007	174
negative	P80015	246
negative	P80024	36
negative	P80029	181
negative	P80035	398
negative	P80049	132
negative	P80146	410
negative	P80167	36
positive	P80172	375
negative	P80188	198
negative	P80191	360
negative	P80208	125
negative	P80273	91
negative	P80299	554
negative	P80301	60
negative	P80351	104
negative	P80352	104
negative	P80353	100
negative	P80359	45
negative	P80370	383
negative	P80416	98
negative	P80424	46
negative	P80450	94
negative	P80663	106
negative	P80664	128
negative	P80691	184
negative	P80736	35
negative	P80952	36
negative	P81016	28
negative	P81026	36
negative	P81028	36
negative	P81039	38
negative	P81061	116
negative	P81069	414
negative	P81139	434
negative	P81187	761
negative	P81191	81
negative	P81245	157
negative	P81365	176
negative	P81366	172
negative	P81367	118
negative	P81368	116
negative	P81402	91
negative	P81423	52
negative	P81429	198
negative	P81591	41
negative	P81608	191
negative	P81622	21
negative	P81656	227
negative	P81657	202
positive	P81702	134
negative	P81714	99
negative	P81726	190
negative	P81859	49
positive	P81862	33
negative	P81880	71
negative	P82007	116
positive	P82140	66
negative	P82188	114
negative	P82353	68
negative	P82408	34
negative	P82409	34
negative	P82410	30
negative	P82708	135
negative	P82900	96
negative	P82901	67
negative	P83036	179
negative	P83051	164
negative	P83052	164
negative	P83167	94
negative	P83207	119
negative	P83394	29
negative	P83398	30
negative	P83434	91
negative	P83506	70
negative	P83508	170
negative	P83594	172
negative	P83667	185
negative	P83770	51
negative	P83790	82
negative	P83962	145
negative	P83964	142
positive	P84018	33
negative	P84282	64
negative	P84451	32
negative	P84488	28
negative	P84771	28
negative	P84772	28
negative	P84775	44
negative	P84881	144
negative	P84882	164
positive	P84900	62
negative	P85031	225
negative	P85105	91
negative	P85204	114
negative	P85206	92
positive	P85224	43
negative	P85894	91
negative	P85966	116
negative	P86137	92
positive	P86193	42
negative	P86239	314
negative	P86325	497
negative	P86412	132
negative	P86451	174
negative	P86473	322
negative	P86521	44
negative	P86527	35
negative	P86809	67
negative	P86987	183
negative	P87184	495
negative	P90698	127
negative	P91420	305
negative	P91797	180
negative	P91863	537
negative	P91896	95
negative	P91953	591
negative	P93198	139
negative	P93224	114
negative	P93431	466
negative	P93655	940
negative	P93680	326
negative	P93732	380
negative	P94667	100
negative	P95459	69
positive	P96723	154
negative	P97290	504
negative	P97470	307
negative	P97515	348
negative	P97535	456
negative	P97677	714
negative	P98106	768
negative	P98109	769
negative	P98118	646
negative	P98131	370
negative	P98137	590
negative	P98154	548
negative	P9WEW3	398
negative	P9WEW5	494
negative	P9WF06	1001
negative	P9WFE6	100
negative	P9WFF0	577
negative	P9WFF1	577
negative	P9WHR2	520
negative	P9WHR3	520
negative	P9WNH4	291
negative	P9WNH5	291
negative	P9WP64	318
negative	P9WP65	318
negative	P9WPH9	573
negative	P9WQ61	705
negative	P9WQN3	760
negative	P9WQN5	609
negative	Q00008	167
negative	Q00652	222
negative	Q00653	900
negative	Q00690	612
negative	Q00724	201
negative	Q00915	135
negative	Q01102	768
negative	Q01443	827
negative	Q01469	135
negative	Q01470	493
negative	Q01584	183
negative	Q01853	806
negative	Q01866	772
negative	Q01881	160
negative	Q01882	166
negative	Q01883	163
negative	Q01939	405
negative	Q01MB6	227
negative	Q02020	463
negative	Q02297	640
negative	Q02815	176
negative	Q02853	492
negative	Q02891	456
negative	Q02943	100
negative	Q02FF4	100
negative	Q03017	500
negative	Q03110	386
negative	Q03196	66
negative	Q03197	219
negative	Q03282	100
negative	Q03284	30
negative	Q03333	638
negative	Q03383	400
negative	Q03420	409
negative	Q03461	114
negative	Q03649	449
negative	Q03ME3	572
negative	Q03ME5	100
negative	Q04119	674
negative	Q04456	562
negative	Q04457	562
negative	Q04519	627
negative	Q04623	453
negative	Q04749	426
negative	Q05110	227
negative	Q05117	327
negative	Q05332	566
negative	Q05487	542
negative	Q05547	302
negative	Q05681	558
negative	Q05769	604
negative	Q05772	96
negative	Q05816	135
negative	Q05921	735
negative	Q05924	578
negative	Q05AK6	422
negative	Q05AS3	603
negative	Q06000	474
negative	Q06145	144
positive	Q06153	100
negative	Q06186	208
negative	Q06209	268
negative	Q06547	395
negative	Q06770	397
positive	Q06K77	336
negative	Q06VC5	501
negative	Q07098	306
negative	Q07099	306
negative	Q07100	313
negative	Q07108	199
negative	Q07397	569
negative	Q07399	100
negative	Q07444	240
negative	Q07646	335
positive	Q07730	271
negative	Q07DV3	477
negative	Q07DX6	475
negative	Q07DY6	475
negative	Q07DZ7	474
negative	Q07E17	475
negative	Q07K70	100
negative	Q07K73	570
negative	Q08209	521
negative	Q08279	128
negative	Q08431	387
negative	Q08519	320
negative	Q08535	133
negative	Q08652	134
negative	Q08662	542
negative	Q08697	175
negative	Q08716	569
negative	Q08830	312
negative	Q08DW9	398
negative	Q09131	464
negative	Q09139	132
negative	Q09169	171
negative	Q09175	709
negative	Q09496	331
negative	Q09701	642
negative	Q09803	432
negative	Q09843	340
negative	Q09TK7	88
negative	Q09TK9	105
negative	Q09YH1	477
negative	Q09YK6	477
negative	Q0BHN3	100
negative	Q0BHN5	568
negative	Q0BQ42	100
negative	Q0DN94	134
negative	Q0E2S4	307
negative	Q0E587	386
negative	Q0E588	592
negative	Q0E8C8	450
negative	Q0G819	542
negative	Q0H8B9	207
negative	Q0I656	569
negative	Q0I658	100
negative	Q0IQK9	116
negative	Q0J0A4	414
negative	Q0JJ01	635
negative	Q0KCP6	571
negative	Q0P4P2	457
negative	Q0RQR8	100
negative	Q0S4S7	573
negative	Q0S4S9	100
negative	Q0TC55	256
negative	Q0V8B6	563
negative	Q0V9K2	319
negative	Q0VC00	411
negative	Q0VD19	625
negative	Q0VIL3	371
negative	Q0VKX9	100
negative	Q0VKY1	567
negative	Q0WNE5	203
negative	Q10738	264
negative	Q10739	582
negative	Q10835	469
negative	Q108U1	475
negative	Q10916	564
negative	Q10994	98
negative	Q10ST8	96
negative	Q11005	477
negative	Q11133	384
negative	Q117Z3	570
negative	Q11VN3	570
negative	Q12385	394
negative	Q12546	614
negative	Q12918	225
negative	Q12DU1	100
negative	Q133L6	570
negative	Q13415	861
negative	Q13608	980
negative	Q14210	128
negative	Q14314	439
negative	Q144E2	100
negative	Q148C3	128
negative	Q15389	498
negative	Q15645	432
negative	Q15653	356
negative	Q15777	294
negative	Q161S8	569
negative	Q161T2	100
negative	Q16553	131
negative	Q17017	112
negative	Q17194	87
negative	Q17284	130
negative	Q17QH6	267
negative	Q17QP1	432
negative	Q17VS7	238
negative	Q18EB8	108
negative	Q18EB9	570
negative	Q19204	1020
negative	Q1B870	100
negative	Q1B872	573
negative	Q1BYH0	100
negative	Q1BYH2	568
negative	Q1C5B3	572
negative	Q1C5B5	100
negative	Q1CKJ9	572
negative	Q1CKK1	100
negative	Q1CV81	238
negative	Q1CV82	569
negative	Q1DFT5	475
negative	Q1GJP6	100
negative	Q1GJP8	570
positive	Q1HLC0	413
positive	Q1I8U1	271
negative	Q1IBP0	567
negative	Q1IBP2	100
negative	Q1J115	336
negative	Q1JPD2	558
positive	Q1JPL7	557
negative	Q1JU72	304
negative	Q1KN10	163
negative	Q1KN12	163
negative	Q1KN16	163
negative	Q1KN19	165
negative	Q1KN21	165
negative	Q1KN23	163
negative	Q1LPT2	100
negative	Q1LVW0	1021
negative	Q1LZ86	337
negative	Q1LZC5	299
negative	Q1LZH7	858
negative	Q1MCV5	100
negative	Q1MCV9	570
negative	Q1PBC5	375
negative	Q1PDW5	688
negative	Q1PDX5	762
negative	Q1QC34	100
negative	Q1QC36	611
negative	Q1QCE0	567
negative	Q1QCE2	100
negative	Q1QV51	100
negative	Q1R5M2	256
negative	Q1RHK6	70
negative	Q1RMI3	383
negative	Q1RMQ4	116
negative	Q1RMR1	491
negative	Q1X6X8	165
negative	Q1X6X9	163
negative	Q1X6Y1	163
negative	Q1X6Y2	165
negative	Q1X6Y3	165
negative	Q1X6Y5	165
negative	Q1X6Y7	163
negative	Q1X6Y8	164
negative	Q1X6Y9	164
negative	Q1X6Z0	159
negative	Q1X6Z1	163
negative	Q1X6Z2	163
negative	Q1X6Z3	163
negative	Q1X6Z4	163
negative	Q1X700	191
negative	Q1X709	199
negative	Q1X711	192
negative	Q20748	595
negative	Q20YI1	400
negative	Q210F9	570
negative	Q21P94	568
negative	Q21P96	100
negative	Q21SZ2	581
negative	Q23255	728
negative	Q23498	618
negative	Q24093	398
negative	Q24145	939
negative	Q24K15	498
negative	Q26261	947
negative	Q26643	629
negative	Q27497	329
negative	Q28133	172
negative	Q28193	797
negative	Q28369	201
negative	Q28376	138
negative	Q28388	180
negative	Q28397	477
negative	Q28640	526
negative	Q28679	202
negative	Q28768	372
negative	Q28933	81
negative	Q28986	103
negative	Q28987	103
negative	Q28988	103
negative	Q28RK0	100
negative	Q29095	189
negative	Q29147	180
negative	Q29290	98
negative	Q29487	191
negative	Q29524	478
negative	Q29562	191
negative	Q29614	174
negative	Q298L4	788
negative	Q29RH0	153
negative	Q29RQ1	843
negative	Q29RU4	932
negative	Q29RV0	166
negative	Q29W19	176
negative	Q2FEK3	571
negative	Q2FEK5	100
negative	Q2FVW5	100
positive	Q2FWP1	330
negative	Q2G2K5	571
negative	Q2HJM9	335
negative	Q2IBE3	475
negative	Q2IS70	400
negative	Q2IZ52	100
negative	Q2JES6	575
negative	Q2JJ72	100
negative	Q2JQ88	572
negative	Q2JWP0	569
negative	Q2K512	100
negative	Q2K517	570
negative	Q2KI79	313
negative	Q2KJ15	211
negative	Q2KJ51	410
negative	Q2KJH6	418
negative	Q2KJI7	805
negative	Q2LK94	271
negative	Q2NKZ5	128
negative	Q2PUH2	129
negative	Q2Q1P1	141
negative	Q2Q1P2	141
negative	Q2QLC6	475
negative	Q2QLG0	477
negative	Q2QYL2	117
negative	Q2QYL3	121
negative	Q2R8P2	439
negative	Q2SDQ1	567
negative	Q2SDQ3	100
negative	Q2SYF5	100
negative	Q2SYF7	564
negative	Q2TAP9	312
negative	Q2TBM7	393
negative	Q2TNK5	412
negative	Q2V3C1	119
negative	Q2XXN5	144
negative	Q2Y9M7	568
negative	Q2Y9M9	100
negative	Q2YQD8	573
negative	Q2YQE0	100
negative	Q2YYQ6	571
negative	Q2YYQ8	100
negative	Q31B49	569
negative	Q31B51	100
negative	Q32KQ9	126
negative	Q32KY0	189
negative	Q32L79	205
negative	Q32PY2	451
negative	Q337A0	520
negative	Q38924	469
negative	Q39102	716
negative	Q39547	731
negative	Q39649	141
negative	Q39785	302
negative	Q39794	116
negative	Q39799	324
negative	Q39950	116
negative	Q39IW3	568
negative	Q3AGD0	569
negative	Q3AGD2	100
negative	Q3AVR1	569
negative	Q3AVR3	100
negative	Q3E884	616
negative	Q3HRV4	129
positive	Q3HXX9	245
negative	Q3IH68	567
negative	Q3IH70	100
negative	Q3IRZ4	109
negative	Q3IRZ5	570
negative	Q3J154	568
negative	Q3J768	100
negative	Q3J770	566
negative	Q3JPJ8	100
negative	Q3KIT2	566
negative	Q3KP44	614
negative	Q3KRE0	591
negative	Q3LIE5	342
negative	Q3M709	100
negative	Q3M712	568
negative	Q3MIB4	852
negative	Q3S2X5	163
negative	Q3SWW8	961
negative	Q3SWW9	327
negative	Q3SX23	852
negative	Q3SX45	633
negative	Q3SXB8	272
negative	Q3SY69	923
negative	Q3SYW2	750
negative	Q3SZ79	500
negative	Q3SZZ7	312
negative	Q3T0E7	330
negative	Q3T930	381
negative	Q3TYA6	858
negative	Q3U4B4	400
negative	Q3UA06	432
negative	Q3ULF4	781
negative	Q3UTS8	97
negative	Q3UTY6	1018
negative	Q3V0J4	497
negative	Q3ZBT1	806
negative	Q3ZC91	450
negative	Q40189	78
negative	Q40190	89
negative	Q40374	173
negative	Q41015	217
negative	Q41073	123
negative	Q41258	132
negative	Q41359	167
negative	Q41433	221
negative	Q41448	221
negative	Q41480	221
negative	Q41484	213
negative	Q41596	321
negative	Q42328	89
negative	Q42589	118
negative	Q42614	117
negative	Q42615	117
negative	Q42616	117
negative	Q42641	118
negative	Q42642	117
negative	Q42762	116
negative	Q42842	115
negative	Q42952	114
negative	Q42993	323
negative	Q43017	117
negative	Q43019	123
negative	Q43119	116
negative	Q43129	120
negative	Q43193	118
negative	Q43194	122
negative	Q43304	118
negative	Q43495	102
negative	Q43533	90
negative	Q43534	90
negative	Q43645	220
negative	Q43646	220
negative	Q43681	99
negative	Q43691	121
negative	Q43723	121
negative	Q43748	117
negative	Q43766	118
negative	Q43871	115
negative	Q43875	115
positive	Q44066	85
negative	Q44078	46
negative	Q44184	457
negative	Q44317	46
negative	Q44492	997
negative	Q44493	553
negative	Q44495	997
negative	Q45100	54
negative	Q45670	401
positive	Q45729	340
negative	Q45KJ4	250
negative	Q45KJ5	202
negative	Q45KJ6	247
negative	Q45KW7	132
negative	Q46664	70
positive	Q46668	258
negative	Q46IY3	569
negative	Q46IY5	100
negative	Q473R2	100
negative	Q47G53	100
negative	Q47G55	569
negative	Q47HL4	289
negative	Q47M62	497
negative	Q48493	46
negative	Q48DE6	566
negative	Q48DF0	100
negative	Q48PA1	379
positive	Q48R29	398
negative	Q492E7	100
negative	Q492E9	567
negative	Q495B1	522
negative	Q499S5	491
negative	Q49KF8	285
negative	Q4A0J3	100
negative	Q4A0J5	571
negative	Q4FE47	462
negative	Q4FP51	372
negative	Q4G1C9	344
negative	Q4JHE0	420
negative	Q4KJ06	100
negative	Q4KJ10	566
positive	Q4MV79	476
positive	Q4PMS3	125
negative	Q4QN09	572
negative	Q4R128	103
negative	Q4R2Y9	425
negative	Q4R407	491
negative	Q4R4S5	399
negative	Q4R584	440
negative	Q4R766	398
negative	Q4R8P0	558
negative	Q4TZH2	133
negative	Q4UJ75	823
negative	Q4UMU5	70
negative	Q4V890	654
negative	Q4VBE4	1017
negative	Q4WM22	388
negative	Q4WQU0	594
negative	Q4WUR1	534
negative	Q4ZN06	566
negative	Q4ZN10	100
negative	Q4ZUD1	231
negative	Q4ZUD2	570
negative	Q4ZZ78	379
negative	Q501P1	440
negative	Q504P2	267
negative	Q505J9	361
negative	Q51553	300
negative	Q51559	295
negative	Q52011	286
negative	Q52287	46
negative	Q52400	614
negative	Q52532	283
negative	Q52R90	138
negative	Q53816	46
positive	Q53957	574
negative	Q53984	45
negative	Q53F39	396
negative	Q53H76	456
negative	Q53RD9	439
positive	Q54316	828
positive	Q54318	268
negative	Q54528	298
negative	Q54809	298
negative	Q54KQ7	655
negative	Q54LF0	778
negative	Q54ME1	448
negative	Q54RD6	312
negative	Q54SR8	446
negative	Q55053	100
negative	Q55217	298
negative	Q554E7	751
negative	Q55700	627
negative	Q55CT0	600
negative	Q55GC7	438
negative	Q56178	46
negative	Q566C8	299
negative	Q566Y9	381
negative	Q568T5	296
negative	Q56922	46
negative	Q56JX9	132
negative	Q57CF0	100
negative	Q58576	430
negative	Q58CQ5	728
negative	Q58D62	387
negative	Q58T08	437
negative	Q59324	286
negative	Q59DY5	150
negative	Q59HJ6	961
negative	Q59PV6	410
negative	Q59WG5	202
negative	Q59ZX3	271
negative	Q5A6B6	416
negative	Q5AB49	317
negative	Q5AG40	439
negative	Q5AT15	517
negative	Q5BIR3	849
negative	Q5BJ92	307
negative	Q5BKQ4	473
negative	Q5CZK3	131
negative	Q5CZK5	135
negative	Q5DT37	247
negative	Q5DT39	243
negative	Q5E9F9	433
negative	Q5EA59	342
negative	Q5EA66	344
negative	Q5EB47	195
positive	Q5ECE3	201
negative	Q5EE05	349
negative	Q5EGE1	461
positive	Q5EPH2	97
negative	Q5FB23	565
negative	Q5FB24	223
negative	Q5FUF4	396
negative	Q5HDR8	571
negative	Q5HDS0	100
negative	Q5HLW1	571
negative	Q5HLW3	100
negative	Q5HY92	759
negative	Q5IS42	116
negative	Q5IS74	563
negative	Q5JQD4	70
negative	Q5KQS1	324
negative	Q5KQS2	342
negative	Q5KQS3	324
negative	Q5KQS4	324
negative	Q5KQS5	324
negative	Q5KYL9	101
negative	Q5KYM1	569
negative	Q5LSQ2	569
negative	Q5LSQ4	100
negative	Q5M1G8	100
negative	Q5M607	572
negative	Q5M609	100
negative	Q5M886	337
negative	Q5M8C6	314
negative	Q5MIZ0	153
negative	Q5NKN2	223
negative	Q5NKN4	223
negative	Q5NZF6	250
negative	Q5PLY8	256
negative	Q5PPM0	339
negative	Q5PXY7	138
negative	Q5QGZ9	265
negative	Q5R1U3	94
negative	Q5R2J5	137
negative	Q5R658	444
negative	Q5R6S0	558
negative	Q5R740	327
negative	Q5R767	303
negative	Q5R7R7	853
negative	Q5RA73	370
negative	Q5RAD0	843
negative	Q5RBI4	349
negative	Q5RBM7	135
negative	Q5RBP8	469
negative	Q5RBQ5	456
negative	Q5RBS3	417
negative	Q5REC2	638
negative	Q5RF15	618
negative	Q5RFL1	564
negative	Q5RII9	485
negative	Q5RK23	412
negative	Q5RLZ1	541
negative	Q5SI82	624
negative	Q5SMU7	814
negative	Q5U2S6	634
negative	Q5U312	978
negative	Q5U3G1	271
negative	Q5U3S1	488
negative	Q5VFH6	186
negative	Q5VJ73	396
negative	Q5VJ76	419
negative	Q5VXI9	398
negative	Q5VXJ0	399
negative	Q5VYY2	423
negative	Q5W188	147
negative	Q5W7F4	1007
negative	Q5W7P8	578
positive	Q5WPS9	409
negative	Q5XF51	384
negative	Q5XHZ9	432
negative	Q5XIC4	261
negative	Q5XIK7	488
negative	Q5XJ13	739
negative	Q5XTQ4	574
negative	Q5YWR8	573
negative	Q5YWS0	100
negative	Q5ZIJ9	954
negative	Q5ZIN0	381
negative	Q5ZK92	613
negative	Q5ZM55	627
negative	Q60549	107
negative	Q60590	207
negative	Q60660	288
negative	Q60676	499
negative	Q60682	266
negative	Q60687	130
negative	Q60773	166
negative	Q60778	359
negative	Q60FC1	497
negative	Q60HE4	133
negative	Q60HE6	707
negative	Q60HH1	563
negative	Q61139	770
negative	Q61483	722
negative	Q61646	347
negative	Q61CX7	237
negative	Q62422	215
negative	Q62426	98
negative	Q62471	182
negative	Q62587	110
negative	Q62590	101
negative	Q627N3	333
negative	Q62849	783
negative	Q62HS0	568
negative	Q62HS2	100
negative	Q63341	465
negative	Q63347	433
negative	Q63369	973
negative	Q63415	937
negative	Q63430	154
negative	Q63570	418
negative	Q63805	206
negative	Q63HQ2	1017
negative	Q63RL3	568
negative	Q63RL5	100
negative	Q63ZY3	851
negative	Q640P2	490
negative	Q64171	177
negative	Q64181	470
negative	Q64194	397
negative	Q641W4	349
negative	Q641Z7	445
negative	Q64253	136
negative	Q64299	354
negative	Q64329	266
negative	Q64424	470
negative	Q64425	457
negative	Q647G9	145
negative	Q64K33	399
negative	Q64K34	397
negative	Q64K36	400
negative	Q65XV2	450
negative	Q65YR7	95
negative	Q65YR8	94
negative	Q66H85	722
negative	Q66RP5	131
positive	Q66S21	376
negative	Q66S50	248
negative	Q66S61	248
negative	Q66S62	248
negative	Q66S63	248
negative	Q67WJ2	686
negative	Q688M5	334
negative	Q68DC2	871
negative	Q68GV9	382
negative	Q68KK0	346
negative	Q68W69	70
negative	Q69F56	397
negative	Q69F58	504
negative	Q69UZ3	1002
negative	Q69ZU8	712
negative	Q6AU07	407
negative	Q6AWW0	121
negative	Q6AX44	457
negative	Q6AYT7	398
negative	Q6C520	702
negative	Q6CLY8	368
negative	Q6DBU8	454
negative	Q6DCQ6	790
negative	Q6DI48	772
negative	Q6DRD9	317
negative	Q6E0V2	491
negative	Q6EIG7	209
negative	Q6EMK4	673
negative	Q6EV78	141
negative	Q6EWX1	417
positive	Q6EZC2	347
negative	Q6F3J0	972
negative	Q6FD83	566
negative	Q6FD85	100
negative	Q6FEQ3	387
negative	Q6G734	100
negative	Q6GEE4	571
negative	Q6GEE6	100
negative	Q6GL04	805
negative	Q6GNY1	1011
negative	Q6GPE5	629
negative	Q6GQL2	327
negative	Q6GQX6	883
negative	Q6GUL6	153
negative	Q6GX84	677
negative	Q6H9L7	571
negative	Q6IE26	359
negative	Q6IE32	85
negative	Q6IE46	98
negative	Q6IY73	129
negative	Q6IY74	141
negative	Q6JVE5	192
negative	Q6JVE9	175
negative	Q6JVL5	193
negative	Q6K8R2	271
negative	Q6MG55	558
negative	Q6N1G8	400
negative	Q6N3N0	100
negative	Q6N3N3	570
negative	Q6NAM1	302
negative	Q6NLQ8	508
negative	Q6NT52	163
negative	Q6NVU2	323
negative	Q6NW58	570
negative	Q6NXT1	300
negative	Q6P1H6	964
negative	Q6P5P5	335
negative	Q6P734	504
negative	Q6PE15	297
negative	Q6PIW4	674
positive	Q6PQK2	205
negative	Q6Q2C2	555
negative	Q6Q3H0	310
negative	Q6Q7I7	242
negative	Q6QLQ4	244
positive	Q6RY98	351
negative	Q6SI68	130
negative	Q6T6T4	140
negative	Q6TMA8	405
negative	Q6TNA5	595
negative	Q6TNA6	282
negative	Q6TPH1	458
negative	Q6U830	129
negative	Q6UR35	100
negative	Q6UR44	100
negative	Q6UR53	100
negative	Q6UR62	100
negative	Q6UR78	100
negative	Q6UR86	100
negative	Q6UVW9	174
negative	Q6UW60	755
negative	Q6UWW0	184
negative	Q6UXR4	307
negative	Q6UXZ4	953
negative	Q6UY11	383
negative	Q6V9H4	300
negative	Q6X7V3	132
negative	Q6XBH1	274
negative	Q6XZB0	460
negative	Q6Y4Q5	478
negative	Q6YK33	110
negative	Q6ZFW0	94
negative	Q6ZMM2	481
negative	Q6ZMP0	1018
negative	Q6ZMU1	363
negative	Q6ZN17	250
negative	Q6ZNF0	438
negative	Q6ZST4	164
negative	Q6ZT21	453
negative	Q700D5	417
negative	Q704Y3	839
negative	Q70DK5	842
negative	Q70GH4	596
negative	Q70J59	602
negative	Q70UZ7	791
negative	Q70X92	293
negative	Q710E8	809
negative	Q719N1	616
negative	Q71KU9	314
negative	Q71S21	1002
negative	Q71S22	1007
negative	Q72R95	366
negative	Q733J6	570
negative	Q73UB0	392
negative	Q75JI3	738
positive	Q75WF2	358
negative	Q75ZQ4	128
negative	Q75ZQ5	568
negative	Q761X5	931
negative	Q76KX0	310
negative	Q76LA0	98
negative	Q76U48	238
negative	Q78EH2	678
negative	Q793F9	437
negative	Q79VJ3	570
negative	Q7DNA1	340
negative	Q7FK82	669
negative	Q7K5M0	655
negative	Q7K740	397
negative	Q7KN62	801
negative	Q7KUD5	108
negative	Q7L211	337
negative	Q7M429	133
negative	Q7M4G0	132
negative	Q7M4G1	132
negative	Q7MPY0	255
negative	Q7N4Y9	100
positive	Q7N8B1	408
negative	Q7NPW5	254
positive	Q7Q3R9	103
negative	Q7QIJ8	409
negative	Q7SHI0	342
negative	Q7SY73	337
negative	Q7T291	322
negative	Q7T2Z5	931
negative	Q7T3E4	568
negative	Q7T6X8	401
negative	Q7TP65	964
negative	Q7TPA5	422
negative	Q7TQP6	835
negative	Q7TSK7	957
negative	Q7TXK7	705
negative	Q7U3I3	569
negative	Q7U3I5	100
negative	Q7UG04	623
negative	Q7V1B4	100
negative	Q7V1B6	569
negative	Q7VRS4	100
negative	Q7VUD0	100
negative	Q7VUD3	571
negative	Q7W417	571
negative	Q7WES8	415
negative	Q7X8H9	159
negative	Q7XI08	513
negative	Q7XK25	475
negative	Q7XMK0	385
negative	Q7XMK1	392
negative	Q7XQR9	705
negative	Q7XUN6	673
negative	Q7Y1Z0	288
negative	Q7YSW8	623
positive	Q7YT37	269
negative	Q7Z156	207
negative	Q7Z3S9	236
negative	Q7ZU99	806
negative	Q7ZZV4	147
negative	Q802V6	432
negative	Q803L0	202
negative	Q805D4	158
negative	Q805D7	133
negative	Q805D8	139
negative	Q80SY4	1006
negative	Q80UU1	748
negative	Q80VM7	985
negative	Q80W65	694
negative	Q80XL7	396
negative	Q80Y72	140
negative	Q80YU0	474
negative	Q80Z32	848
negative	Q80ZA0	313
negative	Q80ZC8	226
negative	Q80ZN5	141
negative	Q810Z1	182
negative	Q811M5	934
negative	Q812B2	130
negative	Q826R9	573
negative	Q826S1	100
negative	Q82JN8	227
negative	Q82SL8	252
negative	Q83730	483
positive	Q838U8	487
negative	Q83RI9	69
negative	Q83U21	100
negative	Q83WC8	276
negative	Q84C00	334
negative	Q84K11	556
negative	Q84LR6	401
negative	Q84N29	122
negative	Q84XU2	538
negative	Q85339	369
negative	Q862Z5	98
negative	Q863A0	752
negative	Q864W0	764
negative	Q867X2	132
negative	Q867X3	132
negative	Q86GC9	132
negative	Q86SG2	305
negative	Q86TH1	951
negative	Q86WA8	852
negative	Q86XH1	822
negative	Q86XS5	388
negative	Q86YT6	1006
negative	Q86YW7	130
negative	Q87BG9	370
negative	Q87VP0	566
negative	Q87VP4	100
negative	Q883F3	231
negative	Q88CT3	379
negative	Q88J04	567
negative	Q88J06	100
negative	Q89UG0	572
negative	Q89UG3	100
negative	Q8AVK2	252
negative	Q8AYA2	166
negative	Q8BFS3	140
negative	Q8BFS6	312
negative	Q8BH35	589
negative	Q8BIW9	969
negative	Q8BM14	398
negative	Q8BMY7	86
negative	Q8BPY9	683
negative	Q8BRU4	238
negative	Q8BX02	843
negative	Q8BX37	438
negative	Q8C0T1	654
negative	Q8C1T8	218
negative	Q8CEF1	617
negative	Q8CEK3	90
negative	Q8CF98	277
negative	Q8CG07	660
negative	Q8CG16	707
negative	Q8CGK3	949
negative	Q8CI19	345
negative	Q8CIE0	424
negative	Q8CIV3	451
negative	Q8CJC7	226
negative	Q8CNC9	571
negative	Q8E8N6	263
negative	Q8FQX2	571
negative	Q8FRT0	377
negative	Q8FZW2	573
negative	Q8FZW4	100
negative	Q8G2P8	570
negative	Q8G2Q0	100
negative	Q8GB88	553
negative	Q8GH98	234
negative	Q8GHL1	255
negative	Q8GUD7	295
negative	Q8GUK4	766
negative	Q8GWW6	342
negative	Q8GWX9	759
negative	Q8GYH5	426
negative	Q8H129	366
negative	Q8H1R2	615
negative	Q8H4L8	157
negative	Q8H5F8	321
negative	Q8HXV2	110
negative	Q8HY17	140
negative	Q8HY83	129
negative	Q8HY84	129
negative	Q8HZR9	141
negative	Q8I030	98
negative	Q8I0V0	688
negative	Q8I2X3	396
negative	Q8I430	769
negative	Q8IUS5	362
negative	Q8IVF6	992
negative	Q8IWL1	248
negative	Q8IX05	232
negative	Q8IYT4	538
negative	Q8IZJ1	945
negative	Q8J0D7	397
negative	Q8J0D8	424
negative	Q8JGT4	943
positive	Q8JHE1	144
negative	Q8JZM4	737
negative	Q8JZQ2	802
negative	Q8K009	923
negative	Q8K0E8	481
negative	Q8K0L0	634
negative	Q8K0T4	488
negative	Q8K182	587
negative	Q8K1E3	382
negative	Q8K1H9	176
negative	Q8K1S2	956
negative	Q8K1S3	945
negative	Q8K2A6	422
negative	Q8K3F2	568
negative	Q8K4F5	307
negative	Q8K5A3	139
negative	Q8L774	389
negative	Q8L7D2	736
negative	Q8L7I2	778
negative	Q8L7U5	881
negative	Q8LC76	232
negative	Q8LFX7	469
negative	Q8LSN3	303
positive	Q8LW54	77
negative	Q8MHY9	179
negative	Q8MJ25	176
negative	Q8MJ47	327
negative	Q8MNV0	512
positive	Q8MTX1	102
negative	Q8MUC1	133
negative	Q8MVB6	133
negative	Q8MZS4	575
negative	Q8N119	569
negative	Q8N2K0	398
negative	Q8N539	461
negative	Q8N6D5	301
negative	Q8NB90	893
negative	Q8NBP7	692
negative	Q8NBU5	361
negative	Q8NC01	280
negative	Q8NER1	839
negative	Q8NET8	790
negative	Q8NFD2	765
negative	Q8NFT8	737
negative	Q8NFV4	306
negative	Q8NI99	470
negative	Q8NKB0	264
positive	Q8NVK6	26
negative	Q8P6V8	369
negative	Q8P8L2	380
negative	Q8PDF3	253
negative	Q8QN36	668
negative	Q8R0P8	439
negative	Q8R0Z6	457
negative	Q8R164	291
negative	Q8R1Q3	337
negative	Q8R2Y0	336
negative	Q8R516	973
negative	Q8RPY7	100
negative	Q8RR56	552
negative	Q8RY16	941
negative	Q8RYE7	97
negative	Q8S341	328
negative	Q8SQ74	752
negative	Q8SQJ3	465
negative	Q8SS86	535
negative	Q8T2Q0	698
negative	Q8TB40	342
negative	Q8U1N9	426
negative	Q8UCS6	100
negative	Q8UVC1	1021
negative	Q8UWJ4	717
positive	Q8V790	169
negative	Q8VBX1	493
negative	Q8VCC9	807
negative	Q8VCG4	202
negative	Q8VCM7	436
negative	Q8VD66	342
negative	Q8VD98	217
negative	Q8VE42	238
negative	Q8VEJ9	437
negative	Q8VHA6	467
negative	Q8VHS6	583
negative	Q8VI78	456
negative	Q8VIH8	130
negative	Q8VII2	128
negative	Q8VII3	130
positive	Q8VSL8	484
negative	Q8VTT5	457
negative	Q8VYU7	339
negative	Q8VZG2	576
negative	Q8W585	685
negative	Q8WMH2	202
negative	Q8WMS6	330
negative	Q8WMX7	475
negative	Q8WN18	141
negative	Q8WN19	129
negative	Q8WNM0	190
negative	Q8WNM1	190
negative	Q8WNR9	98
negative	Q8WTS1	349
negative	Q8WTT0	213
negative	Q8WU67	409
negative	Q8WVB6	975
negative	Q8WVL7	239
negative	Q8WWH4	475
negative	Q8WX39	176
negative	Q8WXF3	142
negative	Q8WXI3	467
negative	Q8XAG0	567
negative	Q8XAG2	100
negative	Q8XXS8	100
negative	Q8YF71	100
negative	Q8YF72	570
negative	Q8YHZ6	100
negative	Q8YHZ8	573
negative	Q8YLG0	266
negative	Q8YQZ0	568
positive	Q8Z6A7	269
negative	Q8ZMH3	218
negative	Q8ZNY9	216
positive	Q90121	127
negative	Q90225	137
negative	Q90325	161
negative	Q90611	663
negative	Q90986	126
negative	Q90WX8	127
negative	Q90YC2	616
negative	Q91120	120
negative	Q91189	178
negative	Q91775	132
negative	Q91971	178
negative	Q91974	318
negative	Q91V08	207
negative	Q91V98	765
negative	Q91W50	798
negative	Q91WK7	299
negative	Q91XU0	660
negative	Q91YQ3	154
negative	Q91ZH7	411
negative	Q91ZT8	290
positive	Q92035	606
negative	Q920A7	789
negative	Q923B1	550
negative	Q92478	149
negative	Q92485	455
negative	Q924P3	175
negative	Q925I1	591
negative	Q925I7	370
negative	Q925S8	715
negative	Q92GV1	70
positive	Q939S9	383
positive	Q939T0	123
negative	Q93LQ6	699
negative	Q93PJ4	569
negative	Q93PJ5	225
positive	Q93Q17	475
positive	Q93RR6	303
negative	Q93ZX1	339
negative	Q944L7	391
negative	Q949H3	314
negative	Q949Y3	475
negative	Q94B55	456
negative	Q94K01	418
negative	Q95000	357
negative	Q95001	337
negative	Q95114	427
negative	Q95121	416
negative	Q95182	187
negative	Q95220	582
negative	Q95229	241
negative	Q95235	372
negative	Q95237	372
negative	Q95J82	129
negative	Q95J85	141
negative	Q95J88	138
negative	Q95LG1	610
negative	Q95LU3	431
negative	Q95MI4	240
negative	Q95MI5	233
positive	Q95P89	60
negative	Q95X35	365
negative	Q96285	661
negative	Q965W1	152
negative	Q96AX9	955
negative	Q96I13	439
negative	Q96JP0	617
negative	Q96NS5	453
negative	Q96R05	134
negative	Q96S55	665
negative	Q96SE0	405
negative	Q96TA2	773
negative	Q96VC9	498
negative	Q972V9	219
negative	Q972W0	557
negative	Q98849	140
negative	Q988D4	278
negative	Q98CY9	570
negative	Q98TA4	254
negative	Q99156	486
positive	Q99289	418
negative	Q99405	380
negative	Q99542	508
negative	Q99J62	364
negative	Q99JB4	223
negative	Q99LC9	981
negative	Q99LR1	398
negative	Q99MG7	172
negative	Q99P60	132
negative	Q99P61	133
negative	Q99PP0	367
negative	Q99PW6	618
positive	Q99Q01	565
negative	Q9AQM4	290
negative	Q9AQT6	100
negative	Q9ATH2	115
negative	Q9AVB0	361
negative	Q9AYP9	194
negative	Q9BDI9	142
negative	Q9BDJ0	129
negative	Q9BDY7	496
negative	Q9BDY8	498
negative	Q9BMK3	133
negative	Q9BRF8	314
negative	Q9BSK4	669
negative	Q9BV23	337
negative	Q9BVQ7	753
negative	Q9BW62	490
negative	Q9BWP8	271
negative	Q9BY76	406
negative	Q9C291	739
negative	Q9C510	466
negative	Q9C587	956
negative	Q9C5U3	419
negative	Q9C7S6	215
negative	Q9C7U8	753
negative	Q9C927	396
negative	Q9CQ31	323
negative	Q9CQ35	332
negative	Q9CQC8	308
negative	Q9CR86	148
negative	Q9CXM0	273
negative	Q9CYL5	154
negative	Q9CZK6	655
negative	Q9CZP5	418
negative	Q9CZT5	673
negative	Q9D1H9	257
negative	Q9D267	178
negative	Q9D3H2	163
negative	Q9D3R6	539
negative	Q9D5T0	361
negative	Q9D676	269
negative	Q9DAA4	237
negative	Q9DAK4	132
negative	Q9DAN8	128
negative	Q9DBL9	351
negative	Q9DBN5	852
negative	Q9DCG2	228
negative	Q9DCQ7	411
negative	Q9DD23	127
negative	Q9DG80	140
negative	Q9DG81	132
negative	Q9DGI0	341
negative	Q9EP71	979
negative	Q9EPC5	134
negative	Q9EPL5	464
negative	Q9EQ09	363
negative	Q9EQT1	370
negative	Q9EQV6	563
negative	Q9EQX6	345
negative	Q9ERZ8	871
negative	Q9ESP7	630
negative	Q9ET61	643
negative	Q9FAS7	100
negative	Q9FCD3	573
negative	Q9FGJ4	131
negative	Q9FGM0	806
negative	Q9FGU3	741
negative	Q9FH02	704
negative	Q9FH31	165
negative	Q9FHA4	736
negative	Q9FI12	840
negative	Q9FIF0	694
negative	Q9FIF1	674
negative	Q9FIF8	729
negative	Q9FIG1	736
negative	Q9FIG2	732
negative	Q9FIM2	806
negative	Q9FIM5	713
negative	Q9FIM6	710
negative	Q9FJI4	675
negative	Q9FK76	791
negative	Q9FLD5	514
negative	Q9FLI4	780
negative	Q9FMK9	389
negative	Q9FN02	413
negative	Q9FNP4	174
positive	Q9FRT9	90
negative	Q9FZ33	473
negative	Q9GLD0	153
negative	Q9GLE4	582
negative	Q9GLE5	661
negative	Q9GLF3	185
negative	Q9GLK4	132
negative	Q9GLN8	476
negative	Q9GLP6	476
negative	Q9GLR0	638
negative	Q9GLR1	753
negative	Q9GLX9	807
negative	Q9GME8	233
negative	Q9GU69	64
negative	Q9GZP0	370
negative	Q9GZV1	360
negative	Q9H112	138
negative	Q9H114	145
negative	Q9H1D0	765
negative	Q9H239	520
negative	Q9H306	513
negative	Q9H3Z7	469
negative	Q9H4G1	147
negative	Q9H4G4	154
negative	Q9H6B9	360
negative	Q9H8Y5	726
negative	Q9H9E1	313
negative	Q9H9P2	273
negative	Q9H9Z2	209
negative	Q9HBA0	871
negative	Q9HCB6	807
negative	Q9HCU0	757
negative	Q9HDU9	601
negative	Q9HRW4	387
negative	Q9HUU5	566
negative	Q9I2V0	240
negative	Q9I946	345
negative	Q9I9P7	178
negative	Q9IAM7	700
negative	Q9IAT6	664
negative	Q9IBF7	367
negative	Q9J531	342
negative	Q9J5F9	358
negative	Q9J5G3	337
negative	Q9J5J1	355
negative	Q9JHI0	527
negative	Q9JIA3	359
negative	Q9JIM0	706
negative	Q9JK69	129
negative	Q9JL95	222
negative	Q9JM61	851
negative	Q9JM84	148
negative	Q9JSN0	312
negative	Q9KG61	100
negative	Q9KN00	70
negative	Q9L5A4	624
negative	Q9LDB4	113
negative	Q9LEA3	523
negative	Q9LFT6	258
negative	Q9LHE7	303
negative	Q9LLL8	749
negative	Q9LLR6	112
negative	Q9LLR7	115
negative	Q9LMG7	656
negative	Q9LMX4	613
negative	Q9LNU1	769
negative	Q9LR78	793
negative	Q9LSR8	766
negative	Q9LSS0	668
negative	Q9LUM3	775
negative	Q9LVJ1	777
negative	Q9LX83	388
negative	Q9LXI7	427
negative	Q9LZF5	274
negative	Q9LZF6	810
negative	Q9LZV9	116
negative	Q9M020	688
negative	Q9M0Y8	742
negative	Q9M1Z9	626
negative	Q9M2U5	273
negative	Q9M3D8	664
negative	Q9M3E5	682
positive	Q9M4E3	149
negative	Q9M5X6	115
negative	Q9M5X7	115
negative	Q9M5X8	117
negative	Q9M895	622
negative	Q9M8Y9	202
negative	Q9M9L7	942
negative	Q9M9L8	924
negative	Q9M9W3	318
negative	Q9MAK9	399
negative	Q9MAP4	734
negative	Q9MAP5	777
negative	Q9MAP7	774
negative	Q9MYK8	180
negative	Q9MZJ3	233
negative	Q9MZK6	231
negative	Q9N2D0	367
negative	Q9N3T5	782
negative	Q9NAG4	813
negative	Q9NAS8	375
negative	Q9NES8	496
negative	Q9NPA2	562
negative	Q9NPH6	170
negative	Q9NQA5	729
negative	Q9NR61	685
negative	Q9NRE1	261
negative	Q9NS62	852
negative	Q9NUJ1	306
negative	Q9NVI7	586
negative	Q9NXR5	420
negative	Q9NY56	170
negative	Q9NYJ7	618
negative	Q9NZD8	308
negative	Q9P0K7	980
negative	Q9P8G3	494
negative	Q9PRQ9	29
negative	Q9PUR0	120
negative	Q9PUR1	160
negative	Q9PW98	146
negative	Q9QUL6	744
negative	Q9QUQ5	974
negative	Q9QX29	975
negative	Q9QX79	378
negative	Q9QXC1	388
negative	Q9QXM0	425
negative	Q9QXU1	172
negative	Q9QY05	191
negative	Q9QYA9	128
negative	Q9QYY8	614
negative	Q9QZC8	412
negative	Q9QZQ5	351
negative	Q9R001	930
negative	Q9R007	190
negative	Q9R045	493
negative	Q9R0S2	618
negative	Q9R1E9	347
negative	Q9RA51	380
positive	Q9RFY6	231
negative	Q9RYJ3	228
negative	Q9RYJ4	568
negative	Q9S747	30
negative	Q9S7I3	118
negative	Q9S8I2	29
negative	Q9S8M0	323
negative	Q9SA75	832
negative	Q9SAJ3	1008
negative	Q9SAY3	340
negative	Q9SB68	311
negative	Q9SCN8	815
negative	Q9SCX8	338
negative	Q9SE00	473
negative	Q9SEI3	399
negative	Q9SEX2	523
negative	Q9SHS7	1006
negative	Q9SI18	441
negative	Q9SIV9	468
negative	Q9SJF0	1018
negative	Q9SL67	443
negative	Q9STF7	736
negative	Q9SU24	813
negative	Q9SUN6	856
negative	Q9SVT4	759
negative	Q9SW93	113
negative	Q9SX52	303
negative	Q9SZD4	443
negative	Q9SZV5	816
negative	Q9SZY2	777
negative	Q9TQY7	51
negative	Q9TR93	36
negative	Q9TRM8	177
negative	Q9TSZ0	477
negative	Q9TT35	412
negative	Q9TT36	411
negative	Q9TT92	207
negative	Q9TTK7	274
negative	Q9TUQ3	843
negative	Q9U1G6	132
negative	Q9U5P1	131
negative	Q9U8W7	316
negative	Q9U8W8	292
negative	Q9UAS2	132
negative	Q9UAY4	589
negative	Q9UBP0	616
negative	Q9UGM5	382
negative	Q9UI38	385
negative	Q9UK73	627
negative	Q9UL62	973
negative	Q9ULZ9	603
negative	Q9UMR7	237
negative	Q9UN37	437
negative	Q9UNA0	930
negative	Q9UP79	889
negative	Q9UQ90	795
negative	Q9URR2	397
negative	Q9US39	601
negative	Q9UTS0	451
negative	Q9UVN9	731
negative	Q9VBC7	654
negative	Q9VDC6	879
negative	Q9VER6	628
negative	Q9VFC2	427
negative	Q9VFD5	664
negative	Q9VLR9	370
negative	Q9VLU4	536
negative	Q9VQN8	523
negative	Q9VT50	154
negative	Q9VT51	137
negative	Q9VT53	134
negative	Q9VTZ5	819
negative	Q9VUW9	637
negative	Q9VVA0	143
negative	Q9VVW1	386
negative	Q9VXF1	584
negative	Q9W6K1	711
negative	Q9W770	802
negative	Q9W7C5	212
negative	Q9W7R2	115
negative	Q9WTR0	607
negative	Q9WUK0	128
negative	Q9WUK4	349
negative	Q9WV41	188
negative	Q9WV72	525
negative	Q9WV74	336
negative	Q9WV86	491
negative	Q9WVG5	500
negative	Q9WVH6	509
negative	Q9WZ49	610
negative	Q9XFS7	118
negative	Q9XGM2	720
negative	Q9XHP1	148
negative	Q9XS65	191
negative	Q9XSZ5	469
negative	Q9XTA8	274
negative	Q9XTG1	798
negative	Q9XW79	333
negative	Q9Y0B7	305
negative	Q9Y240	323
negative	Q9Y264	503
negative	Q9Y276	419
negative	Q9Y2G4	727
negative	Q9Y2V2	147
negative	Q9Y2Y8	225
negative	Q9Y4W6	797
negative	Q9Y534	153
negative	Q9Y575	518
negative	Q9Y581	213
negative	Q9Y5Q6	135
negative	Q9Y5R2	645
negative	Q9Y6Z7	277
negative	Q9Y749	397
negative	Q9Y755	457
negative	Q9Y778	404
negative	Q9YGH2	149
negative	Q9YGK3	127
negative	Q9Z0H6	137
negative	Q9Z0K7	110
negative	Q9Z0M5	397
negative	Q9Z132	265
negative	Q9Z1I7	167
negative	Q9Z1N2	840
negative	Q9Z1P8	410
negative	Q9Z1Q2	558
negative	Q9Z1T2	963
negative	Q9Z205	269
negative	Q9Z2F6	448
negative	Q9Z2G0	627
negative	Q9Z2G1	654
negative	Q9Z2X2	231
negative	Q9Z2X3	231
negative	Q9Z395	104
negative	Q9Z3Q2	465
negative	Q9ZCP9	70
negative	Q9ZFH0	874
negative	Q9ZNS4	161
negative	Q9ZNT0	435
negative	Q9ZPW9	116
negative	Q9ZQR6	407
negative	Q9ZSB0	756
negative	Q9ZSB1	759
negative	Q9ZUF6	754
negative	Q9ZUJ5	360
negative	Q9ZUK6	123
negative	Q9ZW09	627
negative	R4IR27	388
negative	S0DPL8	389
negative	S2L5R8	390
negative	S5ZYD3	151
positive	U5L3M6	37
negative	V5H924	140
negative	W0IWL0	342
negative	W0T4A7	363
positive	W4VRX8	88
negative	W7K9M0	688
negative	W7MSI0	546
